id,brand_id,category_id,subcategory_id,name_en,name_ar,model,slug,price,discount_price,description_en,description_ar,specifications_en,specifications_ar,images,active,created_at,updated_at
3,9,4,63,Santos Juicers,سانتوس عصارات,santos,santos-juicer-santos-3,0.00,,"Commercial juicer adapted to intensive use thanks to its powerful induction motor and its high output.

Perfect filtration: large basket with very fine sieve (0.5 mm / 0.02'') offering a high quality juice.
Maximum juice extraction: excellent yield.
Extra wide feeding chute (79.5 mm): no need to cut apples, carrots, tomatoes...
Silent: perfect to make juice in front of the customer.
Safety: Electric cut off and motor braking stopping the basket when opening the handle.
Exclusive Ezy-clean™ system: Removable bowl, basket and cover (no tool needed).
Spout height: 200 mm (8.6""), to make juice in glasses, jugs, and blender jars.
Output: 100 l/h","عصارة تجارية مصممة للاستخدام المكثف بفضل محركها التعريفي القوي وعائدها العالي. ترشيح ممتاز: سلة كبيرة مع منخل دقيق جدًا (0.5 مم / 0.02'') تقدم عصيرًا عالي الجودة. استخراج عصير بأقصى كفاءة: عائد ممتاز. فتحة تغذية واسعة للغاية (79.5 مم): لا حاجة لتقطيع التفاح، والجزر، والطماطم... هادئة: مثالية لصنع العصير أمام العملاء. الأمان: قطع كهربائي وكبح محرك عند فتح المقبض. نظام Ezy-clean™ الحصري: وعاء وسلة وغطاء قابلون للإزالة (بدون الحاجة لأدوات). ارتفاع الفوهة: 200 مم (8.6"")، لصنع العصير في أكواب، أباريق، وجرار الخلاط. الإنتاجية: 100 لتر/ساعة",{},{},[],true,2024-06-11 15:40:39+00,2025-02-22 03:38:39+00
4,8,2,64,Hamilton Beach HBH 455,455 هاميلتون بيتش إتش بي إتش,Hbh 455,hamilton-beach-blender-hbh-455-4,0.00,,"Patented Wave~Action® system
Powerful 2.4 peak* Hp motor
Durable sealed switches and adjustable timer
Stackable 48 oz. / 1.4 L BPA-free co-polyester container
Durable metal drive coupling
Available in 120V
2 year warranty
Spec sheet
Interactive Digital Catalog","نظام Wave~Action® الحاصل على براءة اختراع محرك قوي بقوة 2.4 ذروة حصان مفاتيح متينة محكمة الغلق ومؤقت قابل للتعديل حاوية كوبوليستر قابلة للتكديس بسعة 48 أونصة / 1.4 لتر وخالية من BPA محول قيادة معدني متوفر بجهد 120 فولت ضمان لمدة سنتين الكتالوج التفاعلي الرقمي.
",{},{},[],true,2024-06-15 12:00:41+00,2025-12-08 13:04:47.773379+00
5,8,2,64,Hamilton Beach Hbf 1100,هاملتون بيتش كوميرشال كوليناري بليندر,Hbf 1100,hamilton-beach-blender-hbf-1100-5,0.00,,"Low profile design
Powerful 3.5 Hp motor
Lid Interlock indicator light
See-through lid with 120 ml/4 oz. dosing cup
Easy-to-Use Start/Stop Controls
Available in 120V
Lifetime warranty – blade and motor drive coupling
3 year warranty
Spec sheet
Interactive Digital Catalog",تصميم منخفض المحرك القوي بقوة 3.5 حصان ضوء مؤشر تداخل الغطاء غطاء شفاف مع كوب جرعة بسعة 120 مل/4 أونصات أدوات بدء/إيقاف سهلة الاستخدام متوفر بجهد 120 فولت ضمان مدى الحياة - للشفرة وآلية القيادة ضمان لمدة 3 سنوات الكتالوج التفاعلي الرقمي.,{},{},[],true,2024-06-25 11:56:49+00,2025-12-08 13:04:47.773379+00
6,8,2,64,Hamilton Beach Hbf 510,هاملتون بيتش كوميرشال كوليناري بليندر,Hbf 510,hamilton-beach-blender-hbf-510-6,0.00,,"Powerful 2.4 peak* Hp motor
Lid open sensor
Jar alignment sensor
1.4 L /48oz break-resistant BPA-free co-polyester jar
Durable metal drive coupling
High-strength stainless steel blades
118 ml / 4 oz. dosing cup
Available in 230V
2 year warranty
Spec sheet
SKU variants include: HBF510-CE; HBF510-UK
Interactive Digital Catalog","محرك قوي بقوة 2.4 ذروة حصان مستشعر فتح الغطاء مستشعر محاذاة الجرة وعاء كوبوليستر 1.4 لتر / 48 أونصة مقاوم للكسر وخالٍ من BPA محول قيادة معدني قوي شفرات من الفولاذ المقاوم للصدأ عالية القوة كوب جرعة 118 مل / 4 أونصات متوفر بجهد 230 فولت ضمان لمدة سنتين الكتالوج التفاعلي الرقمي SKU المتنوعة تشمل: HBF510-CE; HBF510-UK
",{},{},[],true,2024-06-25 13:45:34+00,2025-12-08 13:04:47.773379+00
8,8,2,64,Hamilton Beach HBB 255,هاملتون بيتش كوميرشال كوليناري بليندر,HBB 255,hamilton-beach-blender-hbb-255-8,0.00,,"Patented Wave~Action® system
1.6 peak Hp*
Durable stainless steel blades
Lid open and jar pad sensor for safety
Sealed paddle switches are water resistant and easy to use
1.4L /48oz break-resistant BPA-free co-polyester jar
Available 0.95L / 32 Oz Stainless Steel Jar
Durable metal drive coupling
Available in 230V
2 year warranty
Spec sheet
SKU variants include: HBB255-CE; HBB255-UK; HBB255-SA; HBB255-AU
Interactive Digital Catalog",نظام Wave~Action® الحاصل على براءة اختراع شفرات من الفولاذ المقاوم للصدأ القوي غطاء مفتوح ومستشعر وسادة الجرة للأمان مفاتيح محكمة الإغلاق مقاومة للماء وسهلة الاستخدام جرة من الكوبوليستر الخالي من BPA بسعة 1.4 لتر / 48 أونصة مقاومة للكسر متوفرة بوعاء من الفولاذ المقاوم للصدأ سعة 0.95 لتر / 32 أونصة كوبلاينغ معدني متين متوفر بجهد 230 فولت ضمان لمدة سنتين الكتالوج التفاعلي الرقمي.,{},{},[],true,2024-06-25 14:03:13+00,2025-12-08 13:04:47.773379+00
10,8,2,64,Hamilton Beach HBH 755,هاملتون بيتش كوميرشال كوليناري بليندر,HBH 755,hamilton-beach-blender-hbh-755-10,4200.00,,"QuietBlend™ technology dramatically reduces noise levels
Powerful 3 peak* Hp motor
64 oz / 2 L Wave~Action® container
Available in both 120V and 230V
3 year warranty
Spec sheet
Interactive Digital Catalog",تقنية QuietBlend™ تقلل من مستويات الضوضاء بشكل كبير محرك قوي بقدرة 3 ذروة حصان* وعاء Wave~Action® بسعة 64 أونصة / 2 لتر متوفر بجهدين كهربائيين 120 فولت و230 فولت ضمان لمدة 3 سنوات الكتالوج التفاعلي الرقمي.,{},{},[],true,2024-06-25 14:12:39+00,2025-12-08 13:04:47.773379+00
11,8,2,64,Hamilton Beach HBH 855,855 هاميلتون بيتش إتش بي إتش,HBH 855,hamilton-beach-blender-hbh-855-11,4350.00,,"Blend your toughest recipes with PowerBlend
Ultra-quiet blending with advanced QuietBlend™ technology
One touch to perfect consistency with Auto Blend
Intuitive touchpad with optimized programming
Stackable 48 oz. / 1.4 L copolyester container
Easy-to-use Quiet Shield™ sound enclosure
Durable hybrid drive coupling
Loaded with 36 cycles in 11 languages
Available in 120V and 230V
3 year parts and labor warranty
Lifetime blade warranty
NSF Certified
Spec sheet
SKU variants include: HBH855-CE; HBH855-UK; HBH855-CN
Interactive Digital Catalog
","اخلط أصعب الوصفات مع PowerBlend خلط هادئ للغاية مع تقنية QuietBlend™ المتقدمة لمسة واحدة للوصول إلى الاتساق المثالي مع Auto Blend لوحة لمس بديهية مع برمجة محسّنة وعاء قابل للتكديس 48 أوقية / 1.4 لتر من الكوبوليستر سهل الاستخدام مع غطاء Quiet Shield™ لعزل الصوت كوبلاينغ متين مختلط ضمان 3 سنوات للأجزاء والعمل ضمان مدى الحياة للشفرات معتمد من NSF يتوفر في 120 فولت و230 فولت مواصفات SKU تشمل: HBH855-CE; HBH855-UK; HBH855-CN الكتالوج التفاعلي الرقمي.
",{},{},[],true,2024-06-25 14:18:20+00,2025-12-08 13:04:47.773379+00
21,25,2,48,Imperial,إمبريال,IR-4-N,imperial-cooking-ranges-ir-4-n-21,0.00,,"Linear burner provides even heating throughout the oven.
Space Saver output is 27,000 BTU (8KW)
Unique burner baffle distributes heat flow to provide even temperatures throughout the oven cavity.
Exclusive heat deflector reflects heat into the oven, not the floor. 100% safety pilot.
Space Saver interior is 20 w x 26 d x 14 h (508 w x 660 d x 356 h mm) and accommodates 18 x 26 (457 x 660 mm) sheet pans left-to-right and front-to-back.
Porcelainized sides, rear, deck and door lining for easy cleaning. Heavy duty door hinge.
Stamped inner door liner provides extra strength while optimizing heat retention.
One chrome oven rack is included.","\يوفر الموقد الشريطي تسخينًا متساويًا في جميع أنحاء الفرن. الإنتاج الموفر للمساحة هو 27,000 وحدة حرارية بريطانية (8 كيلو واط). يقوم حاجز الموقد الفريد بتوزيع تدفق الحرارة لتوفير درجات حرارة متساوية في جميع أنحاء تجويف الفرن. يعكس عاكس الحرارة الحصري الحرارة إلى داخل الفرن بدلاً من الأرضية. يتميز الطيار بالأمان بنسبة 100%. يوفر الجزء الداخلي الموفر للمساحة أبعاد 20 بوصة عرض × 26 بوصة عمق × 14 بوصة ارتفاع (508 و660 و356 ملم) ويمكنه استيعاب أواني الخبز مقاس 18 بوصة × 26 بوصة (457 و660 ملم) بوضعيات متعددة. الأجناب والخلفية والقاع والباب مبطنة بالبورسلين لسهولة التنظيف. يتميز بمفصل باب ثقيل. توفر بطانة الباب الداخلية المختومة قوة إضافية مع تحسين احتفاظ الحرارة. يحتوي على رف فرن مطلي بالكروم واحد.",{},{},[],true,2024-09-12 16:58:47+00,2025-02-22 03:38:39+00
22,25,2,48,Imperial,إمبريال,IR-6-LP,imperial-cooking-ranges-ir-6-lp-22,0.00,,"This unit also features a 26 1/2"" oven base with one chrome oven rack, for all your baking and warming needs. The oven has a 35,000 BTU output and is operated by durable, cast aluminum controls with heat protection grips. A unique baffle is situated above the heating element to keep cooking temperatures even throughout the oven, while an exclusive heat deflector directs the heat toward your products. The oven has a porcelainized interior for easy cleaning, as well as a porcelainized, stamped, inner door liner for excellent heat retention. Standard 18"" x 26"" sheet pans will fit in this oven in a left-to-right or front-to-back position.

Boasting a stainless steel exterior with welded, polished, stainless steel seams, this unit provides outstanding durability in your busy, commercial establishment. The large, 3 1/2"" landing edge also offers space for convenient plating and adding finishing touches to your dishes. This unit is complete with sturdy, stainless steel, 6"" adjustable legs. This unit requires a liquid propane connection for operation.
","تتميز هذه الوحدة أيضًا بقاعدة فرن مقاس 26.5 بوصة مع رف فرن مطلي بالكروم لتلبية جميع احتياجاتك في الخبز والتسخين. يوفر الفرن قدرة حرارية تبلغ 35,000 وحدة حرارية بريطانية ويتم تشغيله بواسطة أدوات تحكم مصنوعة من الألومنيوم المصبوب المتين مع مقابض مقاومة للحرارة. يحتوي الفرن على حاجز فريد فوق عنصر التسخين للحفاظ على درجات حرارة طهي متساوية في جميع أنحاء الفرن، بينما يقوم عاكس الحرارة الحصري بتوجيه الحرارة نحو منتجاتك. الفرن مبطن بالبورسلين لسهولة التنظيف، بالإضافة إلى بطانة باب داخلية مختومة لتحسين احتفاظ الحرارة. تستوعب الأفران المقاسات القياسية 18"" x 26"" من أواني الخبز بوضعيات مختلفة. يتميز هذا الجهاز بهيكل خارجي من الفولاذ المقاوم للصدأ مع وصلات ملحومة وملمعة من الفولاذ المقاوم للصدأ، مما يوفر متانة فائقة في مؤسستك التجارية المزدحمة. كما توفر الحافة الكبيرة بمقاس 3.5 بوصة مساحة لتسهيل تقديم الأطباق. تأتي هذه الوحدة بأرجل متينة من الفولاذ المقاوم للصدأ قابلة للتعديل بارتفاع 6 بوصات. تتطلب الوحدة اتصال غاز البروبان السائل للتشغيل.
",{},{},[],true,2024-09-12 17:01:21+00,2025-02-22 03:38:39+00
25,25,2,48,Imperial,إمبريال,IFS-40-LP,imperial-cooking-ranges-ifs-40-lp-25,0.00,,"A large cold zone and mesh crumb screen help to collect and remove debris from the fry area and maintain oil quality, reducing flavor transfer. The fryer's recessed bottom and 1 1/4"" port full drain valve also allow for easier cleaning and maintenance. To keep your establishment sanitary and safe, A full heat-shield located behind the control panel to prevent grease splashback.

With a 40 lb. capacity, a 304 stainless steel frypot with radius-formed edges, and a stainless steel exterior, this fryer is sure to stand up to the daily demands of your busy commercial kitchen. The tube joint sections are precision welded to the frypot, for added safety and durability. Plus, a durable stainless steel, double-panel door protects the fryer's interior parts and allows for convenient access during maintenance or repairs.

Manufacturer	Imperial
SKU	IFS-40-LP
Condition	New
Length (in.)	15.50
Depth (in.)	30.5
Height (in.)	44.25
Approval	CSA Flame, CSA Star, NSF, CE
Total BTU	105000
Number of Burners	3 Burners","تساعد منطقة التبريد الكبيرة وشبكة تجميع الفتات في جمع وإزالة الحطام من منطقة القلي والحفاظ على جودة الزيت، مما يقلل من انتقال النكهة. يساعد قاع المقلاة المتراجع وصمام التصريف الكامل مقاس 1 1/4"" على تسهيل عملية التنظيف والصيانة. للحفاظ على نظافة وأمان المكان، توجد درع حرارية كاملة خلف لوحة التحكم لمنع ارتداد الشحوم. بقدرة تحمل تصل إلى 40 رطلاً، وحوض قلي من الفولاذ المقاوم للصدأ 304 مع حواف مشكّلة، وهيكل خارجي من الفولاذ المقاوم للصدأ، تم تصميم هذه المقلاة لتلبية متطلبات مطبخك التجاري اليومي. تم لحام الأجزاء المشتركة للأنابيب بدقة في حوض القلي، مما يزيد من الأمان والمتانة. بالإضافة إلى ذلك، توفر الباب الفولاذي المقاوم للصدأ ذو اللوحين حماية للأجزاء الداخلية للمقلاة ويسمح بالوصول السهل أثناء الصيانة أو الإصلاحات.",{},{},[],true,2024-09-12 17:18:42+00,2025-02-22 03:38:39+00
30,25,2,48,Imperial,إمبريال,IMGA-2428-N,imperial-cooking-ranges-imga-2428-n-30,0.00,,"The steel construction provides the unit with excellent heat retention and quick recovery, ensuring your products will be cooked to perfection. The aeration baffles between the 2 burners spreads heat evenly across the plate, while a full width rear flue also helps to uniformly distribute heat across the surface. The burners are individually controlled by manual controls knobs with adjustable gas valves and continuous pilot lights for instant ignition. Plus, the knobs are cast aluminum with heat protection grips for safe use.

The durable stainless steel exterior and one-piece rolled ledge make for easy cleaning, and the 4"" grease gutter and removable 1 gallon grease can maintain sanitary conditions. Complete with 4"" stainless steel legs, this unit can be easily placed on an equipment stand or refrigerated base. A natural gas connection is required for operation.

Overall Dimensions:
Width: 24""
Depth: 32 3/8""
Height: 14""

Cooking Surface Dimensions:
Width: 24""
Depth: 24""
","توفر البنية الفولاذية للجهاز احتفاظًا ممتازًا بالحرارة واستعادة سريعة، مما يضمن طهي منتجاتك على أكمل وجه. يعمل حواجز التهوية بين الشعلتين على توزيع الحرارة بالتساوي عبر الصفيحة، في حين يساعد المدخنة الخلفية بعرض كامل أيضًا على توزيع الحرارة بالتساوي عبر السطح. يتم التحكم في الشعلات بشكل فردي بواسطة مقابض التحكم اليدوية بصمامات غاز قابلة للتعديل وأضواء تجريبية مستمرة للإشعال الفوري. بالإضافة إلى ذلك، المقابض مصنوعة من الألومنيوم المصبوب مع مقابض حماية من الحرارة للاستخدام الآمن. يسهل التنظيف بفضل الهيكل الخارجي المتين من الفولاذ المقاوم للصدأ والحافة الدائرية المكونة من قطعة واحدة، ويتم الحفاظ على النظافة باستخدام ميزاب شحم بطول 4 بوصات وعلبة شحم قابلة للإزالة بسعة 1 جالون. تكتمل الوحدة بأرجل من الفولاذ المقاوم للصدأ بارتفاع 4 بوصات ويمكن وضعها بسهولة على قاعدة معدات أو قاعدة مبردة. يتطلب التشغيل توصيلًا بالغاز الطبيعي. الأبعاد الكلية: العرض: 24 بوصة، العمق: 32 3/8 بوصة، الارتفاع: 14 بوصة. أبعاد سطح الطهي: العرض: 24 بوصة، العمق: 24 بوصة.
",{},{},[],true,2024-09-12 18:11:04+00,2025-02-22 03:38:39+00
31,25,2,48,Imperial,إمبريال,IMGA-3628-N,imperial-cooking-ranges-imga-3628-n-31,0.00,,"Thick, highly polished steel plate holds temperature and has a quick recovery.
Two plate thickness available, 3/4"" (19 mm) and 1"" (25 mm) for models with (-1) suffix.
Full 24"" (610 mm) plate depth for more cooking surface.
Surface is ideal for a large range of menu items.
Optional chrome and grooved griddle top are available as an option.
Grease Maintenance and Exterior
Stainless steel grease gutter is 4"" (102 mm) wide.
Large 1 gal (3.8 L) capacity grease can has a weep hole to indicate when full.
Grease can removes easily.
Stainless steel front, sides, splash guard, and ledge.
Stainless steel ledge is one piece rolled for cleaning convenience.
Range match profile when placed on a refrigerated base or equipment stand.
Control knobs are cast aluminum with a vylox heat protection grip.
4"" (102 mm) stainless steel legs are included.
One year parts and labor warranty.",صفيحة فولاذية سميكة ومصقولة تحتفظ بالحرارة وتستعيدها بسرعة. متوفرة بسمك صفيحة 3/4 بوصة (19 ملم) و1 بوصة (25 ملم) للطرازات ذات اللاحقة (-1). بعمق كامل يبلغ 24 بوصة (610 ملم) لتوفير مساحة طهي أكبر. السطح مثالي لمجموعة واسعة من عناصر القائمة. يتوفر سطح شواية مطلي بالكروم ومحزز كخيار. صيانة الشحوم والخارجية: قناة شحوم من الفولاذ المقاوم للصدأ بعرض 4 بوصات (102 ملم). عبوة شحوم بسعة 1 جالون (3.8 لتر) مع ثقب للتنبيه عندما تكون ممتلئة. عبوة الشحوم سهلة الإزالة. الأمام والجوانب والواقية من الرذاذ والرف الأمامي من الفولاذ المقاوم للصدأ. الرف الأمامي من الفولاذ المقاوم للصدأ عبارة عن قطعة واحدة دائرية لسهولة التنظيف. يتناسب الملف الشخصي مع الثلاجات الأساسية أو أرفف المعدات. مقابض التحكم مصنوعة من الألومنيوم المصبوب مع قبضة حماية من الحرارة Vylox. أرجل من الفولاذ المقاوم للصدأ بارتفاع 4 بوصات (102 ملم) متضمنة. ضمان لمدة سنة لقطع الغيار والعمل.,{},{},[],true,2024-09-12 18:13:54+00,2025-02-22 03:38:39+00
44,27,3,54,PizzaMaster,بيتزا ماستر,PM 732ED,pizzamaster-ovens-pm-732ed-44,0.00,,"High Temperature 700 Degrees Fahrenheit
Extreme Temperature 932 Degrees Fahrenheit Optional
Special Clay Hearthstone
Unique Scandinavian Design
“Extra” is Standard
Smart Unique Options
International Certificates

Power KW: 9.5

Placement
Oven must be installed with a clearance of 50 mm / 2 in towards all sides.

Electrical
For wire dimension (mm2/AWG) see ovens connecting terminal and/or the manual.

IMPORTANT!

All installations and services must comply to local and national codes and be carried
out by qualified servicers and electricians only.

“PLEASE NOTE” IF NOT IN STOCK PLEASE ALLOW 6 to 8 WEEKS FOR DELIVERY","درجة حرارة عالية 700 درجة فهرنهايت، درجة حرارة قصوى 932 درجة فهرنهايت. خيار حجر الطين الخاص متاح. تصميم اسكندنافي فريد. ""الإضافي"" هو المعيار. خيارات ذكية فريدة. شهادات دولية. الطاقة: 9.5 كيلوواط. التركيب: يجب تركيب الفرن بترك مساحة 50 مم / 2 بوصة من جميع الجوانب. الكهرباء: لمزيد من المعلومات حول قطر السلك (mm2/AWG) انظر محطة التوصيل الخاصة بالفرن و/أو الدليل. هام! يجب أن تتوافق جميع عمليات التركيب والصيانة مع القوانين المحلية والوطنية وأن يتم تنفيذها بواسطة فنيين وكهربائيين مؤهلين فقط. ""يرجى ملاحظة"" في حالة عدم توفر المنتج، يرجى الانتظار من 6 إلى 8 أسابيع للتسليم.
",{},{},[],true,2024-09-13 02:47:01+00,2025-02-22 03:38:39+00
45,27,3,54,PizzaMaster,بيتزا ماستر,PM 351ED-1,pizzamaster-ovens-pm-351ed-1-45,0.00,,"High Temperature 700 Degrees Fahrenheit 
Extreme Temperature 932 Degrees Fahrenheit Optional
Special Clay Hearthstone
Unique Scandinavian Design
“Extra” is Standard
Smart Unique Options
International Certificates
External dimensions: 23.4 x 21.5 x 19.7

Inernal dimensions: 14 x 14 Single Deck with extra shelf

Separate decks per oven: 1

Hearthstones per oven: 2

Power KW: 3.35

Placement:
Oven must be installed with a clearance of 50 mm / 2 in towards all sides.

Electrical
For wire dimension (mm2/AWG) see ovens connecting terminal and/or the manual.","درجة حرارة عالية 700 درجة فهرنهايت، درجة حرارة قصوى 932 درجة فهرنهايت. خيار حجر الطين الخاص متاح. تصميم اسكندنافي فريد. ""الإضافي"" هو المعيار. خيارات ذكية فريدة. شهادات دولية. الأبعاد الخارجية: 23.4 بوصة × 21.5 بوصة × 19.7 بوصة. الأبعاد الداخلية: 14 بوصة × 14 بوصة. سطح فردي مع رف إضافي. عدد الأسطح لكل فرن: 1. عدد حجرات الفرن: 2. الطاقة: 3.35 كيلوواط. التركيب: يجب تركيب الفرن بترك مساحة 50 مم / 2 بوصة من جميع الجوانب. الكهرباء: لمزيد من المعلومات حول قطر السلك (mm2/AWG) انظر محطة التوصيل الخاصة بالفرن و/أو الدليل.
",{},{},[],true,2024-09-13 02:51:59+00,2025-02-22 03:38:39+00
46,27,3,54,PizzaMaster,PizzaMaster,PM 352ED-2,pizzamaster-ovens-pm-352ed-2-46,0.00,,"High Temperature 700 Degrees Fahrenheit
Extreme Temperature 932 Degrees Fahrenheit Optional
Special Clay Hearthstone
Unique Scandinavian Design
“Extra” is Standard
Smart Unique Options
International Certificates
External dimensions: 23.4 x 21.5 x 31.5

Internal Dimentions: 14 x 14 Double Deck with 2 Extra Shelves

Separate decks per oven: 1

Hearthstones per oven: 4

Power KW: 6.70

Placement:
Oven must be installed with a clearance of 50 mm / 2 in towards all sides.

Electrical
For wire dimension (mm2/AWG) see ovens connecting terminal and/or the manual.","درجة حرارة عالية 700 درجة فهرنهايت، درجة حرارة قصوى 932 درجة فهرنهايت. خيار حجر الطين الخاص متاح. تصميم اسكندنافي فريد. ""الإضافي"" هو المعيار. خيارات ذكية فريدة. شهادات دولية. الأبعاد الخارجية: 23.4 بوصة × 21.5 بوصة × 31.5 بوصة. الأبعاد الداخلية: 14 بوصة × 14 بوصة. سطح مزدوج مع رفوف إضافية (2). عدد الأسطح لكل فرن: 1. عدد حجرات الفرن: 4. الطاقة: 6.70 كيلوواط. التركيب: يجب تركيب الفرن بترك مساحة 50 مم / 2 بوصة من جميع الجوانب. الكهرباء: لمزيد من المعلومات حول قطر السلك (mm2/AWG) انظر محطة التوصيل الخاصة بالفرن و/أو الدليل.",{},{},[],true,2024-09-13 03:09:50+00,2025-02-22 03:38:39+00
49,27,3,54,PizzaMaster,بيتزا ماستر,PM 402ED-1,pizzamaster-ovens-pm-402ed-1-49,0.00,,"High Temperature 700 Degrees Fahrenheit
Extreme Temperature 932 Degrees Fahrenheit Optional
Special Clay Hearthstone
Unique Scandinavian Design
“Extra” is Standard
Smart Unique Options
International Certificates
External dimensions: 25.6 x 23.6 x 31.5

Internal dimentions: 16 x 16 Double Deck with Extra Shelf

Separate decks per oven: 2

Hearthstones per oven: 3

Power KW: 7.60

Placement
Oven must be installed with a clearance of 50 mm / 2 in towards all sides.

Electrical
For wire dimension (mm2/AWG) see ovens connecting terminal and/or the manual.","درجة حرارة عالية 700 درجة فهرنهايت، درجة حرارة قصوى 932 درجة فهرنهايت. خيار حجر الطين الخاص متاح. تصميم اسكندنافي فريد. ""الإضافي"" هو المعيار. خيارات ذكية فريدة. شهادات دولية. الأبعاد الخارجية: 25.6 بوصة × 23.6 بوصة × 31.5 بوصة. الأبعاد الداخلية: 16 بوصة × 16 بوصة. سطح مزدوج مع رف إضافي. عدد الأسطح لكل فرن: 2. عدد حجرات الفرن: 3. الطاقة: 7.60 كيلوواط. التركيب: يجب تركيب الفرن بترك مساحة 50 مم / 2 بوصة من جميع الجوانب. الكهرباء: لمزيد من المعلومات حول قطر السلك (mm2/AWG) انظر محطة التوصيل الخاصة بالفرن و/أو الدليل.
",{},{},[],true,2024-09-13 03:18:49+00,2025-02-22 03:38:39+00
199,30,2,50,Counter Cooler  2D 70 mm   G250HC-304,مبرد طاولة - 2 باب G250HC-304,Counter Cooler  2D 70 mm   G250HC-304,klimasan--category-counter-cooler--2d-70-mm---g250hc-304-199,0.00,,"The Counter Cooler 2D 70 mm (Model: G250HC-304) is a high-performance commercial cooling unit designed for food service operations. It features a compact design, with a width of 70 mm, making it ideal for installation in kitchens with limited counter space. The cooler is constructed from high-grade stainless steel (type 304), ensuring durability, resistance to corrosion, and easy maintenance.","يعد مبرد الطاولة G250HC-304 ذو بابين وحدة تبريد تجارية عالية الأداء مصممة لعمليات تقديم الطعام. يتميز بتصميم مضغوط بعرض 70 مم، مما يجعله مثاليًا للتركيب في المطابخ ذات المساحة المحدودة. المبرد مصنوع من الفولاذ المقاوم للصدأ عالي الجودة (نوع 304)، لضمان المتانة ومقاومة التآكل وسهولة الصيانة.
",{},{},[],true,2024-10-21 13:10:05+00,2025-02-22 03:38:39+00
200,30,2,50,DD Freezer 80  mm G1600VF- 304,فريزر DD Freezer 80 مم G1600VF-304,DD Freezer 80  mm G1600VF- 304,klimasan--category-dd-freezer-80--mm-g1600vf--304-200,0.00,,"Model: G1600VF-304
Type: Deep Freezer
Width: 80 mm
Material: High-quality stainless steel (type 304), providing excellent durability, corrosion resistance, and easy cleaning.
Temperature Range: Capable of maintaining extremely low temperatures for optimal food preservation.
Cooling System: Equipped with a powerful compressor for rapid cooling and consistent temperature maintenance.
Energy Efficiency: Designed for low energy consumption, contributing to reduced operating costs.
Application: Ideal for commercial kitchens, restaurants, cafes, and other food service establishments requiring reliable frozen storage.
Storage Capacity: Suitable for storing various frozen foods, ingredients, and other perishable items.","الطراز: G1600VF-304
النوع: فريزر عميق
العرض: 80 مم
المادة: فولاذ مقاوم للصدأ عالي الجودة (نوع 304)، يوفر متانة عالية ومقاومة للتآكل وسهولة في التنظيف.
نظام التبريد: مزود بضاغط قوي لتبريد سريع والحفاظ على درجة الحرارة بشكل متسق.
نطاق درجة الحرارة: قادر على الحفاظ على درجات حرارة منخفضة للغاية لتخزين الطعام المثالي.
كفاءة الطاقة: مصمم لاستهلاك منخفض للطاقة مما يساهم في تقليل تكاليف التشغيل.
التطبيق: مثالي للمطابخ التجارية والمطاعم والمقاهي وأماكن تقديم الطعام الأخرى التي تتطلب تخزينًا موثوقًا للمواد المجمدة.
سعة التخزين: مناسب لتخزين مختلف الأطعمة المجمدة والمكونات وغيرها من المواد القابلة للتلف.

",{},{},[],true,2024-10-21 13:18:44+00,2025-02-22 03:38:39+00
201,30,2,50,Counter Cooler  3D 70 mm   G350HC-304,مبرد طاولة - 3 أبواب G350HC-304,Counter Cooler  3D 70 mm   G350HC-304,klimasan--category-counter-cooler--3d-70-mm---g350hc-304-201,0.00,,"Model: G350HC-304
Type: Counter Cooler with three doors (3D)
Width: 70 mm
Material: Made from high-quality stainless steel (type 304), ensuring excellent durability, resistance to corrosion, and easy cleaning.
Cooling System: Advanced cooling technology for uniform temperature distribution to keep food and beverages fresh.
Temperature Range: Optimized to maintain a consistent temperature range suitable for chilled storage.
Energy Efficiency: Designed for energy-saving performance, reducing power consumption without compromising cooling efficiency.
Application: Suitable for commercial kitchens, restaurants, cafes, and other food service establishments requiring efficient counter storage.
Storage Capacity: Three-door design provides ample space for storing a variety of perishable items, ingredients, and beverages","الطراز: G350HC-304
النوع: مبرد طاولة بثلاثة أبواب (3D)
العرض: 70 مم
المادة: مصنوع من الفولاذ المقاوم للصدأ عالي الجودة (نوع 304)، مما يوفر متانة ممتازة، مقاومة للتآكل، وسهولة التنظيف.
نظام التبريد: تكنولوجيا تبريد متقدمة لتوزيع درجة حرارة متساوي، مما يحافظ على طزاجة الطعام والمشروبات.
نطاق درجة الحرارة: مصمم للحفاظ على نطاق درجة حرارة ثابت مناسب للتخزين المبرد.
كفاءة الطاقة: مصمم للأداء الموفّر للطاقة، مما يقلل من استهلاك الكهرباء دون المساس بكفاءة التبريد.
التطبيق: مناسب للمطابخ التجارية، المطاعم، المقاهي، وأماكن تقديم الطعام الأخرى التي تتطلب تخزينًا فعالًا في الطاولات.
سعة التخزين: تصميم بثلاثة أبواب يوفر مساحة واسعة لتخزين مجموعة متنوعة من المنتجات القابلة للتلف والمكونات والمشروبات.",{},{},[],true,2024-10-21 13:22:48+00,2025-02-22 03:38:39+00
202,30,2,50,SD Cooler 80 mm   G800VC-304,SD Cooler 80 مم G800VC-304,SD Cooler 80 mm   G800VC-304,klimasan--category-sd-cooler-80-mm---g800vc-304-202,0.00,,"Model: G800VC-304
Type: Single Door (SD) Cooler
Width: 80 mm
Material: Constructed from high-grade stainless steel (type 304) for enhanced durability, corrosion resistance, and easy maintenance.
Cooling System: Equipped with an efficient cooling mechanism that ensures uniform temperature distribution to keep stored items fresh.
Temperature Range: Designed to maintain an optimal temperature range for chilled storage, ideal for perishable items.
Energy Efficiency: Engineered for low energy consumption, offering cost-effective operation without compromising performance.
Application: Perfect for commercial kitchens, restaurants, cafes, and other food service environments that require reliable cooling solutions.
Storage Capacity: Spacious interior designed to accommodate a variety of food products, beverages, and ingredients.","الطراز: G800VC-304
النوع: مبرد بباب واحد (SD)
العرض: 80 مم
المادة: مصنوع من الفولاذ المقاوم للصدأ عالي الجودة (نوع 304) لضمان المتانة العالية، مقاومة التآكل، وسهولة الصيانة.
نظام التبريد: مزود بآلية تبريد فعالة لضمان توزيع درجة حرارة موحدة للحفاظ على المنتجات المخزنة طازجة.
نطاق درجة الحرارة: مصمم للحفاظ على نطاق درجة حرارة مثالي للتخزين المبرد، مناسب للمنتجات القابلة للتلف.
كفاءة الطاقة: مصمم لاستهلاك منخفض للطاقة، مما يوفر تكلفة تشغيلية اقتصادية دون المساومة على الأداء.
التطبيق: مثالي للمطابخ التجارية، المطاعم، المقاهي، وأماكن تقديم الطعام الأخرى التي تتطلب حلول تبريد موثوقة.
سعة التخزين: تصميم داخلي فسيح لاستيعاب مجموعة متنوعة من المنتجات الغذائية والمشروبات والمكونات.

",{},{},[],true,2024-10-21 13:31:49+00,2025-02-22 03:38:39+00
203,30,9,80,S75,S75,S75,klimasan--supermarket-display-cabinet-s75-203,0.00,,"5 facing cans, 2 shelves, 1 vertical side LED, Hinged door, Frameless
glass, Self closing door, Black color- door frame, White inner and
Black outer body, Metallic inner body, R600a, Temp 0/+100C,
Electro-Mechanical controller, Uk plug, Price holders, Digital
Thermometer","5 علب على الرف، رفان، إضاءة LED جانبية، باب بمفصلات، زجاج بدون إطار، باب يغلق تلقائيًا، لون أسود - إطار الباب، هيكل داخلي أبيض وخارجي أسود، هيكل داخلي معدني، غاز R600a، درجة حرارة 0/+10 درجة مئوية، وحدة تحكم كهروميكانيكية، قابس بريطاني، حامل أسعار، مقياس حرارة رقمي
",{},{},[],true,2024-10-21 13:43:11+00,2025-02-22 03:38:39+00
204,30,9,80,S110 - Counter top Cooler,S110 - مبرد طاولة,S110 - Counter top Cooler,klimasan--supermarket-display-cabinet-s110---counter-top-cooler-204,0.00,,"6 facing cans, 2 shelves, 1 vertical side LED, Hinged door, Frameless
glass, Black color- door frame, White inner and Black outer body,
Metallic inner body, R600a, Temp 0/+100C, Mechanical controller,
Uk plug, Digital Thermometer, Embraco/Cubigel compressor,
Voltage 220-240/50hz, made in Turkey
Capacity : 143 Ltrs","6 علب على الرف، رفان، إضاءة LED جانبية، باب بمفصلات، زجاج بدون إطار، لون أسود - إطار الباب، هيكل داخلي أبيض وخارجي أسود، هيكل داخلي معدني، غاز R600a، درجة حرارة 0/+10 درجة مئوية، وحدة تحكم ميكانيكية، قابس بريطاني، مقياس حرارة رقمي، ضاغط Embraco/Cubigel، جهد كهربائي 220-240/50 هرتز، صنع في تركيا، السعة: 143 لتر

",{},{},[],true,2024-10-21 13:47:25+00,2025-02-22 03:38:39+00
205,30,9,80,S149-Counter top cooler,S149 - مبرد طاولة,S149-Counter top cooler,klimasan--supermarket-display-cabinet-s149-counter-top-cooler-205,0.00,,"Gross/Net Volume (lt)
External (WxDxH) (mm)
Internal (WxDxH) (mm)
Number of Shelves
Temperature Range
Ambient Condition
Refrigeration
Energy Class / Consumption
158/148
600x645x840
490x466x670
3
+1/+9
CC2
R600a
C/1,057 ; D/1,509 ; E/1,967 ; F/2,421 (kWh/day)","الحجم الإجمالي/الصافي (لتر): 158/148
الأبعاد الخارجية (عرضxعمقxارتفاع) (مم): 600x645x840
الأبعاد الداخلية (عرضxعمقxارتفاع) (مم): 490x466x670
عدد الرفوف: 3
نطاق درجة الحرارة: +1/+9 درجة مئوية
حالة البيئة: CC2
غاز التبريد: R600a
استهلاك الطاقة: C/1,057 ؛ D/1,509 ؛ E/1,967 ؛ F/2,421 (كيلوواط ساعة/اليوم)

",{},{},[],true,2024-10-21 13:55:22+00,2025-02-22 03:38:39+00
206,30,9,80,S220 Hinged - Back Bar Cooler,S220 Hinged - مبرد بار خلفي بأبواب بمفصلات,S220 Hinged - Back Bar Cooler,klimasan--supermarket-display-cabinet-s220-hinged---back-bar-cooler-206,0.00,,"12 facing per shelf (0.33 ml can), 2 shelves, 1x horizontal LED, Hinged
Door, self closing door, black door frame, metallic inner body, white
inner and Black outer body, Temperature 0/+100C, R600a, Uk plug,
Digital Thermometer , Embraco/Cubigel compressor, Voltage 220-
240/50hz, made in Turkey, Capacity : 223 Ltrs",12 علبة لكل رف (علب 0.33 مل)، رفان، إضاءة LED أفقية، باب بمفصلات، باب يغلق تلقائيًا، إطار باب أسود، هيكل داخلي معدني، هيكل داخلي أبيض وخارجي أسود، درجة حرارة 0/+10 درجة مئوية، غاز R600a، قابس بريطاني، مقياس حرارة رقمي، ضاغط Embraco/Cubigel، جهد كهربائي 220-240/50 هرتز، صنع في تركيا، السعة: 223 لتر,{},{},[],true,2024-10-21 13:58:11+00,2025-02-22 03:38:39+00
207,30,9,80,S220 Sliding - Back Bar cooler,S220 Sliding - مبرد بار خلفي بأبواب منزلقة,S220 Sliding - Back Bar cooler,klimasan--supermarket-display-cabinet-s220-sliding---back-bar-cooler-207,0.00,,"Gross/Net Volume (lt)
External (WxDxH) (mm)
Internal (WxDxH) (mm)
Facing (330 ml/500 ml)
Loading (330 ml/500 ml)
Number of Shelves
Temperature Range
Ambient Condition
Refrigeration
Energy Class / Consumption
218/193
888x504x886
797x338x751
12
302/151
2
+1/+9 °C
CC2
R600a
B/0,648 ; C/1,133 ; D/1,620 ; E/2,107 ; F/2,594 (kWh/day)","الحجم الإجمالي/الصافي (لتر): 218/193
الأبعاد الخارجية (عرضxعمقxارتفاع) (مم): 888x504x886
الأبعاد الداخلية (عرضxعمقxارتفاع) (مم): 797x338x751
التوجيه (علب 330 مل / 500 مل): 12
التحميل (علب 330 مل / 500 مل): 302/151
عدد الرفوف: 2
نطاق درجة الحرارة: +1/+9 درجة مئوية
حالة البيئة: CC2
استهلاك الطاقة: B/0.648 ؛ C/1.133 ؛ D/1.620 ؛ E/2.107 ؛ F/2.594 (كيلوواط ساعة/اليوم)

",{},{},[],true,2024-10-21 14:00:57+00,2025-02-22 03:38:39+00
208,30,9,80,S149 WIC- Wine Cooler,S149 WIC - مبرد للنبيذ,S149 WIC- Wine Cooler,klimasan--supermarket-display-cabinet-s149-wic--wine-cooler-208,0.00,,"R600 gas, mechanical thermostat, digital thermometer, 1 x
horizantol Led, plastic inner, 1 storage golden shelf, 1 golden display
shelf, black inner and Black outer body, black frame, Electronical
controller with digital display, Temperature +7/+20OC, UK plug,
adjustable feet, price holder, indoor usage, with door lock .made in
Turkey, Capacity : 158","غاز R600، ترموستات ميكانيكي، مقياس حرارة رقمي، إضاءة LED أفقية، هيكل داخلي بلاستيكي، رف تخزين ذهبي، رف عرض ذهبي، إطار أسود، هيكل داخلي وخارجي أسود، وحدة تحكم إلكترونية مع شاشة عرض رقمية، درجة حرارة +7/+20 درجة مئوية، قابس بريطاني، أقدام قابلة للتعديل، حامل أسعار، استخدام داخلي، مع قفل الباب، صنع في تركيا، السعة: 158 لتر
",{},{},[],true,2024-10-21 14:04:18+00,2025-02-22 03:38:39+00
209,30,9,80,D 372 WIC - Wine Cooler,D 372 WIC - مبرد للنبيذ,D 372 WIC - Wine Cooler,klimasan--supermarket-display-cabinet-d-372-wic---wine-cooler-209,0.00,,"5 facing cans, 5 wooden shelves, 2 display Golden shelves, 2x vertical
side LED,hinged door, fan switch, Standard Aluminum door , door
lock,self closing door, control panel, black door frame, inner and
outer body, plastic inner body type and front grid, R600a,
Electronical controller with digital display, Temperature +7/+20OC,
Adjustable feet, Uk plug , Embraco/Cubigel compressor, Voltage
220-240/50hz, made in Turkey, Capacity : 382","5 علب، 5 رفوف خشبية، 2 رف عرض ذهبي، إضاءة LED جانبية، باب بمفصلات، مروحة، باب ألومنيوم قياسي، قفل الباب، باب يغلق تلقائيًا، لوحة تحكم، إطار باب أسود، هيكل داخلي وخارجي بلاستيكي، غاز R600a، وحدة تحكم إلكترونية مع شاشة عرض رقمية، درجة حرارة +7/+20 درجة مئوية، أقدام قابلة للتعديل، قابس بريطاني، ضاغط Embraco/Cubigel، صنع في تركيا، السعة: 382 لتر

",{},{},[],true,2024-10-21 14:06:38+00,2025-02-22 03:38:39+00
210,30,9,80,OF 880 - Open Cooler,OF 880 - مبرد مفتوح,OF 880 - Open Cooler,klimasan--supermarket-display-cabinet-of-880---open-cooler-210,0.00,,"12 facing can per shelve, 4 shelves, 2 vertical sided LED, Canopy,
white inner body and grey outer body color, Metallic inner body
and front grid, R290, Temperature +2/+150C, Electronic + Digital
Display Controller, Uk plug, Adjustable feet, Price holders, Embraco
compressor, Voltage 220-240/50hz, made in Turkey
Capacity : 727 Ltrs","12 علبة لكل رف، 4 رفوف، إضاءة LED جانبية، مظلة، هيكل داخلي أبيض وهيكل خارجي رمادي، شبكة أمامية معدنية، غاز R290، درجة حرارة +2/+15 درجة مئوية، وحدة تحكم إلكترونية + عرض رقمي، قابس بريطاني، أقدام قابلة للتعديل، حاملات أسعار، ضاغط Embraco، صنع في تركيا، السعة: 727 لتر

",{},{},[],true,2024-10-21 14:12:43+00,2025-02-22 03:38:39+00
211,30,9,80,S225 with canopy - Slim Cooler (Black),S225 - مبرد نحيف مع مظلة (أسود),S225 with canopy - Slim Cooler (Black),klimasan--supermarket-display-cabinet-s225-with-canopy---slim-cooler-black-211,0.00,,"5 facing cans, 5+ bottom shelves, 1 vertical side LED, Hinged door,
Fan switch, Standard aluminum door, Door lock, Self closing door,
Black door - frame, Canopy & front grid, Canopy, White inner and
Black outer body, Metallic inner and front grid, R600a, Temperature
0/+100C, Electro-Mechanical controller, Uk plug, Price holders,
Digital Thermometer, Condition C
made in Turkey, Capacity : 221 Ltrs",5 علب لكل رف، 5+ رفوف سفلية، إضاءة LED جانبية، باب بمفصلات، مروحة، باب ألومنيوم قياسي، قفل الباب، باب يغلق تلقائيًا، إطار الباب أسود، مظلة سوداء، هيكل داخلي أبيض وهيكل خارجي أسود، الشبكة الأمامية معدنية، غاز R600a، درجة حرارة 0/+10 درجة مئوية، تحكم ميكانيكي، قابس بريطاني، حاملات أسعار، ميزان حرارة رقمي، صنع في تركيا، السعة: 221 لتر,{},{},[],true,2024-10-21 14:17:39+00,2025-02-22 03:38:39+00
212,30,9,80,S 320 SLIM WOC,S 320 SLIM WOC,S 320 SLIM WOC,klimasan--supermarket-display-cabinet-s-320-slim-woc-212,0.00,,"5 facing cans, 5+ bottom shelves, 1 vertical side LED, Hinged door,
Fan switch, Standard aluminum door, Door lock, Self closing door,
Black door frame & Black front grid, White inner and Black outer
body, Metallic inner and front grid, R600a, Temperature 0/+100C,
Mechanical controller, Uk plug, Made in Turkey, capacity : 348 Ltrs","5 facing cans, 5+ bottom shelves, 1 vertical side LED, Hinged door,
Fan switch, Standard aluminum door, Door lock, Self closing door,
Black door frame & Black front grid, White inner and Black outer
body, Metallic inner and front grid, R600a, Temperature 0/+100C,
Mechanical controller, Uk plug, Made in Turkey, capacity : 348 Ltrs",{},{},[],true,2024-10-21 14:26:31+00,2025-02-22 03:38:39+00
213,30,9,80,D 372 M4C -with Canopy Single Door cooler,S 320 SLIM - مبرد بدون ضاغط (WOC),D 372 M4C -with Canopy Single Door cooler,klimasan--supermarket-display-cabinet-d-372-m4c--with-canopy-single-door-cooler-213,0.00,,"7 facing can per shelve, 5 shelves, 1 vertical sided LED, Hinged Door,
fan switch, standard aluminum door, door lock, self closing door,
Black canopy, Black door frame, white inner and Black outer body
color, black color - canopy frame and front grid, R600a,
Temperature 0/+100C, Mechanical controller, uk plug,
Embraco/Cubigel compressor, Voltage 220-240/50hz,price holder,
digital thermometer, made in Turkey, Capacity : 382 Ltrs","5 علب لكل رف، 5+ رفوف سفلية، إضاءة LED جانبية، باب بمفصلات، مروحة، باب ألومنيوم قياسي، قفل الباب، باب يغلق تلقائيًا، إطار الباب أسود والشبكة الأمامية، هيكل داخلي أبيض وهيكل خارجي أسود، شبكة أمامية معدنية، غاز R600a، درجة حرارة 0/+10 درجة مئوية، تحكم ميكانيكي، قابس بريطاني، صنع في تركيا، السعة: 348 لتر
",{},{},[],true,2024-10-21 14:29:19+00,2025-02-22 03:38:39+00
214,30,9,80,D418 - Single door cooler,D418 - مبرد باب واحد,D418 - Single door cooler,klimasan--supermarket-display-cabinet-d418---single-door-cooler-214,0.00,,"7 facing cans, 5 shelves, 1 vertical side LED, Hinged door, Fan switch,
Standard aluminum door, Door lock, Self closing door, Canopy,
White inner and outer body, Black Color - frame, Canopy & front
grid, Plastic inner body & front grid, R600a , Temperature 0/+100C,
Mechanical controller, uk plug, Condition C, Price holders, digital
thermometer, wheels/Rollers, Embraco/Cubigel compressor, Voltage
220-240/50hz, made in Turkey, Capacity : 448 Ltrs","7 علب لكل رف، 5 رفوف، إضاءة LED جانبية، باب بمفصلات، مروحة، باب ألومنيوم قياسي، قفل الباب، باب يغلق تلقائيًا، مظلة، هيكل داخلي أبيض وهيكل خارجي أسود، إطار الباب أسود، الشبكة الأمامية من البلاستيك، غاز R600a، درجة حرارة 0/+10 درجة مئوية، تحكم ميكانيكي، قابس بريطاني، صنع في تركيا، السعة: 448 لتر

",{},{},[],true,2024-10-21 14:32:08+00,2025-02-22 03:38:39+00
215,30,9,80,S900 Sliding,S900 - مبرد بأبواب منزلقة,S900 Sliding,klimasan--supermarket-display-cabinet-s900-sliding-215,0.00,,"16 facing can per shelve, 4 +bottom shelves, 2 vertical sided LED,
Sliding 2 doors, Canopy, fan switch, standard aluminum door, door
lock, self-closing door, white inner and Black outer body color, black
color - canopy, frame and front grid, Metallic inner body and front
grid, R290, Temperature 0/+100C, Electronic + Digital Display
Controller, Uk plug, Price holders, Wheels,Embraco/Cubigel
compressor, Voltage 220-240/50hz, made in Turkey, condition C ,
Capacity : 852 Ltrs","16 علبة لكل رف، 4+ رفوف سفلية، إضاءة LED جانبية، أبواب منزلقة، مروحة، باب ألومنيوم قياسي، قفل الباب، باب يغلق تلقائيًا، إطار باب أسود، هيكل داخلي أبيض وهيكل خارجي أسود، شبكة أمامية معدنية، غاز R290، درجة حرارة 0/+10 درجة مئوية، وحدة تحكم إلكترونية + عرض رقمي، قابس بريطاني، حاملات أسعار، عجلات، صنع في تركيا، السعة: 852 لتر

",{},{},[],true,2024-10-21 14:36:09+00,2025-02-22 03:38:39+00
216,30,9,80,S 900 hinged,S 900 - مبرد باب مزدوج بمفصلات,S 900 hinged,klimasan--supermarket-display-cabinet-s-900-hinged-216,0.00,,"15 facing cans, 4+bottom shelves, 2 vertical side LED, Hinged 2 door,
Fan switch, Standard aluminum door, Door lock, Self closing door,
Canopy, Black door frame, White inner and Black outer body,
Metallic inner body type, Metallic front grid, R290 , Temperature
0/+100C, Electronic+ Digital Display controller, Price holders, Castors,
Uk Plug, made in Turkey, condition C , Capacity : 962 Ltrs",15 علبة لكل رف، 4+ رفوف سفلية، إضاءة LED جانبية، بابين بمفصلات، مروحة، باب ألومنيوم قياسي، قفل الباب، باب يغلق تلقائيًا، إطار باب أسود، هيكل داخلي أبيض، هيكل خارجي أسود، هيكل معدني داخلي، شبكة أمامية معدنية، غاز R290، درجة حرارة 0/+10 درجة مئوية، وحدة تحكم إلكترونية + عرض رقمي، حاملات أسعار، عجلات، قابس بريطاني، صنع في تركيا، السعة: 962 لتر,{},{},[],true,2024-10-21 14:40:18+00,2025-02-22 03:38:39+00
217,30,9,80,S 1300 sliding,S 1300 - مبرد بأبواب منزلقة,S 1300 sliding,klimasan--supermarket-display-cabinet-s-1300-sliding-217,0.00,,"16 facing can per shelve, 4 +bottom shelves, 2 vertical sided LED,
Sliding 2 doors, Canopy, fan switch, standard aluminum door, door
lock, self-closing door, white inner and Black outer body color, black
color - canopy, frame and front grid, Metallic inner body and front
grid, R290, Temperature 0/+100C, Electronic + Digital Display
Controller, Uk plug, Price holders, Wheels, Embraco/Cubigel
compressor, Voltage 220-240/50hz, made in Turkey, condition C ,
Capacity : 1230 Ltrs","16 علبة لكل رف، 4 + رفوف سفلية، إضاءة LED جانبية، أبواب منزلقة، مروحة، باب ألومنيوم قياسي، قفل الباب، باب يغلق تلقائيًا، إطار باب أسود وشبكة أمامية معدنية، غاز R290، درجة حرارة 0/+10 درجة مئوية، وحدة تحكم إلكترونية + عرض رقمي، قابس بريطاني، حاملات أسعار، عجلات، صنع في تركيا، السعة: 1230 لتر
",{},{},[],true,2024-10-21 14:44:05+00,2025-02-22 03:38:39+00
218,30,9,80,S 1300 Hinged - Double Door Cooler,S 1300 - مبرد باب مزدوج بمفصلات,S 1300 Hinged - Double Door Cooler,klimasan--supermarket-display-cabinet-s-1300-hinged---double-door-cooler-218,0.00,,"16 facing can per shelve, 4x2 rows +bottom shelves, 2 vertical sided
LED, Hinged 2 Doors, Canopy, fan switch, standard aluminum door,
door lock, self closing door, Black door frame, white inner and outer
body color, black canopy frame and front grid, Metallic inner body
and front grid, R290, Temperature 0/+100C, Electronic + Digital
Display Controller, Price holder, Wheels, Uk plug, Embraco/Cubigel
compressor, Voltage 220-240/50hz, made in Turkey, Capacity :1275
Ltrs","16 علبة لكل رف، 4x2 صفوف + أرفف سفلية، إضاءة LED جانبية، 2 أبواب بمفصلات، مروحة، باب ألومنيوم قياسي، قفل الباب، باب يغلق تلقائيًا، إطار باب أسود، هيكل داخلي أبيض، هيكل خارجي أسود، شبكة أمامية معدنية، غاز R290، درجة حرارة 0/+10 درجة مئوية، وحدة تحكم إلكترونية + عرض رقمي، حاملات أسعار، عجلات، صنع في تركيا، السعة: 1275 لتر

",{},{},[],true,2024-10-21 14:50:21+00,2025-02-22 03:38:39+00
219,30,9,80,S1300 WOC SLIM Hinged,S1300 WOC SLIM - مبرد بأبواب بمفصلات,S1300 WOC SLIM Hinged,klimasan--supermarket-display-cabinet-s1300-woc-slim-hinged-219,0.00,,"16 facing can per shelve, 4+bottom shelves, 2 vertical sided LED,
Hinged 2 Doors, fan switch, standard aluminum door, door lock, self
closing door, Black color - door frame & grid, white inner and Black
outer body color, Metallic inner body and front grid, R290,
Temperature 0/+100C, Electronic + Digital Display Controller, Uk
plug, Price holders, Wheels, (LED - Star wars full LED),capacity: 1142","16 علبة لكل رف، 4+ رفوف سفلية، إضاءة LED جانبية، 2 أبواب بمفصلات، مروحة، باب ألومنيوم قياسي، قفل الباب، باب يغلق تلقائيًا، إطار باب أسود وشبكة أمامية، هيكل داخلي أبيض وهيكل خارجي أسود، هيكل معدني داخلي وشبكة أمامية معدنية، غاز R290، درجة حرارة 0/+10 درجة مئوية، وحدة تحكم إلكترونية + عرض رقمي، قابس بريطاني، حاملات أسعار، عجلات، إضاءة LED كاملة

",{},{},[],true,2024-10-21 14:55:05+00,2025-02-22 03:38:39+00
220,30,9,80,S1500 hinged- 3 door cooler,S1500 - مبرد ثلاثي الأبواب بمفصلات,S1500 hinged- 3 door cooler,klimasan--supermarket-display-cabinet-s1500-hinged--3-door-cooler-220,0.00,,"21 facing can per shelve, 4x3 rows +bottom shelves, 6 vertical sided
LED, Hinged 3 Doors, fan switch, standard aluminum door, door lock,
self closing door, Black color - door frame & frond grid, white inner
and black outer body color, Metallic inner body and front grid,
R290, Temperature 0/+100C, Electronic + Digital Display Controller,
Uk Plug, Price holders","21 علبة لكل رف، 4x3 صفوف + أرفف سفلية، 6 إضاءات LED جانبية، 3 أبواب بمفصلات، مروحة، باب ألومنيوم قياسي، قفل الباب، باب يغلق تلقائيًا، إطار باب أسود وشبكة أمامية، هيكل داخلي أبيض وهيكل خارجي أسود، هيكل معدني داخلي وشبكة أمامية معدنية، غاز R290، درجة حرارة 0/+10 درجة مئوية، وحدة تحكم إلكترونية + عرض رقمي، قابس بريطاني، حاملات أسعار

",{},{},[],true,2024-10-21 14:58:50+00,2025-02-22 03:38:39+00
221,30,9,80,S1600 Hinged 3 Door WOC,S1600 باب بمفصلات 3 أبواب WOC,S1600 Hinged 3 Door WOC,klimasan--supermarket-display-cabinet-s1600-hinged-3-door-woc-221,7400.00,,"21 facing can per shelve, 4x3 rows +bottom shelves, 6 vertical sided
LED, Hinged 3 Doors, fan switch, standard aluminum door, door lock,
self closing door, Black door frame, white inner and outer body
color, black front grid, Metallic inner body and front grid, R290,
Temperature 0/+100C, Electronic + Digital Display Controller, Uk
plug, Price holders, Wheels, made in Turkey, Capacity : 1455 Ltrs",21 علبة لكل رف، 4x3 صفوف + أرفف سفلية، 6 إضاءات LED جانبية، 3 أبواب بمفصلات، مروحة، باب ألومنيوم قياسي، قفل الباب، باب يغلق تلقائيًا، إطار باب أسود، هيكل داخلي وخارجي أبيض، شبكة أمامية معدنية سوداء، غاز R290، درجة حرارة 0/+10 درجة مئوية، وحدة تحكم إلكترونية + عرض رقمي، قابس بريطاني، حاملات أسعار، عجلات، صنع في تركيا، السعة: 1455 لتر,{},{},[],true,2024-10-21 15:01:49+00,2025-02-22 03:38:39+00
222,30,2,50,VF500 - Vertical Ice cream  freezerRegular- EH,VF500 - فريزر آيس كريم عمودي عادي - EH,VF500 - Vertical Ice cream  freezerRegular- EH,klimasan--category-vf500---vertical-ice-cream--freezerregular--eh-222,0.00,,"5 shelves, 2x vertical sided LED, Hinged door, fan switch, Aluminum
door, Door Lock, self closing door, canopy, white inner body and
outer body color, white canopy frame and front grid, metallic type
inner body and plastic front grid, R290, Temperature -18/-240C,
Electronic Controller + Digital Display, Uk plug, Class 5 , made in
Turkey, Capacity : 496 Ltrs, Auto defrost (Electrical heater system)","5 رفوف، إضاءة LED جانبية، باب بمفصلات، مروحة، باب من الألومنيوم، قفل الباب، باب يغلق تلقائيًا، مظلة، هيكل داخلي وخارجي أبيض، إطار باب ألومنيوم، شبكة أمامية بلاستيكية، غاز R290، درجة حرارة -18/-24 درجة مئوية، وحدة تحكم إلكترونية + عرض رقمي، قابس بريطاني، فئة 5، مزود بنظام إذابة تلقائي (سخان كهربائي)، صنع في تركيا، السعة: 496 لتر

",{},{},[],true,2024-10-21 15:07:09+00,2025-02-22 03:38:39+00
223,30,8,78,D 200 DFSG AC- Conservator,D 200 DFSG AC - فريزر,D 200 DFSG AC- Conservator,klimasan--freezer-d-200-dfsg-ac--conservator-223,0.00,,"3 baskets, Lid - AC, Aluminum frame, Lids Lock, white inner body
and outer body, metallic type inner body, R290, Temperature-18/-
230C, Mechanical Controller,Digital Thermometer, Uk plug, Class 5,
Wheels, 1xLed, 2 adjustable separators/each basket","3 سلال، غطاء AC بإطار ألومنيوم، قفل الغطاء، هيكل داخلي وخارجي أبيض، نوع هيكل معدني داخلي، غاز R290، درجة حرارة -18/-23 درجة مئوية، وحدة تحكم ميكانيكية، مقياس حرارة رقمي، قابس بريطاني، فئة 5، عجلات، إضاءة LED، فواصل قابلة للتعديل لكل سلة، صنع في تركيا

",{},{},[],true,2024-10-21 15:12:21+00,2025-02-22 03:38:39+00
226,30,8,78," D400 DFSG AF",D400 DFSG AF,D400 DFSG AF,klimasan--freezer-d400-dfsg-af-226,0.00,,"5x Baskets, Lid -FF, Aluminium frame, Lid Lock, R290, Mechanical
controller, Digital Thermometer, Metallic Inner Body, Temperature -
18/-230C, Uk plug, Class 5, Castors, 1xLed, 2 adjustable
separators/each basket, made in Turkey
Capacity : 410 Ltrs",5 سلال، غطاء FF، إطار ألومنيوم، قفل الغطاء، غاز R290، وحدة تحكم ميكانيكية، مقياس حرارة رقمي، هيكل داخلي معدني، درجة حرارة -18/-23 درجة مئوية، قابس بريطاني، فئة 5، عجلات، إضاءة LED، فواصل قابلة للتعديل لكل سلة، صنع في تركيا، السعة: 410 لتر,{},{},[],true,2024-10-21 15:24:59+00,2025-02-22 03:38:39+00
227,30,8,78," D500 DFSG AC Plastic Frame",D500 DFSG بإطار بلاستيكي,D500 DFSG AC Plastic Frame,klimasan--freezer-d500-dfsg-ac-plastic-frame-227,0.00,,"5/6 Baskets, Lid- AC, Lid Lock, R290, Mechanical controller, Digital
Thermometer, Metallic Inner Body, Temperature -18/-230C, Uk
plug, Class 5, Wheels, 1xLed
made in Turkey, Capacity : 503 Ltrs","5/6 سلال، غطاء AC، قفل الغطاء، غاز R290، وحدة تحكم ميكانيكية، مقياس حرارة رقمي، هيكل داخلي معدني، درجة حرارة -18/-23 درجة مئوية، قابس بريطاني، فئة 5، عجلات، إضاءة LED، صنع في تركيا، السعة: 503 لتر

",{},{},[],true,2024-10-21 15:29:21+00,2025-02-22 03:38:39+00
228,30,8,78,500 DFSG - Horizontal Ice cream freezer,500 DFSG - فريزر آيس كريم أفقي,500 DFSG - Horizontal Ice cream freezer,klimasan--freezer-500-dfsg---horizontal-ice-cream-freezer-228,0.00,,"6x Baskets, Lid -FF, Aluminium Frame, Lid Lock, R290, Mechanical
controller, Digital Thermometer, Metallic Inner Body, Temperature -
18/-230C, Uk plug, Class 5, Castors, 1xLed, 2 adjustable
separators/each basket,made in Turkey, Capacity : 503 Ltrs","6 سلال، غطاء FF، إطار ألومنيوم، قفل الغطاء، غاز R290، وحدة تحكم ميكانيكية، مقياس حرارة رقمي، هيكل داخلي معدني، درجة حرارة -18/-23 درجة مئوية، قابس بريطاني، فئة 5، عجلات، إضاءة LED، فواصل قابلة للتعديل لكل سلة، صنع في تركيا، السعة: 503 لتر

",{},{},[],true,2024-10-21 15:46:03+00,2025-02-22 03:38:39+00
229,30,8,78,600 DFSG - Horizontal Ice cream freezer,600 DFSG - فريزر آيس كريم أفقي,600 DFSG - Horizontal Ice cream freezer,klimasan--freezer-600-dfsg---horizontal-ice-cream-freezer-229,0.00,,"8x Baskets, Lid -Flat Glass, Lid Lock,R290, Mechanical controller,
Digital Thermometer, Metallic Inner Body,
Temperature -18/-230C, Uk plug, Embraco/Cubigel compressor,
Voltage 220-240/50hz, made in Turkey, Capacity : 672 Ltrs","8 سلال، غطاء زجاجي مسطح، قفل الغطاء، غاز R290، وحدة تحكم ميكانيكية، مقياس حرارة رقمي، هيكل داخلي معدني، درجة حرارة -18/-23 درجة مئوية، قابس بريطاني، ضاغط Embraco/Cubigel، جهد التشغيل 220-240/50 هرتز، صنع في تركيا، السعة: 672 لتر

",{},{},[],true,2024-10-21 15:49:13+00,2025-02-22 03:38:39+00
232,30,8,78,D 200 DF-Chest Freezer,D 200 DF - فريزر صندوقي,D 200 DF-Chest Freezer,klimasan--freezer-d-200-df-chest-freezer-232,0.00,,"Mechanical thermostat, Digital thermometer, white body, R600 gas,
1 basket, back condenser, no sticker, with dommed feet, no wheels,
with lock, with strech hood packaging, UK plug,made in Turkey.
Capacity : 186 Ltrs","ثرموستات ميكانيكي، مقياس حرارة رقمي، هيكل أبيض، ��از R600، سلة واحدة، مكثف خلفي، بدون ملصق، بقاعدة مقوسة، بدون عجلات، مزود بقفل، مع غطاء تغليف، قابس بريطاني، صنع في تركيا، السعة: 186 لتر

",{},{},[],true,2024-10-21 16:50:54+00,2025-02-22 03:38:39+00
233,30,8,78,D400 DF - Chest Freezer,D400 DF - فريزر صندوقي,D400 DF - Chest Freezer,klimasan--freezer-d400-df---chest-freezer-233,0.00,,"Mechanical thermostat, Digital thermometer, white body, R600 gas,
2/3 baskets, back condenser, no sticker, with dommed feet, no
wheels, with lock, , UK plug , Embraco/Cubigel compressor, Voltage
220-240/50hz, made in Turkey, Capacity : 391 Ltrs","ثرموستات ميكانيكي، مقياس حرارة رقمي، هيكل أبيض، غاز R600، 2/3 سلال، مكثف خلفي، بدون ملصق، بقاعدة مقوسة، بدون عجلات، مزود بقفل، قابس بريطاني، ضاغط Embraco/Cubigel، جهد التشغيل 220-240/50 هرتز، صنع في تركيا، السعة: 391 لتر
",{},{},[],true,2024-10-21 16:55:00+00,2025-02-22 03:38:39+00
234,30,8,78,D600 DF - Chest Freezer,D600 DF - فريزر صندوقي,D600 DF - Chest Freezer,klimasan--freezer-d600-df---chest-freezer-234,0.00,,"Mechanical thermostat, Digital thermometer, white body, R600 gas,
3 baskets, 2 sides Lid, back condenser, no sticker, with dommed feet,
no wheels, with lock, , UK plug Temperature-18/-240C,
Embraco/Cubigel compressor, Voltage 220-240/50hz, made in
Turkey, Capacity : 655 Ltrs","ثرموستات ميكانيكي، مقياس حرارة رقمي، هيكل أبيض، غاز R600، 3 سلال، غطاء جانبيين، مكثف خلفي، بدون ملصق، بقاعدة مقوسة، بدون عجلات، مزود بقفل، قابس بريطاني، درجة حرارة -18/-24 درجة مئوية، ضاغط Embraco/Cubigel، جهد التشغيل 220-240/50 هرتز، صنع في تركيا، السعة: 655 لتر
",{},{},[],true,2024-10-21 16:57:54+00,2025-02-22 03:38:39+00
235,31,9,82,BOH-DDR1,BOH-DDR1,BOH-DDR1,williams-meat-display-cabinet-boh-ddr1-235,0.00,,"Technical Information
Width
737mm
Depth
824mm
Height
1975mm
Capacity
No. of Ducks : 12
Options available:
• 304 S/S back
• 304 S/S base
• Castors
• Additional shelving / trayslides
• 220V / 60HZ / 1PH","المواصفات الفنية:
العرض: 737 مم
العمق: 824 مم
الارتفاع: 1975 مم
القدرة: عدد البط: 12
الخيارات المتاحة:
• ظهر و قاعدة من الفولاذ المقاوم للصدأ
• عجلات
• رفوف إضافية / منزلقات صواني
• 220 فولت / 60 هرتز / 1 طور",{},{},[],true,2024-10-22 14:52:21+00,2025-02-22 03:38:39+00
236,31,9,82,Duck Drying BOH-DDR2,مجفف البط BOH-DDR2,BOH-DDR2,williams-meat-display-cabinet-boh-ddr2-236,0.00,,"Technical Information
Width
1400mm
Depth
824mm
Height
1975mm
Capacity
No. of Ducks : 28

Options available:
• 304 S/S back
• 304 S/S base
• Castors
• Additional shelving / trayslides
• 220V / 60HZ / 1PH","المواصفات الفنية:
العرض: 1400 مم
العمق: 824 مم
الارتفاع: 1975 مم
القدرة: عدد البط: 28
الخيارات المتاحة:
• خلفية و قاعدة من الفولاذ المقاوم للصدأ درجة 304
• عجلات
• أرفف إضافية / حوامل للرفوف
• 220 فولت / 60 هرتز / 1 طور",{},{},[],true,2024-10-22 14:56:12+00,2025-02-22 03:38:39+00
237,31,8,76,Opal O1U(J),أوبال O1U(J),O1U(J),williams-commercial-refrigerator-o1uj-237,0.00,,"Options available:

304 S/S back
304 S/S base
Internal LED for door type
Castors
Heated glass door
Pass through door
2 drawers per section
3 drawers per section
2/3 + 1/3 drawers per section
Backsplash
Sidesplash
Mount on 50Hmm louvre
Cylindrical lock for drawer
Lock Plate
S/S wire shelf
S/S skirting
Raise-up Pan Holder for ‘H’ only
Table Top Opening for ‘H’ only
Depth Extension for table top
2mm table top
Right hand side compressor
220V / 60HZ/ 1PH","الخيارات المتاحة:
• خلفية و قاعدة من الفولاذ المقاوم للصدأ
• إضاءة داخلية LED
• عجلات
• باب زجاجي مدفأ
• باب مرور
• درجين لكل قسم
• ثلاثة أدراج لكل قسم
• أدراج بنسبة 2/3 + 1/3 لكل قسم
• حاجز خلفي وجانبي
• تركيب على شواية بارتفاع 50 مم
• قفل أسطواني للدرج
• لوحة قفل
• رف سلكي من الفولاذ المقاوم للصدأ
• لوح معدني
• حامل مرتفع للأطباق (للنوع H فقط)
• فتحة على سطح الطاولة (للنوع H فقط)
• تمديد عمق سطح الطاولة
• سطح طاولة بسمك 2 مم
• ضاغط على الجانب الأيمن
• 220 فولت / 60 هرتز / 1 طور",{},{},[],true,2024-10-22 15:16:23+00,2025-02-22 03:38:39+00
238,31,2,50,Opal O2U(J)," أوبال O2U(J)",O2U(J),williams-category-o2uj-238,0.00,,"Technical Information
Width
1370mm
Depth
670mm
Height
850mm
Capacity
327ltrs / 11.5cu.ft
Options available:

304 S/S back
304 S/S base
Internal LED for door type
Castors
Heated glass door
Pass through door
2 drawers per section
3 drawers per section
2/3 + 1/3 drawers per section
Backsplash
Sidesplash
Mount on 50Hmm louvre","المواصفات الفنية:
العرض: 1370 مم
العمق: 670 مم
الارتفاع: 850 مم
القدرة: 327 لتر / 11.5 قدم مكعب
الخيارات المتاحة:
• خلفية و قاعدة من الفولاذ المقاوم للصدأ
• إضاءة داخلية LED
• عجلات
• باب زجاجي مدفأ
• باب مرور
• درجين لكل قسم
• ثلاثة أدراج لكل قسم
• أدراج بنسبة 2/3 + 1/3 لكل قسم
• حاجز خلفي وجانبي
• تركيب على شواية بارتفاع 50 مم
",{},{},[],true,2024-10-22 15:21:56+00,2025-02-22 03:38:39+00
239,31,8,76,Opal O3U(J),أوبال O3U(J),O3U(J),williams-commercial-refrigerator-o3uj-239,0.00,,"Technical Information
Width
1835mm
Depth
670mm
Height
850mm
Capacity
476ltrs / 16.8cu.ft
Options available:

304 S/S back
304 S/S base
Internal LED for door type
Castors
Heated glass door
Pass through door
2 drawers per section
3 drawers per section
2/3 + 1/3 drawers per section
Backsplash
Sidesplash
Mount on 50Hmm louvre
Cylindrical lock for drawer
Lock Plate","العرض: 1835 مم
العمق: 670 مم
الارتفاع: 850 مم
القدرة: 476 لتر / 16.8 قدم مكعب
الخيارات المتاحة:
• خلفية و قاعدة من الفولاذ المقاوم للصدأ
• إضاءة داخلية LED
• عجلات
• باب زجاجي مدفأ
• باب مرور
• درجين لكل قسم
• ثلاثة أدراج لكل قسم
• أدراج بنسبة 2/3 + 1/3 لكل قسم
• حاجز خلفي وجانبي
• تركيب على شواية بارتفاع 50 مم
• قفل أسطواني للدرج
• لوحة قفل
",{},{},[],true,2024-10-22 15:29:34+00,2025-02-22 03:38:39+00
240,31,8,76,Opal O4U(J),أوبال O4U(J),O4U(J),williams-commercial-refrigerator-o4uj-240,0.00,,"Options available:

304 S/S back
304 S/S base
Internal LED for door type
Castors
Heated glass door
Pass through door
2 drawers per section
3 drawers per section
2/3 + 1/3 drawers per section
Backsplash
Sidesplash
Mount on 50Hmm louvre
Cylindrical lock for drawer
Lock Plate
S/S wire shelf
S/S skirting
Raise-up Pan Holder for ‘H’ only
Table Top Opening for ‘H’ only
Depth Extension for table top
2mm table top
Right hand side compressor
220V / 60HZ/ 1PH","الخيارات المتاحة:
• خلفية و قاعدة من الفولاذ المقاوم للصدأ درجة 304
• إضاءة داخلية LED
• عجلات
• باب زجاجي مدفأ
• باب مرور
• درجين لكل قسم
• ثلاثة أدراج لكل قسم
• أدراج بنسبة 2/3 + 1/3 لكل قسم
• حاجز خلفي وجانبي
• تركيب على شواية بارتفاع 50 مم
• قفل أسطواني للدرج
• لوحة قفل
• رف سلكي من الفولاذ المقاوم للصدأ
• لوح معدني
• حامل مرتفع للأطباق (للنوع H فقط)
• فتحة على سطح الطاولة (للنوع H فقط)
• تمديد عمق سطح الطاولة
• سطح طاولة بسمك 2 مم
• ضاغط على الجانب الأيمن
• 220 فولت / 60 هرتز / 1 طور
",{},{},[],true,2024-10-22 15:33:06+00,2025-02-22 03:38:39+00
241,31,9,83,Aztra Salad SU10CT(J),ثلاجة سلطة أزترا SU10CT(J),SU10CT(J),williams-food-display-cabinet-su10ctj-241,0.00,,"Options available:

304 S/S back
304 S/S base
Internal LED
2 workout drawers
Cylindrical lock for door / drawer
Lock plate
S/S wire shelf for GN 2/1 size
220V/ 60HZ/ 1PH
Width
865mm
Depth
875mm
Height
865mm
Capacity
247ltrs / 8.7cu.ft","الخيارات المتاحة:
• خلفية و قاعدة من الفولاذ المقاوم للصدأ درجة 304
• إضاءة داخلية LED
• درجين عمل
• قفل أسطواني للباب / الدرج
• لوحة قفل
• رف سلكي من الفولاذ المقاوم للصدأ لحجم GN 2/1
• 220 فولت / 60 هرتز / 1 طور
المواصفات الفنية:
العرض: 865 مم
العمق: 875 مم
الارتفاع: 865 مم
السعة: 247 لترًا / 8.7 قدم مكعب
",{},{},[],true,2024-10-22 15:47:19+00,2025-02-22 03:38:39+00
242,31,9,83,Aztra Salad SU15CT(J),ثلاجة سلطة أزترا SU15CT(J),SU15CT(J),williams-food-display-cabinet-su15ctj-242,0.00,,"Options available:

304 S/S back
304 S/S base
Internal LED
2 workout drawers
Cylindrical lock for door / drawer
Lock plate
S/S wire shelf for GN 2/1 size
220V/ 60HZ/ 1PH
Technical Information
Width
1226mm
Depth
875mm
Height
865mm
Capacity
360ltrs / 12.7cu.ft","الخيارات المتاحة:
• خلفية و قاعدة من الفولاذ المقاوم للصدأ درجة 304
• إضاءة داخلية LED
• درجين عمل
• قفل أسطواني للباب / الدرج
• لوحة قفل
• رف سلكي من الفولاذ المقاوم للصدأ لحجم GN 2/1
• 220 فولت / 60 هرتز / 1 طور
المواصفات الفنية:
العرض: 1226 مم
العمق: 875 مم
الارتفاع: 865 مم
السعة: 360 لترًا / 12.7 قدم مكعب
",{},{},[],true,2024-10-22 15:51:25+00,2025-02-22 03:38:39+00
243,31,9,80,Bottle Cooler 1 Door,مبرد زجاجات الطاولة باب واحد,BC1SS-U,williams-supermarket-display-cabinet-bc1ss-u-243,0.00,,"Options available:

304 S/S back
304 S/S base
Black color bond exterior
Black color bond back
15Hmm table top (-T)
S/S solid door
Sliding door
Left Hand Side door hinge
220V/ 60HZ/ 1PH
Technical Information
Width
600mm
Depth
530mm
Height
800mm
Capacity
122 (@330ml)
Height (-U)
800mm
Height (-U-T)
815mm","الخيارات المتاحة:
• خلفية و قاعدة من الفولاذ المقاوم للصدأ درجة 304
• هيكل خارجي باللون الأسود
• خلفية باللون الأسود
• سطح طاولة بارتفاع 15 مم (-T)
• باب صلب من الفولاذ المقاوم للصدأ
• باب منزلق
• مفصلة الباب على الجانب الأيسر
• 220 فولت / 60 هرتز / 1 طور
المواصفات الفنية:
العرض: 600 مم
العمق: 530 مم
الارتفاع: 800 مم
السعة: 122 (عند 330 مل)
الارتفاع (-U): 800 مم
الارتفاع (-U-T): 815 مم
",{},{},[],true,2024-10-22 15:58:01+00,2025-02-22 03:38:39+00
244,31,9,80,Counter Bottle Cooler 2 Doors BC2SS-U,مبرد زجاجات الطاولة 2 أبواب BC2SS-U,BC2SS-U,williams-supermarket-display-cabinet-bc2ss-u-244,0.00,,"Options available:

304 S/S back
304 S/S base
Black color bond exterior
Black color bond back
15Hmm table top
S/S solid door
Sliding door
220V/ 60HZ/ 1PH
Technical Information
Width
900mm
Depth
530mm
Height
800mm
Capacity
204 (@330ml)
Height (-U)
800mm
Height (-U-T)
815mm","الخيارات المتاحة:
• خلفية و قاعدة من الفولاذ المقاوم للصدأ درجة 304
• هيكل خارجي باللون الأسود
• خلفية باللون الأسود
• سطح طاولة بارتفاع 15 مم
• باب صلب من الفولاذ المقاوم للصدأ
• باب منزلق
• 220 فولت / 60 هرتز / 1 طور
المواصفات الفنية:
العرض: 900 مم
العمق: 530 مم
الارتفاع: 800 مم
السعة: 204 (عند 330 مل)
الارتفاع (-U): 800 مم
الارتفاع (-U-T): 815 مم
",{},{},[],true,2024-10-22 16:00:52+00,2025-02-22 03:38:39+00
245,31,9,80,Counter Bottle Cooler 3 Doors BC3SS-U,مبرد زجاجات الطاولة 3 أبواب BC3SS-U,BC3SS-U,williams-supermarket-display-cabinet-bc3ss-u-245,0.00,,"Options available:

304 S/S back
304 S/S base
Black color bond exterior
Black color bond back
15Hmm table top (-T)
S/S solid door
Sliding door
220V/ 60HZ/ 1PH
Technical Information
Width
1352mm
Depth
530mm
Height
800mm
Capacity
309 (@330ml)
Height (-U)
800mm
Height (-U-T)
815mm","الخيارات المتاحة:
• خلفية و قاعدة من الفولاذ المقاوم للصدأ درجة 304
• هيكل خارجي باللون الأسود
• خلفية باللون الأسود
• سطح طاولة بارتفاع 15 مم (-T)
• باب صلب من الفولاذ المقاوم للصدأ
• باب منزلق
• 220 فولت / 60 هرتز / 1 طور
المواصفات الفنية:
العرض: 1352 مم
العمق: 530 مم
الارتفاع: 800 مم
السعة: 309 (عند 330 مل)
الارتفاع (-U): 800 مم
الارتفاع (-U-T): 815 مم
",{},{},[],true,2024-10-22 16:04:05+00,2025-02-22 03:38:39+00
246,31,9,80,Upright Bottle Cooler 1 Door BC95,مبرد زجاجات عمودي بباب واحد BC95,BC95,williams-supermarket-display-cabinet-bc95-246,0.00,,"Options available:

304 S/S back
304 S/S base
Black color bond exterior
Black color bond back
S/S solid door
Left Hand Side door hinge
220V/ 60HZ/ 1PH
Technical Information
Width
645mm
Depth
635mm
Height
1770mm
Capacity
266 (@330ml)","الخيارات المتاحة:
• ظهر وقاعدة من الفولاذ المقاوم للصدأ درجة 304
• هيكل خارجي باللون الأسود
• ظهر باللون الأسود
• باب صلب من الفولاذ المقاوم للصدأ
• مفصلة الباب على الجانب الأيسر
• 220 فولت / 60 هرتز / 1 طور
المواصفات الفنية:
العرض: 645 مم
العمق: 635 مم
الارتفاع: 1770 مم
السعة: 266 (عند 330 مل)",{},{},[],true,2024-10-22 16:07:07+00,2025-02-22 03:38:39+00
247,31,9,80,Upright Bottle Cooler 2 Doors BC200,مبرد زجاجات عمودي ببابين BC200,BC200,williams-supermarket-display-cabinet-bc200-247,33000.00,,"Options available:

304 S/S back
304 S/S base
Black color bond exterior
Black color bond back
S/S solid door
Sliding door
220V/ 60HZ/ 1PH
Technical Information
Width
1290mm
Depth
635mm
Height
1770mm
Capacity
558 (@330ml)","الخيارات المتاحة:
• ظهر وقاعدة من الفولاذ المقاوم للصدأ درجة 304
• هيكل خارجي باللون الأسود
• ظهر باللون الأسود
• باب صلب من الفولاذ المقاوم للصدأ
• باب منزلق
• 220 فولت / 60 هرتز / 1 طور
المواصفات الفنية:
العرض: 1290 مم
العمق: 635 مم
الارتفاع: 1770 مم
السعة: 558 (عند 330 مل)

",{},{},[],true,2024-10-22 16:11:09+00,2025-12-08 13:04:47.773379+00
248,31,8,76,Mobile Heated MHC10,الخزانة المتنقلة المدفأة MHC10,MHC10,williams-commercial-refrigerator-mhc10-248,0.00,,"Option available:
The manoeuvrable GN 2/1 single door mobile heated cabinet is ideal for safely transporting heated food from kitchen to banqueting areas.

220V/ 60HZ/ 1PH
Technical Information
Width
807mm
Depth
885mm
Height
1371mm
Capacity
391ltrs / 13.8cu.ft","الخيار المتاح:
تعد الخزانة المتنقلة العمودية المدفأة بباب واحد GN 2/1 مثالية لنقل الطعام المسخن بأمان من المطبخ إلى مناطق الولائم.
• 220 فولت / 60 هرتز / 1 طور
المواصفات الفنية:
العرض: 807 مم
العمق: 885 مم
الارتفاع: 1371 مم
السعة: 391 لترًا / 13.8 قدم مكعب
",{},{},[],true,2024-10-22 16:29:34+00,2025-02-22 03:38:39+00
249,31,8,76,Mobile Heated MHC16,الخزانة المتنقلة المدفأة MHC16,Mobile Heated MHC16,williams-commercial-refrigerator-mobile-heated-mhc16-249,0.00,,"Technical Information
Width
807mm
Depth
885mm
Height
1768mm
Capacity
550ltrs / 19.4cu.ft
Option available:

220V/ 60HZ/ 1PH","المواصفات الفنية:
العرض: 807 مم
العمق: 885 مم
الارتفاع: 1768 مم
السعة: 550 لترًا / 19.4 قدم مكعب
الخيار المتاح:
• 220 فولت / 60 هرتز / 1 طور

",{},{},[],true,2024-10-23 16:44:26+00,2025-02-22 03:38:39+00
250,31,8,76,Mobile Heated MHC32,الخزانة المتنقلة المدفأة MHC32,MHC32,williams-commercial-refrigerator-mhc32-250,0.00,,"The manoeuvrable GN 2/1 two door upright mobile heated cabinet is ideal for safely transporting heated food from kitchen to banqueting areas.
Technical Information
Width
1470mm
Depth
885mm
Height
1768mm
Capacity
1172ltrs / 41.3cu.ft
Option available:

220V/ 60HZ/ 1PH","تعد الخزانة المتنقلة العمودية المدفأة ببابين GN 2/1 مثالية لنقل الطعام المسخن بأمان من المطبخ إلى مناطق الولائم.
المواصفات الفنية:
العرض: 1470 مم
العمق: 885 مم
الارتفاع: 1768 مم
السعة: 1172 لترًا / 41.3 قدم مكعب
الخيار المتاح:
• 220 فولت / 60 هرتز / 1 طور
",{},{},[],true,2024-10-23 16:47:12+00,2025-02-22 03:38:39+00
251,31,2,50,Mobile Refrigerated MRC10,الثلاجة المتنقلة المبردة MRC10,MRC10,williams-category-mrc10-251,0.00,,"The manoeuvrable GN 2/1 single door mobile refrigerated cabinet is ideal for safely transporting chilled food from kitchen to banqueting areas.Technical Information
Width
807mm
Depth
885mm
Height
1603mm
Capacity
384ltrs / 13.5cu.ft
Option available:

220V/ 60HZ/ 1PH
Freezer model","الخزانة المتنقلة المبردة بحجم GN 2/1 بباب واحد مثالية لنقل الطعام المبرد من المطبخ إلى مناطق الولائم بأمان.
المواصفات الفنية:
العرض: 807 مم
العمق: 885 مم
الارتفاع: 1603 مم
السعة: 384 لترًا / 13.5 قدم مكعب
الخيار المتاح:
• 220 فولت / 60 هرتز / 1 طور
• نموذج فريزر",{},{},[],true,2024-10-23 16:50:25+00,2025-02-22 03:38:39+00
252,31,8,76,Mobile Refrigerated MRC16,الثلاجة المتنقلة المبردة MRC16,MRC16,williams-commercial-refrigerator-mrc16-252,0.00,,"Technical Information
Width
807mm
Depth
885mm
Height
2000mm
Capacity
544ltrs / 19.2cu.ft
Option available:

220V/ 60HZ/ 1PH
Freezer model","المواصفات الفنية:
العرض: 807 مم
العمق: 885 مم
الارتفاع: 2000 مم
السعة: 544 لترًا / 19.2 قدم مكعب
الخيار المتاح:
• 220 فولت / 60 هرتز / 1 طور
• نموذج فريزر
",{},{},[],true,2024-10-23 16:52:57+00,2025-02-22 03:38:39+00
253,31,8,76,Mobile Refrigerated MRC32,الثلاجة المتنقلة المبردة MRC32,MRC32,williams-commercial-refrigerator-mrc32-253,0.00,,"Technical Information
Width
1470mm
Depth
885mm
Height
2000mm
Capacity
1159ltrs / 40.9cu.ft
Option available:

220V/ 60HZ/ 1PH","معلومات المنتج:
2 أقسام، 2 باب كامل من الفولاذ المقاوم للصدأ
• هيكل داخلي وخارجي من الفولاذ المقاوم للصدأ بدرجة 304
• ظهر وقاعدة من الفولاذ المقاوم للصدأ بدرجة 304
• عجلات دوارة ثقيلة بارتفاع 155 مم ومكابح
• مزودة بـ 32 زوجًا من الشرائح
• تتسع لحجم GN 2/1
• 220 فولت / 50 هرتز / 1 طور
",{},{},[],true,2024-10-23 16:55:45+00,2025-02-22 03:38:39+00
254,31,8,77,Reach-in Blast Chillers WBCF10UR,مبرد الانفجار القائم WBCF10UR,WBCF10UR,williams-blast-chiller-wbcf10ur-254,0.00,,"Technical Information
Width
777mm
Depth
879mm
Height
885mm
Capacity
10kg in 1/1 GN or 400x600 EN
Options available:

304 S/S back
304 S/S base
Cylindrical lock for door
Left hand side door hinge
220V/ 60HZ/ 1PH","المواصفات الفنية:
العرض: 777 مم
العمق: 879 مم
الارتفاع: 885 مم
السعة: 10 كجم بحجم 1/1 GN أو 400 × 600 EN
الخيارات المتاحة:
• خلفية و قاعدة من الفولاذ المقاوم للصدأ درجة 304
• قفل أسطواني للباب
• مقبض باب على الجانب الأيسر
• 220 فولت / 60 هرتز / 1 طور
",{},{},[],true,2024-10-23 17:02:01+00,2025-02-22 03:38:39+00
255,31,8,77,Reach-in Blast Chillers WBCF20UR,مبرد الانفجار القائم WBCF20UR,WBCF20UR,williams-blast-chiller-wbcf20ur-255,0.00,,"Technical Information
Width
777mm
Depth
879mm
Height
1290mm
Capacity
20kg in 1/1GN or 400x600 EN
Options available:

304 S/S back
304 S/S base
Cylindrical lock for door
Left hand side door hinge
220V/ 60HZ/ 1PH","المواصفات الفنية:
العرض: 777 مم
العمق: 879 مم
الارتفاع: 1290 مم
السعة: 20 كجم بحجم 1/1 GN أو 400 × 600 EN
الخيارات المتاحة:
• خلفية و قاعدة من الفولاذ المقاوم للصدأ درجة 304
• قفل أسطواني للباب
• مقبض باب على الجانب الأيسر
• 220 فولت / 60 هرتز / 1 طور
",{},{},[],true,2024-10-23 17:04:46+00,2025-02-22 03:38:39+00
256,31,8,77,Reach-in Blast Chillers WBCF30UR,مبرد الانفجار القائم WBCF30UR,WBCF30UR,williams-blast-chiller-wbcf30ur-256,0.00,,"Technical Information
Width
777mm
Depth
879mm
Height
1735mm
Capacity
30kg in 1/1GN or 400x600 EN
Options available:

304 S/S back
304 S/S base
Cylindrical lock for door
Left hand side door hinge
220V/ 60HZ/ 1PH","المواصفات الفنية:
العرض: 777 مم
العمق: 879 مم
الارتفاع: 1735 مم
السعة: 30 كجم بحجم 1/1 GN أو 400 × 600 EN
الخيارات المتاحة:
• خلفية و قاعدة من الفولاذ المقاوم للصدأ درجة 304
• قفل أسطواني للباب
• مقبض باب على الجانب الأيسر
• 220 فولت / 60 هرتز / 1 طور",{},{},[],true,2024-10-23 17:07:17+00,2025-02-22 03:38:39+00
257,31,8,77,Reach-in Blast Chillers WBCF40UR,مبرد الانفجار القائم WBCF40UR,WBCF40UR,williams-blast-chiller-wbcf40ur-257,0.00,,"Technical Information
Width
777mm
Depth
879mm
Height
1735mm
Capacity
40kg in 1/1GN or 400x600 EN
Options available:

304 S/S back
304 S/S base
Cylindrical lock for door
Left hand side door hinge
220V/ 60HZ/ 1PH","المواصفات الفنية:
العرض: 777 مم
العمق: 879 مم
الارتفاع: 1735 مم
السعة: 40 كجم بحجم 1/1 GN أو 400 × 600 EN
الخيارات المتاحة:
• خلفية و قاعدة من الفولاذ المقاوم للصدأ درجة 304
• قفل أسطواني للباب
• مقبض باب على الجانب الأيسر
• 220 فولت / 60 هرتز / 1 طور

",{},{},[],true,2024-10-23 17:09:53+00,2025-02-22 03:38:39+00
258,31,8,77,Reach-in Blast Chillers WBCF50UR,مبرد الانفجار القائم WBCF50UR,WBCF50UR,williams-blast-chiller-wbcf50ur-258,0.00,,"Technical Information
Width
777mm
Depth
879mm
Height
1905mm
Capacity
50kg in 1/1GN or 400x600 EN
Options available:

304 S/S back
304 S/S base
Cylindrical lock for door
Left hand side door hinge
380V/ 60HZ/ 3PH","المواصفات الفنية:
العرض: 777 مم
العمق: 879 مم
الارتفاع: 1905 مم
السعة: 50 كجم بحجم 1/1 GN أو 400 × 600 EN
الخيارات المتاحة:
• خلفية و قاعدة من الفولاذ المقاوم للصدأ درجة 304
• قفل أسطواني للباب
• مقبض باب على الجانب الأيسر
• 380 فولت / 60 هرتز / 3 طور
",{},{},[],true,2024-10-23 17:12:32+00,2025-02-22 03:38:39+00
259,31,8,76,Garnet G1T(J),Garnet G1T(J),G1T(J),williams-commercial-refrigerator-g1tj-259,0.00,,"Technical Information
Width
737mm
Depth
824mm
Height
1975mm
Capacity
616ltrs / 21.7cu.ft
Options available: 

304 S/S back
304 S/S base
Internal LED for door type
Heated glass door
Pass through S/S door
Pass through heated glass door (not for 'L')
2 Workout drawers for low half section (not for 'L')
3 Workout drawers for low half section (not for 'L')
Castors
Cylindrical lock for drawer
Lock plate
S/S wire shelf for GN 2/1 size 
Comply 400 x 600 
Left hand side door hinge 
220V / 60HZ / 1PH","المواصفات الفنية:
العرض: 737 مم
العمق: 824 مم
الارتفاع: 1975 مم
السعة: 616 لتر / 21.7 قدم مكعب
الخيارات المتاحة:
• خلفية و قاعدة من الفولاذ المقاوم للصدأ درجة 304
• إضاءة LED داخلية
• باب زجاجي مدفأ
• باب مزدوج من الفولاذ المقاوم للصدأ
• درجين قابلين للعمل للنصف السفلي (باستثناء ""L"")
• 3 أدراج قابلة للعمل للنصف السفلي (باستثناء ""L"")
• عجلات
• قفل أسطواني للأدراج
• طبق القفل
• رف سلكي من الفولاذ المقاوم للصدأ لحجم GN 2/1
• مقبض باب على الجانب الأيسر
• 220 فولت / 60 هرتز / 1 طور
",{},{},[],true,2024-10-23 17:30:38+00,2025-02-22 03:38:39+00
260,31,8,76,Garnet G2T(J),Garnet G2T(J),G2T(J),williams-commercial-refrigerator-g2tj-260,29500.00,,"Technical Information
Width
1400mm
Depth
824mm
Height
1975mm
Capacity
1301ltrs / 45.9cu.ft
Options available:

304 S/S back
304 S/S base 
Internal LED
Heated glass door
Sliding S/S door for 'H' only
Pass through S/S door
Pass through heated glass door (not for 'L')
2 Workout drawers for low half section (not for 'L')
3 Workout drawers for low half section (not for 'L')
Castors 
Cylindrical lock for drawer 
Lock plate 
S/S wire shelf for GN 2/1 size 
Comply 400 x 600 
Left hand side door hinge 
220V / 60HZ / 1PH","المواصفات الفنية:
العرض: 1400 مم
العمق: 824 مم
الارتفاع: 1975 مم
السعة: 1301 لتر / 45.9 قدم مكعب
الخيارات المتاحة:
• خلفية و قاعدة من الفولاذ المقاوم للصدأ درجة 304
• إضاءة LED داخلية
• باب زجاجي مدفأ
• باب منزلق من الفولاذ المقاوم للصدأ للنموذج ""H"" فقط
• باب مزدوج من الفولاذ المقاوم للصدأ
• درجين قابلين للعمل للنصف السفلي (باستثناء ""L"")
• 3 أدراج قابلة للعمل للنصف السفلي (باستثناء ""L"")
• عجلات
• قفل أسطواني للأدراج
• طبق القفل
• رف سلكي من الفولاذ المقاوم للصدأ لحجم GN 2/1
• مقبض باب على الجانب الأيسر
• 220 فولت / 60 هرتز / 1 طور
",{},{},[],true,2024-10-23 17:34:21+00,2025-12-08 13:04:47.773379+00
263,23,2,51,Model VTS-41 Vacuum Tumbler,نموذج VTS-41 آلة تفريغ,VTS-41,biro-food-processor-vts-41-263,0.00,,"Drum
Information
40 lbs. (18 kg) Drum, Maximum
25 lbs. (11 kg) Optimum tumbling
14” I.D. x 16” OAL Approximately
Vacuum
Pump
1/8 HP (.09 kW) with
filter on hose
Tumble Speed Approximate 8 RPM
Weight Packed
Approx.
Base 58 lbs. (26.3 kg)
Drum & Pump 37 lbs.
 (16.8 kg)","معلومات الأسطوانة:
وزن الأسطوانة: 40 رطلاً (18 كجم) بحد أقصى، حمولة مثالية 25 رطلاً (11 كجم).
الأبعاد الداخلية: قطر داخلي 14 بوصة × طول 16 بوصة.
مضخة التفريغ: بقدرة 1/8 حصان (.09 ك.و) مع فلتر على الخرطوم
سرعة التقليب: حوالي 8 دورات في الدقيقة.
الوزن مع التغليف الأساسي: 58 رطلاً (26.3 كجم)
الوزن مع الأسطوانة والمضخة: 37 رطلاً (16.8 كجم).

",{},{},[],true,2024-10-24 15:10:47+00,2025-12-08 13:04:47.773379+00
264,23,2,51,Model VTS-42 Vacuum Tumbler,نموذج VTS-42 آلة تفريغ,VTS-42,biro-food-processor-vts-42-264,0.00,,"Drum
Information
40 lbs. (18 kg) Drum, Maximum
25 lbs. (11 kg) Optimum tumbling
14” I.D. x 16” OAL Approximately
Weight Packed
Approx.
Base 58 lbs. (26.3 kg)
Drum & Pump 37 lbs.
 (16.8 kg)
BIRO counter top Vacuum Tumblers are
the tools you need to create value added
marinated entrees for your customers.
It only takes a few minutes to prepare
a ready-to-cook meat or poultry batch
by adding product and marinade/water
solution to the tumbler. ","معلومات الأسطوانة:
وزن الأسطوانة: 40 رطلاً (18 كجم) بحد أقصى، حمولة مثالية 25 رطلاً (11 كجم).
الأبعاد الداخلية: قطر داخلي 14 بوصة × طول 16 بوصة.
الوزن مع التغليف الأساسي: 58 رطلاً (26.3 كجم)
الوزن مع الأسطوانة والمضخة: 37 رطلاً (16.8 كجم).
تعتبر آلات التفريغ من BIRO أدوات ممتازة لتحضير الوجبات المتبلة بقيمة مضافة. يستغرق تحضير اللحم أو الدواجن الجاهزة للطهي بضع دقائق فقط بإضافة المنتج ومحاليل التتبيل إلى الأسطوانة.

",{},{},[],true,2024-10-24 16:02:09+00,2025-02-22 03:38:39+00
265,23,2,51,"VTS-43 REMOTE PUMP ",مضخة بعيدة VTS-43,VTS-43,biro-food-processor-vts-43-265,0.00,,"Base Carton: 39”L (990 mm) x 20” W (508 mm) x 12”H (305 mm)
(2) Drum Carton: 14”L (356 mm) x 14”W (356 mm) x 21”H (533 mm)
Pump Carton: 13”L (330 mm) x 11”W (279 mm) x 13”H (330 mm)
6’ Cord & 3 Prong
plug for 115-60-1
Base 63 lbs. (28.6 kg)
2-Drums 20 lbs. (9.1 kg)
Pump 20 lbs. (9.1 kg)","التغليف الأساسي: الطول 39 بوصة (990 مم) × العرض 20 بوصة (508 مم) × الارتفاع 12 بوصة (305 مم)
تغليف الأسطوانة (2): الطول 14 بوصة (356 مم) × العرض 14 بوصة (356 مم) × الارتفاع 21 بوصة (533 مم)
تغليف المضخة: الطول 13 بوصة (330 مم) × العرض 11 بوصة (279 مم) × الارتفاع 13 بوصة (330 مم)
سلك بطول 6 أقدام مع قابس بثلاثة شوكات لـ 115-60-1
الوزن الأساسي: 63 رطلاً (28.6 كجم)
وزن الأسطوانتين: 20 رطلاً (9.1 كجم) لكل منهما
وزن المضخة: 20 رطلاً (9.1 كجم).
",{},{},[],true,2024-10-24 16:13:26+00,2025-02-22 03:38:39+00
266,23,2,51,VTS-44,VTS-44,VTS-44,biro-food-processor-vts-44-266,0.00,,"1/8 HP (.09 kW) with
external filter on case
5’ Cord & 3 Prong
plug for 115-60-1
5’ Cord, No plug for
220-60-1 & 220-50-1
VTS-44 Base Carton: 39”L (990 mm) x 20” W (508 mm) x 12”H (305 mm)
(2) Drum Carton: 14”L (356 mm) x 14”W (356 mm) x 21”H (533 mm)
Base 78 lbs. (35.4 kg)
2-Drums 20 lbs. (9.1 kg)","محرك بقدرة 1/8 حصان (.09 ك.و) مع فلتر خارجي مثبت على العلبة.
سلك بطول 5 أقدام مع قابس بثلاثة شوكات لـ 115-60-1
سلك بطول 5 أقدام بدون قابس لـ 220-60-1 و220-50-1
أبعاد التغليف الأساسية: طول 39 بوصة (990 مم) × عرض 20 بوصة (508 مم) × ارتفاع 12 بوصة (305 مم)
أبعاد تغليف الأسطوانة (2): طول 14 بوصة (356 مم) × عرض 14 بوصة (356 مم) × ارتفاع 21 بوصة (533 مم)
الوزن الأساسي: 78 رطلاً (35.4 كجم)
وزن الأسطوانتين: 20 رطلاً (9.1 كجم) لكل منهما",{},{},[],true,2024-10-24 16:19:29+00,2025-12-08 13:04:47.773379+00
267,23,2,51,VTS-46,VTS-46,VTS-46,biro-food-processor-vts-46-267,0.00,,"20 lbs. (9.1 kg) Drum, Maximum
15 lbs. (7 kg) Optimum tumbling
12-5/32” I.D. x 8-15/16” OAL Approximately
Base Carton: 39”L (990 mm) x 20” W (508 mm) x 12”H (305 mm)
Drum Carton: 16”L (406 mm) x 16”W (406 mm) x 18”H (457 mm)
1/8HP (.09 kW) with
external filter on case
","سعة الأسطوانة: 20 رطلاً (9.1 كجم) كحد أقصى، حمولة مثالية 15 رطلاً (7 كجم).
الأبعاد الداخلية: 12-5/32 بوصة بقطر داخلي × 8-15/16 بوصة طول الأسطوانة الخارجي.
أبعاد التغليف:
• صندوق الأساس: طول 39 بوصة (990 مم) × عرض 20 بوصة (508 مم) × ارتفاع 12 بوصة (305 مم)
• صندوق الأسطوانة: طول 16 بوصة (406 مم) × عرض 16 بوصة (406 مم) × ارتفاع 18 بوصة (457 مم)
مزود بمحرك بقوة 1/8 حصان (.09 ك.و) مع فلتر خارجي مثبت على العلبة.

",{},{},[],true,2024-10-24 16:25:19+00,2025-02-22 03:38:39+00
268,23,2,51,VTS-100,VTS-100,VTS-100,biro-food-processor-vts-100-268,0.00,,"Drum
Capacity
100 lbs. (45.4 kg) Maximum
100 lbs. (45.4 kg) Approximate, Optimum tumbling load.

5” Locking swivel casters • Drain cap wrench • External moisture trap with removal tool • Internal in-line vacuum filter • 1 Extra filter element • 8’ cord and plug 115V • 8’ cord NO plug 220V • 4 Quick release toggle clamps on lid •
Silicone lid gasket • Operating and Safety manual. 
220-50-1 or 230-60-1 • Leg extensions • Stainless steel swivel
locking (delrin bearing) casters with stainless steel (swivel plate)
ball bearings • Reverse switch momentary • Programmable
multi-function timer • Stainless steel crimped fittings on hose
• Protective enclosure for control panel.
","سعة الأسطوانة: 100 رطل (45.4 كجم) كحد أقصى، الحمولة المثلى حوالي 100 رطل (45.4 كجم).
• عجلات دوارة قابلة للقفل بقطر 5 بوصات
• مفتاح تصريف
• فخ خارجي للرطوبة مع أداة إزالة
• فلتر تفريغ داخلي متصل بخط الأنابيب
• عنصر فلتر إضافي
• سلك بطول 8 أقدام وقابس لـ 115 فولت
• سلك بطول 8 أقدام بدون قابس لـ 220 فولت
• 4 مشابك إغلاق سريعة على الغطاء
• حشية غطاء من السيليكون
• دليل التشغيل والأمان.
الخيارات الإضافية: مؤقت متعدد الوظائف قابل للبرمجة، تجهيزات الفولاذ المقاوم للصدأ، غطاء حماية للوحة التحكم.

",{},{},[],true,2024-10-24 16:34:54+00,2025-12-08 13:04:47.773379+00
269,23,2,51,VTS-500,VTS-500,VTS-500,biro-food-processor-vts-500-269,0.00,,"220-50-1 or 230-60-1 • Leg extensions • Stainless steel swivel
locking (delrin bearing) casters with stainless steel (swivel plate)
ball bearings • Reverse switch momentary • Stainless steel
crimped fittings on hose • Protective enclosure for control panel.
Uncrated: 645 lbs. (293 kg) Approximate
Crated: 990 lbs. (449 kg) Approximate
L = 96” (2438mm) x W = 42” (1067mm) x H = 57” (1448mm).","الخيارات المتاحة: 220-50-1 أو 230-60-1
• تمديدات الأرجل
• عجلات دوارة من الفولاذ المقاوم للصدأ مع محامل كروية من الفولاذ المقاوم للصدأ
• مفتاح عكسي لحظي
• تجهيزات فولاذية مقاومة للصدأ على الخرطوم
• غطاء حماية للوحة التحكم.
الوزن بدون تعبئة: حوالي 645 رطلاً (293 كجم)
الوزن مع التعبئة: حوالي 990 رطلاً (449 كجم)
الأبعاد: الطول 96 بوصة (2438 مم) × العرض 42 بوصة (1067 مم) × الارتفاع 57 بوصة (1448 مم).

",{},{},[],true,2024-10-24 16:41:47+00,2025-02-22 03:38:39+00
270,23,2,51," F1000N FOOD/PATTY FORMER",ماكينة تشكيل الطعام/البرجر F1000N,F1000N,biro-food-processor-f1000n-270,0.00,,"Models: F1000N
Dims. (Std. Conv.)
Weight
Shipping Weight
Wood Box Dims.
L22.8” (579mm) x W20.5” (519mm) x H23.3” (592mm)
126 lbs (57 kg)
168 lbs (76.2 kg) Approx.
L30” (762mm) x W27” (686mm) x H29” (737mm)","الطراز: F1000N
الأبعاد (القياسية): الطول 22.8 بوصة (579 مم) × العرض 20.5 بوصة (519 مم) × الارتفاع 23.3 بوصة (592 مم)
الوزن: 126 رطلاً (57 كجم)
وزن الشحن: 168 رطلاً (76.2 كجم)
أبعاد صندوق الشحن: الطول حوالي 30 بوصة (762 مم) × العرض 27 بوصة (686 مم) × الارتفاع 29 بوصة (737 مم).

",{},{},[],true,2024-10-24 17:59:39+00,2025-02-22 03:38:39+00
271,23,2,51,F2000PLUSB,F2000PLUSB,F2000PLUSB,biro-food-processor-f2000plusb-271,0.00,,"MODEL F2000PLUSB
Construction: Stainless steel hopper, hopper cover, paddle, enclosure.
 Anodized polished aluminum hopper base and frame.
Motor: 1 HP (.75kw) powered by 115V, 60 Hz, 1 phase inverter card.
Hopper Capacity: 25 Liters - Standard (approximately 35 lbs).
 6.6 gallons/ 25 lt.
Output Capacity: Variable speed - Standard, approximately 1000-3500 cycles per hour
Standard Equipment: Manual wire drum cleaner, paper holder, pneumatic footswitch. 25 Liter
 hopper, 15-3/8’’ (390.5mm) conveyor belt. 2 pks patty paper (1300 single
 sheets) starter kit. Select one standard single hole mold poly drum from the
 mold/hole selection chart, lifting handle for cleaning.","الطراز F2000PLUSB
البنية: قادوس من الفولاذ المقاوم للصدأ، غطاء القادوس، مجداف، هيكل خارجي من الألمنيوم المصقول والمطلي.
المحرك: 1 حصان (0.75 ك.و) يعمل بقدرة 115 فولت، 60 هرتز، 1 طور.
سعة القادوس: 25 لترًا - قياسي (حوالي 35 رطلاً).
القدرة على الإخراج: سرعة متغيرة - قياسي، حوالي 1000-3500 دورة في الساعة.
المعدات القياسية: منظف أسطوانة سلكي يدوي، حامل للورق، مفتاح دواسة هوائي.
حزام ناقل بطول 15-3/8 بوصة (390.5 مم).",{},{},[],true,2024-10-24 18:06:04+00,2025-02-22 03:38:39+00
272,23,2,51,F4000PLUSB,F4000PLUSB,F4000PLUSB,biro-food-processor-f4000plusb-272,0.00,,"Construction: Stainless steel body, hopper, hopper cover.
Drum Mold: White Poly - Select one, Single Round Hole (Round, Oval, or Square) Drum at no charge (See Below).
 Additional Standard or Non-Standard drum molds available at Extra Charge. Contact your representative for
 more drum options. Note: Maximum product thickness of the 5.12”(130mm) diameter hole drum is
 1”(25.4mm) thick.","البنية: جسم من الفولاذ المقاوم للصدأ، قادوس، وغطاء القادوس.
قالب الأسطوانة: بوليمر أبيض - اختر واحدة، أسطوانة ذات فتحة دائرية واحدة (دائرية، بيضاوية، أو مربعة) بدون تكلفة إضافية. تتوفر قوالب أسطوانات قياسية أو غير قياسية بتكلفة إضافية. اتصل بالممثل للحصول على خيارات إضافية.
ملاحظة: السماكة القصوى للمنتج التي يمكن استخدامها مع أسطوانة بقطر 5.12 بوصة (130 مم) هي 1 بوصة (25.4 مم).

",{},{},[],true,2024-10-24 18:10:26+00,2025-02-22 03:38:39+00
273,23,2,51,109PC - Horizontal Slicer,شريحة أفقية 109PC,109PC,biro-food-processor-109pc-273,0.00,,"Standard Items
Supplied
10’ (3048mm) Size 12-4 wire Power Cord less plug • 2 pre-selected Cutting Blades - see above • Stainless Steel
Surplus Catch Tray • Stainless Steel Product Guide Leaf Spring • Operating and Safety Manual
Options
(Extra Cost)
9” (228mm) or 11” (279mm) Stainless Steel Leg Extensions • Stainless Steel Casters with 5” (127mm) diameter
Prevenz Anti-microbial Wheels • a 10” (254mm) W x 48-3/8” (1229mm) L Product Take-away Conveyor, Variable
Speed from 0 to 55 feet (0 to 16.8 meters) per minute • Removable Food Grade Belt • Independent On-Off Switch •
Conveyor belt discharge height from floor is adjustable from 27” (686mm) to 31” (787mm). The min. and max.
conveyor belt discharge height dimensions change accordingly when either 9” (228mm) or 11” (279mm) optional
leg extensions are used","العناصر القياسية الموردة:
• سلك طاقة بحجم 10 أقدام (3048 مم) بحجم 12-4
• صينية فائض من الفولاذ المقاوم للصدأ
• دليل الربيع لدليل المنتج المصنوع من الفولاذ المقاوم للصدأ
• دليل التشغيل والأمان

الخيارات (بتكلفة إضافية):
• تمديدات أرجل من الفولاذ المقاوم للصدأ بطول 9 بوصات (228 مم) أو 11 بوصة (279 مم)
• عجلات من الفولاذ المقاوم للصدأ بقطر 5 بوصات (127 مم) بميزات مضادة للميكروبات Prevenz
• ناقل أخذ المنتج بعرض 10 بوصات (254 مم) × طول 48-3/8 بوصة (1229 مم) بسرعات متغيرة من 0 إلى 55 قدم (0 إلى 16.8 متر) في الدقيقة
• حزام ناقل من الدرجة الغذائية قابل للإزالة
• مفتاح تشغيل/إيقاف مستقل
• ارتفاع حزام الناقل عن الأرض قابل للتعديل من 27 بوصة (686 مم) إلى 31 بوصة (787 مم)، مع تغيير الحد الأدنى والحد الأقصى لارتفاع الحزام عند استخدام تمديدات الأرجل الاختيارية بطول 9 بوصات (228 مم) أو 11 بوصة (279 مم).",{},{},[],true,2024-10-24 18:21:04+00,2025-02-22 03:38:39+00
274,18,2,51,easy tomato slicer 2,قاطعة الطماطم السهلة 2,easy tomato slicer 2,nemco-food-processor-easy-tomato-slicer-2-274,0.00,,"Compact, convenient and efficient, the Nemco 3/16"" Cut The Easy Tomato Slicer II - 18 5/8""L x 7 1/2""W x 9 3/8""H has long been a favorite food prep equipment in food service kitchens. Now, this beloved tomato slicer has been upgraded for an even better performance through an updated cartridge design.
Nemco 3/16"" Cut The Easy Tomato Slicer II - 18 5/8""L x 7 1/2""W x 9 3/8""H","تصميم مضغوط ومريح وفعال، وقد أصبحت قاطعة الطماطم السهلة 3/16 بوصة المفضلة في مطابخ الخدمة الغذائية. الآن، تمت ترقية هذه القاطعة المحبوبة للطماطم لتحسين الأداء بشكل أكبر من خلال تصميم خرطوشة محدث.

",{},{},[],true,2024-10-26 14:28:52+00,2025-02-22 03:38:39+00
275,18,2,51,Roma Tomato Slicer,قاطعة الطماطم روما,56610,nemco-food-processor-56610-275,0.00,,"Cast aluminum frame is light weight, but extremely durable
Cartridge blade assembly pops in and out by pulling two pins
Stainless-steel scalloped blades zip right through the tomato with no crushing or squeezing
Roma-tailored cradle remains stable, but lifts out with ease
Suction-cup feet hold fast to any countertop surface
Compact size makes the unit exceptionally portable","الإطار المصنوع من الألومنيوم المصبوب خفيف الوزن ولكنه متين للغاية.
آلية الشفرة: يسهل إزالة مجموعة الشفرة من خلال سحب دبوسين فقط.
تثبت الأرجل ذات قاعدة شفط بإحكام على أي سطح طاولة، مما يجعل الجهاز قابلًا للنقل بسهولة.
",{},{},[],true,2024-10-26 14:37:35+00,2025-02-22 03:38:39+00
276,18,2,51,easy chopper 3,قاطعة الخضار السهلة 3,57500,nemco-food-processor-57500-276,0.00,,"Tall, sprawling base allows chopped produce to fall straight into a 1/6- or 1/3-size six-inch food pan, or a two-quart round pan
Push block’s nylon-based resin is highly resilient and less prone to suffer impact damage
Large 4 1/4""-square cutting area accommodates the BIG veggies","قاعدة مرتفعة تتيح للمنتجات المقطعة أن تسقط مباشرةً في وعاء طعام بحجم 1/6 أو 1/3 بوصة أو وعاء دائري بسعة 2 كوارت.
المادة: راتنج النايلون المستخدم في الكتلة الضاغطة قوي للغاية وأقل عرضة للتلف بسبب الصدمات.
مساحة القطع: مساحة كبيرة 4 1/4 بوصة مربعة تناسب الخضار الكبيرة.

",{},{},[],true,2024-10-26 14:48:38+00,2025-02-22 03:38:39+00
277,18,2,51,easy chopper 3/8,قاطعة الخضار السهلة 3/8,easy chopper 3/8,nemco-food-processor-easy-chopper-38-277,0.00,,"Replace a knife with a blade
grid and a gravity-driven pusher,
and the resulting Easy Chopper
has since become a staple item
in kitchens all across the
foodservice world
Compact Design: Its compact, countertop-friendly size is ideal for space-limited commercial kitchens.
Usage: Suitable for high-volume prep in commercial kitchens, including restaurants, cafeterias, and catering operations.","استبدل السكين بشبكة شفرة ودفاعة تعمل بالجاذبية، وأصبحت القاطعة السهلة من الأدوات الأساسية في المطابخ حول العالم.
تصميم مدمج: حجمها الصغير الملائم للطاولات يجعلها مثالية للمطابخ التجارية المحدودة المساحة.
الاستخدام: مناسبة للتحضير بكميات كبيرة في المطابخ التجارية، بما في ذلك المطاعم والمقاهي وعمليات تقديم الطعام.
",{},{},[],true,2024-10-26 15:07:22+00,2025-02-22 03:38:39+00
278,18,2,51,Nemco 55050AN-WR Spiral Fry Wavy Ribbon Potato Cutter Manual,قاطعة البطاطس المموجة اليدوية 55050AN-WR من نيمكو,55050AN-WR,nemco-food-processor-55050an-wr-278,0.00,,"Specifications
SKU: 130200
Manufacturer: Nemco
Model: 55050AN-WR
Weight: 6 lbs.
Width: 5.5 in.
Depth: 22 in.
Height: 9 in.

Features

Spiral Fry™
Wavy ribbon style cuts
Cast aluminum and stainless steel body construction
Slide mount dimensions: 3.25"" wide x 3"" deep
Overall dimensions: 5.5"" wide x 22"" deep x 9"" high (With potato holder fully retracted)
NSF","المواصفات:
SKU: 130200
الشركة المصنعة: نيمكو
الوزن: 6 أرطال
العرض: 5.5 بوصة
العمق: 22 بوصة
الارتفاع: 9 بوصة
الميزات:
قطع شريط حلزوني مموج
هيكل من الألومنيوم والفولاذ المقاوم للصدأ
أبعاد قاعدة الشرائح: عرض 3.25 بوصة × عمق 3 بوصة
الأبعاد الإجمالية: عرض 5.5 بوصة × عمق 22 بوصة × ارتفاع 9 بوصة (مع حامل البطاطا المرتد بالكامل)
حاصل على شهادة NSF.
",{},{},[],true,2024-10-26 15:19:56+00,2025-02-22 03:38:39+00
279,18,2,51,Nemco PowerKut Food Cutter,قاطعة الطعام باور كات من نيمكو,Nemco PowerKut Food Cutter,nemco-food-processor-nemco-powerkut-food-cutter-279,0.00,,"Weight: Weighs between 40 to 50 lbs depending on configuration
Power Requirements:
Operates on 120V/60Hz (North American standard)
Power usage ranges between 600 and 750 watts
Capacity: Designed to handle bulk food prep, suitable for high-demand kitchens
Dimensions: Approximately 14 inches wide x 16 inches deep x 18 inches high (size varies by model)
Blades: Constructed from high-grade stainless steel for precision and durability
Motor Power: Equipped with a robust 0.5 HP motor that enables fast and efficient cutting for large quantities","الوزن: يتراوح الوزن بين 40 إلى 50 رطلاً حسب التكوين
متطلبات الطاقة: يعمل على 120 فولت/60 هرتز (المعيار الأمريكي)
استهلاك الطاقة: يتراوح بين 600 و750 واط
السعة: مصمم للتعامل مع تحضير الطعام بكميات كبيرة، مناسب للمطابخ ذات الطلب العالي
الأبعاد: العرض حوالي 14 بوصة × العمق 16 بوصة × الارتفاع 18 بوصة (يختلف الحجم حسب الطراز)
الشفرات: مصنوعة من الفولاذ المقاوم للصدأ عالي الجودة للقطع بدقة ومتانة
قوة المحرك: مزود بمحرك قوي بقوة 0.5 حصان يتيح تقطيعًا سريعًا وفعالًا لكميات كبيرة
",{},{},[],true,2024-10-26 16:30:11+00,2025-02-22 03:38:39+00
280,18,2,51,Easy vegetable noodler,لة صنع النودلز النباتية السهلة,55050AN-P,nemco-food-processor-55050an-p-280,0.00,,"Blade Type: High-quality stainless steel blades designed to create spiral cuts with ease.
Material: Constructed from durable, food-grade stainless steel and a robust plastic frame for long-lasting use.
Cut Options: Offers multiple settings for different noodle thicknesses, allowing for varied textures.
Manual Operation: Hand-crank mechanism eliminates the need for electrical power, making it versatile for any kitchen setup.","نوع الشفرة: شفرات من الفولاذ المقاوم للصدأ عالية الجودة مصممة لإجراء القطع الحلزوني بسهولة.
المادة: مصنوعة من الفولاذ المقاوم للصدأ الآمن للأغذية وإطار بلاستيكي متين للاستخدام طويل الأمد.
خيارات التقطيع: توفر إعدادات متعددة لسماكات مختلفة للنودلز، مما يسمح بتقديم قوام متنوع.
التشغيل اليدوي: آلية كرنك يدوي تلغي الحاجة للطاقة الكهربائية، مما يجعلها متعددة الاستخدامات لأي إعداد مطبخي.
",{},{},[],true,2024-10-26 16:38:31+00,2025-02-22 03:38:39+00
281,18,2,51,easy frykutter vegetable cutter,إيزي فراي كتر لتقطيع الخضار,easy frykutter vegetable cutter 1/2? 55450-3,nemco-food-processor-easy-frykutter-vegetable-cutter-12-55450-3-281,0.00,,"Push Block Design: Includes an ergonomic push block, allowing operators to easily apply pressure for clean cuts with minimal effort.
Handle: Features a long, ergonomic handle that provides leverage, reducing operator fatigue during repeated use.
Mounting Options: Can be securely mounted to a wall or countertop to enhance stability while cutting.
Non-Slip Feet: Rubberized feet prevent the unit from slipping during operation, ensuring safety.
Easy Disassembly: The blade assembly and push block can be easily removed for quick cleaning and maintenance.
Applications: Ideal for cutting potatoes into fries, as well as other firm vegetables like onions, peppers, and zucchini.
Compact Design: Space-saving design that fits well on countertops, ideal for commercial kitchens with limited space.","تصميم الكتلة الضاغطة: مزود بكتلة ضاغطة مريحة.
خيارات التثبيت: يمكن تثبيته على الحائط أو الطاولة.
أرجل غير قابلة للانزلاق: الأرجل المطاطية تمنع الانزلاق أثناء التشغيل.",{},{},[],true,2024-10-26 16:52:53+00,2025-02-22 03:38:39+00
282,18,2,51,Monster FryKutter,مونستر فراي كتر,56450A-1,nemco-food-processor-56450a-1-282,0.00,,"Cut Size Options: Available in various blade sizes (such as 3/8"", 1/2"", or custom options) to accommodate different cut preferences for fries and vegetables.
Blade Material: Made from high-carbon stainless steel, ensuring razor-sharp cuts, rust resistance, and durability even under heavy use.
Frame Material: Heavy-duty cast aluminum frame with reinforced steel supports for added stability and strength.
Handle Design: Extra-long, ergonomic handle provides significant leverage, reducing operator fatigue while cutting through dense vegetables like potatoes and sweet potatoes.","خيارات حجم القطع: متوفرة بأحجام شفرات متعددة لتلبية احتياجات القطع المختلفة.
مادة الشفرة: مصنوعة من الفولاذ المقاوم للصدأ عالي الكربون، مما يضمن قطعًا حادًا ومقاومة للصدأ.
مادة الإطار: إطار من الألومنيوم المصبوب مع دعم إضافي من الفولاذ المقاوم للصدأ.

",{},{},[],true,2024-10-26 17:00:10+00,2025-02-22 03:38:39+00
283,18,2,51,Monster Airmatic FryKutter,مونستر إيرماتيك فراي كتر,Monster Airmatic FryKutter,nemco-food-processor-monster-airmatic-frykutter-283,0.00,,"Operation: Pneumatic (air-powered) mechanism, eliminating the need for manual effort and reducing operator fatigue, especially in high-volume settings.
Cut Sizes: Available in multiple cut size options (such as 1/4"", 3/8"", and 1/2"") for different styles of fries and diced vegetables.
Material:
Blades: High-carbon stainless steel, offering sharpness, corrosion resistance, and longevity.
Frame: Heavy-duty, anodized aluminum frame with reinforced stainless steel components for enhanced durability.
Air Pressure Requirement: Typically requires 60–90 PSI (pounds per square inch) air pressure, making it compatible with standard commercial air compressors.","التشغيل: آلية تعمل بالهواء المضغوط، مما يلغي الحاجة إلى الجهد اليدوي ويقلل من إرهاق المشغل، خاصة في البيئات ذات الحجم الكبير.
أحجام القطع: متوفرة بأحجام متعددة لشرائح البطاطا والخضروات.
المادة: شفرات عالية الكربون من الفولاذ المقاوم للصدأ وإطار من الألومنيوم المعالج.
",{},{},[],true,2024-10-26 17:07:25+00,2025-02-22 03:38:39+00
284,18,2,51,Easy lettucekutter,إيزي ليتيس كاتر,Easy lettucekutter,nemco-food-processor-easy-lettucekutter-284,0.00,,"Capacity: Can handle a whole head of lettuce or large quantities of leafy greens in one operation, optimizing prep time for busy kitchens.
Easy Disassembly: Removable blade and push block assemblies for quick cleaning, reducing downtime and maintaining hygiene standards.
Ergonomic Handle: Designed for ease of use, with an ergonomic handle that requires minimal effort, making it ideal for repetitive use.
Compact Design: Space-saving design suitable for countertops and commercial kitchen setups, maximizing efficiency.
Applications: Ideal for chopping lettuce, cabbage, and other leafy greens for salads, sandwiches, and wraps.
Safety Shield: Includes a protective shield around the blade area to prevent accidental contact with sharp edges during operation.","السعة: يمكنه معالجة رأس كامل من الخس أو كميات كبيرة من الخضار الورقية في عملية واحدة.
سهولة التفكيك: وحدات الشفرات والكتلة الضاغطة قابلة للإزالة للتنظيف السريع.
مقبض مريح: مصمم للاستخدام السهل والمتكرر.
التصميم المدمج: يناسب أسطح المطابخ التجارية.

",{},{},[],true,2024-10-26 17:14:17+00,2025-02-22 03:38:39+00
285,18,2,51,Easy Onion Slicer 2,إيزي أونيون سلايسر 2,56750-1,nemco-food-processor-56750-1-285,0.00,,"STANDARD FEATURES:

The blade set is properly aligned and tensioned at the factory and requires zero tightening.
Easy Onion Slicer II features stainless steel blades and commercial-grade aluminum construction for lasting durability.
Multipurpose slicer can cut a variety of different vegetables or fruits.
Sturdy legs with rubber stopper feet stabilize unit for smooth slicing.","المواصفات القياسية: مجموعة الشفرات مضبوطة في المصنع ولا تتطلب شدًا. يتميز إيزي أونيون سلايسر II بشفرات من الفولاذ المقاوم للصدأ وهيكل من الألومنيوم التجاري لتحمل المتانة. يمكنه تقطيع مجموعة متنوعة من الخضروات أو الفواكه.

",{},{},[],true,2024-10-26 17:25:30+00,2025-02-22 03:38:39+00
286,18,2,51,Easy wedger & easy apple corer,إيزي ويدجر & إيزي أبل كورر,55550-6,nemco-food-processor-55550-6-286,2500.00,,"Cut Types: Available in a variety of wedge sizes, including 4, 6, 8, or 10 wedges, providing versatility for different food presentation needs.
Blade Material: High-quality stainless steel blades that maintain sharpness for consistent and precise cuts, even with repetitive use.
Frame Material: Durable aluminum frame designed to withstand heavy-duty, high-volume kitchen environments.
Push Block Design: Features an ergonomic push-down handle with a weighted base for easy, quick, and efficient wedging.
Non-Slip Base: Equipped with rubber feet to prevent slipping, enhancing stability and user safety during use.","أنواع القطع: متوفر بأحجام قطع متعددة مثل 4، 6، 8 أو 10 قطع، مما يتيح تنوعًا في تقديم الطعام.
مادة الشفرة: شفرات عالية الجودة من الفولاذ المقاوم للصدأ، تضمن قطعًا دقيقًا ومتساويًا حتى مع الاستخدام المتكرر.
مادة الإطار: إطار من الألومنيوم متين ومصمم لتحمل بيئات المطبخ ذات الحجم الكبير.
تصميم الكتلة الضاغطة: مزود بمقبض يدوي مريح مع قاعدة ثقيلة لسهولة التقطيع.
قاعدة غير قابلة للانزلاق: مجهزة بأرجل مطاطية لمنع الانزلاق، مما يعزز الاستقرار وسلامة المستخدم.
",{},{},[],true,2024-10-26 17:32:46+00,2025-02-22 03:38:39+00
287,18,2,51,Easy Pineapple Corer & Peeler,إيزي كورر & بييلر للأناناس,55775,nemco-food-processor-55775-287,5000.00,,"Height: 19 11/16”
Width: 11 9/16”
Depth: 13 15/16”
Diameter: 3 1/2”
Pineapples aren’t just for tropical destinations. When used in desserts, breakfast fruit bowls, or even pina colada smoothies, they can remind people of hot temperatures, white sandy beaches, and clear blue water. The only problem is that peeling and coring this funky-looking fruit can be a bit of a pain.","الارتفاع: 19 11/16 بوصة
العرض: 11 9/16 بوصة
العمق: 13 15/16 بوصة
القطر: 3.5 بوصة
ليس الأناناس حكرًا على الأماكن الاستوائية. عندما يستخدم في الحلويات أو كوجبة فاكهة صباحية أو حتى في مشروبات مثل بينا كولادا، يمكنه أن يذكّر الناس بالشواطئ البيضاء والمياه الصافية، لكن تقشير وقطع هذا الفاكهة ليس دائمًا سهلاً.
",{},{},[],true,2024-10-26 17:50:47+00,2025-02-22 03:38:39+00
288,18,2,51,easy flowering onion cutter,إيزي فلاورينج أونيون كاتر,easy flowering onion cutter,nemco-food-processor-easy-flowering-onion-cutter-288,0.00,,"The Easy Flowering Onion™ cutter makes it easy to prepare the popular, profitable appetizer. Simply place an onion in the Easy Flowering Onion™ and pull down the handle, then lift the handle and you're done. You now have a perfect flowered onion ready to bread, fry and serve. This cutter really boosts your bottom line!
Made in the USA
Stainless Steel Blades
Easy to Operate and Clean
NSF Certified
Cut Size: 3/16""
Height: 17""
Width: 13-1/2""
Depth: 11-1/4""
Ship Weight: 20 lbs.
2-Year Parts and Labor Warranty
Model #: 55700","تجعل آلة تقطيع زهرة البصل إيزي فلاورينج أونيون تحضير المقبلات الشهيرة والربحية أمرًا سهلاً. ضع بصلة في الجهاز واسحب المقبض للأسفل، ثم ارفعه، وستحصل على زهرة بصل مثالية جاهزة للقلي والتقديم. مصنوع في الولايات المتحدة، شفرات من الفولاذ المقاوم للصدأ، سهل الاستخدام والتنظيف، حاصل على شهادة NSF.
",{},{},[],true,2024-10-30 12:45:57+00,2025-02-22 03:38:39+00
289,18,2,51,Green Onion Slicer Plus,جرين أونيون سلايسر بلس,55250A,nemco-food-processor-55250a-289,0.00,,"Features
Slice 3/16""
Metal Make
Manual Operation
Wall Mounted Design
12.5""(H) x 6.75""(W) x 11.25""(D)
For a fast pace food environment, this Green Onion Slicer Plus is a great investment. It can slice a variety of produce such as green onions, mushrooms, peppers, cucumbers, olives and even fruits like strawberries and bananas. It slices produce 3/16"" thick while leaving amble counter space to prep, since it's wall mounted. This unit is NSF listed and built for continuous use.
","المميزات
شرائح بسماكة 3/16 بوصة
مصنوع من المعدن
تشغيل يدوي
تصميم مثبت على الحائط
بأبعاد 12.5 بوصة (ارتفاع) × 6.75 بوصة (عرض) × 11.25 بوصة (عمق)
يعتبر جرين أونيون سلايسر بلس استثمارًا رائعًا للبيئات الغذائية ذات الوتيرة السريعة، حيث يمكنه تقطيع مجموعة متنوعة من الخضروات مثل البصل الأخضر، الفطر، الفلفل، الخيار، الزيتون وحتى الفواكه مثل الفراولة والموز. مناسب لتوفير مساحة على الطاولة حيث أنه مثبت على الحائط.
",{},{},[],true,2024-10-30 12:49:58+00,2025-02-22 03:38:39+00
290,18,2,51,Easy Cheeser™,إيزي تشيزر™,55300A,nemco-food-processor-55300a-290,0.00,,"Dimensions:

Width: 6.75 in.
Depth: 12.5 in.
Height: 4.5 in.
Net Weight: 3.8 lbs
Gross Weight: 5 lbs
Effortlessly cut uniform cheese slices of various sizes with the Nemco 55300A series easy cheeser. This simple, yet efficient tool enables you to easily create perfect cheese slices with every use. With a variety of cut sizes available, you can craft the exact cheese slices you need with ease and speed. Perfect for any kitchen!","الأبعاد:
العرض: 6.75 بوصة
العمق: 12.5 بوصة
الارتفاع: 4.5 بوصة
الوزن الصافي: 3.8 رطل
الوزن الإجمالي: 5 رطل
يتيح لك جهاز إيزي تشيزر من سلسلة Nemco 55300A تقطيع شرائح جبن متساوية بأحجام مختلفة بسهولة وسرعة. هذه الأداة البسيطة والفعالة مثالية لأي مطبخ!

",{},{},[],true,2024-10-30 12:55:15+00,2025-02-22 03:38:39+00
291,18,2,51,CanPRO®  Compact Can Opener,فتاحة العلب كومباكت CanPRO®,56050-1,nemco-food-processor-56050-1-291,0.00,,"This Nemco CanPro Stainless Steel Compact Permanent Mount Manual Can Opener - 9 1/2""L x 6""W x 9 1/2""H is designed to adhere to the food hygiene practices and is a valuable companion for any food operation. The can opener prevents the lid from falling in by cutting along the side of the can. In addition, the top remover avoids cross-contamination as it does not come into contact with the contents while preventing metal splinters. It is constructed with durable stainless steel and aluminum nickel plating and is resistant to breaking down thanks to tis gearless drive.

Our range of food prep smallwares is highly-coveted by culinary professionals due to the wide variety of products available on our online catalog that caters to their specific needs.

Permanent mount for fixed use
Never makes inside contact for hygienic use",تتميز فتاحة العلب CanPro من نيمكو من الفولاذ المقاوم للصدأ بتصميمها المثبت بشكل دائم واليدوي - بطول 9 1/2 بوصة وعرض 6 بوصة وارتفاع 9 1/2 بوصة، مما يجعلها أداة قيّمة لأي مطبخ تجاري. تمنع هذه الفتاحة سقوط الغطاء بقطعها على جانب العلبة، وتجنب التلوث المتبادل بفضل عدم تلامسها مع المحتويات، كما تمنع الشظايا المعدنية. تم تصنيعها من الفولاذ المقاوم للصدأ ومطلية بالنيكل، مما يجعلها مقاومة للتآكل بفضل تصميمها الخالي من التروس. يعد هذا المنتج من المستلزمات المفضلة لدى المحترفين في إعداد الطعام بفضل مجموعة المنتجات الواسعة المتاحة في كتالوجنا الإلكتروني,{},{},[],true,2024-10-30 12:59:15+00,2025-02-22 03:38:39+00
292,18,2,51,Easy Chicken Slicer,قطاعة الدجاج السهلة,55975,nemco-food-processor-55975-292,0.00,,"Key Features
Efficient Design: Slices chicken quickly and evenly with minimal effort.
Adjustable Settings: Choose slice thickness to suit any recipe.
Compact and Lightweight: Easy to store and transport.
Durability: Built with high-quality materials designed for long-lasting use.","الميزات الرئيسية
تصميم فعال: يقطع الدجاج بسرعة وبشكل متساوٍ مع جهد ضئيل.
إعدادات قابلة للتعديل: اختر سمك الشرائح ليناسب أي وصفة.
تصميم مدمج وخفيف الوزن: سهل التخزين والنقل.
التحمل: مصنوع من مواد عالية الجودة مصممة للاستخدام الطويل الأمد.
",{},{},[],true,2024-10-30 13:05:55+00,2025-02-22 03:38:39+00
293,18,2,51,Easy Juicer,عصارة يدوية سهلة,55850,nemco-food-processor-55850-293,0.00,,"Efficient Lever Action: The long handle with a 20:1 mechanical advantage reduces effort while delivering maximum juice yield.
Durable Construction: Built with corrosion-resistant materials for longevity in commercial environments.
Quick and Consistent Juicing: The reinforced reamer and heavy-duty base ensure smooth and consistent juicing every time.
Compact Design: Space-saving, making it ideal for countertops in busy kitchen environments.
Easy to Clean: Removable parts and a streamlined design make cleaning and maintenance quick and simple.","آلية عمل بالكفاءة: الذراع الطويلة بنسبة ميكانيكية 20:1 تقلل الجهد مع تحقيق أقصى عائد من العصير.
بناء متين: مصنوعة من مواد مقاومة للتآكل لتدوم في البيئات التجارية.
عصير سريع ومتسق: قاعدة ثقيلة وتقوية خاصة للريمر لضمان عصر سلس ومتسق في كل مرة.
تصميم مدمج: توفير المساحة، مما يجعله مثاليًا للكونترتوب في المطابخ المزدحمة.
سهولة التنظيف: أجزاء قابلة للإزالة وتصميم انسيابي يجعل التنظيف والصيانة سريعًا وبسيطًا",{},{},[],true,2024-10-30 16:30:11+00,2025-02-22 03:38:39+00
294,18,2,51,Egg Slicer,قطاعة البيض,55400,nemco-food-processor-55400-294,0.00,,"Key Features
Efficient and Consistent Slicing: Cuts hard-boiled eggs into even slices with a single press, saving time and effort.
Compact Design: Small and lightweight, easy to store in any kitchen drawer.
Stainless Steel Wires: Sharp, corrosion-resistant wires for clean cuts and long-lasting durability.
Easy to Use: Simply place the egg in the holder and press down for quick slicing.
Versatile Applications: Great for salads, sandwiches, and garnishing, with potential use for other soft foods like strawberries or mushrooms.","الميزات الرئيسية
تقطيع فعال ومتساوٍ: يقطع البيض المسلوق إلى شرائح متساوية بضغط واحد، مما يوفر الوقت والجهد.
تصميم مدمج: صغير وخفيف الوزن، سهل التخزين في أي درج مطبخ.
أسلاك من الفولاذ المقاوم للصدأ: أسلاك حادة ومقاومة للتآكل لقطع نظيف وطول عمر.
سهل الاستخدام: ببساطة ضع البيض في الحامل واضغط للأسفل للتقطيع السريع.
تطبيقات متعددة: مثالي للسلطات والسندويشات والزينة، ويمكن استخدامه مع الأطعمة الطرية الأخرى مثل الفراولة أو الفطر",{},{},[],true,2024-10-30 16:36:16+00,2025-02-22 03:38:39+00
295,18,2,51,ShrimpPro 2000 Power Shrimp Cutter & Deveiner,قطاعة وتنظيف الروبيان ShrimpPro 2000,55925,nemco-food-processor-55925-295,12900.00,,"High Processing Speed: Cuts, peels, and deveins up to 4,000 shrimp per hour, ideal for high-volume environments.
Precision Cutting and Deveining: Ensures consistent cuts and thorough deveining, enhancing presentation and food quality.
Durable Construction: Made from high-quality stainless steel and ABS plastic, built to withstand heavy use.","سرعة معالجة عالية: تقطع وتقشر وتزيل الأوردة حتى 4,000 روبيان في الساعة، مثالية للبيئات ذات الحجم الكبير.
قطع وتنظيف دقيق: يضمن قطعًا ثابتًا وتنظيفًا كاملاً، مما يحسن من جودة العرض والطعام.
بناء متين: مصنوع من الفولاذ المقاوم للصدأ والبلاستيك ABS عالي الجودة، مصمم لتحمل الاستخدام المكثف.

",{},{},[],true,2024-10-30 16:41:00+00,2025-12-08 13:04:47.773379+00
296,18,2,51,Easy Tuna Press,مكبس التونة السهل,55800,nemco-food-processor-55800-296,0.00,,"Quick and Efficient Pressing: Easily removes excess water or oil from canned tuna with one press.
Durable Construction: High-quality stainless steel and BPA-free plastic for longevity and food safety.
Compact and Lightweight: Easy to store and handle, perfect for kitchens of all sizes.
Easy to Use: Simple, press-down mechanism that requires minimal effort.","ضغط سريع وفعال: يزيل بسهولة الماء أو الزيت الزائد من التونة المعلبة بضغط واحد.
بناء متين: مصنوع من الفولاذ المقاوم للصدأ والبلاستيك الخالي من BPA لطول العمر وسلامة الأغذية.
تصميم مدمج وخفيف الوزن: سهل التخزين والاستخدام، مثالي للمطابخ ذات الأحجام المختلفة.
سهل الاستخدام: آلية ضغط بسيطة تتطلب جهدًا ضئيلًا",{},{},[],true,2024-10-30 16:44:25+00,2025-02-22 03:38:39+00
297,18,2,51,Roller Grills,شوايات الرول,8010,nemco-food-processor-8010-297,0.00,,"Height: 7 1/4”
Depth: 11”
Width: 16”
Volts: 120
Watts: 330
Capacity: 10 Hot Dogs
No. of Rollers: 6 Rollers
Sneeze Guard: No
Width: 16 in","الارتفاع: 7 1/4 بوصة
العمق: 11 بوصة
العرض: 16 بوصة
الفولتية: 120
الواط: 330
السعة: 10 هوت دوغ
عدد الرولات: 6 رولات
حاجز العطس: غير متوفر
العرض: 16 بوصة",{},{},[],true,2024-10-30 17:42:51+00,2025-02-22 03:38:39+00
298,18,2,51,NEMCO 8018-230 18 HOT DOG ROLLER GRILL,نيمكو 8018-230 شواية هوت دوغ بـ 18 رولة,8018 and 8018GD,nemco-food-processor-8018-and-8018gd-298,0.00,,"The NEMCO 8018-230 Hot Dog Roller Grill is a commercial-grade appliance designed to cook and keep hot dogs, sausages, and similar items warm for high-traffic food service environments. With the ability to hold up to 18 hot dogs at a time, it features a durable stainless-steel construction for easy cleaning and long-lasting performance. The rollers rotate 360 degrees, ensuring even heating across all hot dogs, which improves cooking consistency.",شواية الهوت دوغ NEMCO 8018-230 هي جهاز تجاري مصمم لطهي وحفظ الهوت دوغ والنقانق وغيرها من العناصر دافئة في بيئات الخدمة الغذائية ذات الحركة الكثيفة. مع سعة تصل إلى 18 هوت دوغ في وقت واحد، يتميز الجهاز بهيكل من الفولاذ المقاوم للصدأ لسهولة التنظيف والأداء طويل الأمد. تدور الرولات بزاوية 360 درجة، مما يضمن توزيعًا متساويًا للحرارة على جميع الهوت دوغ، مما يحسن من اتساق الطهي,{},{},[],true,2024-10-30 19:04:25+00,2025-02-22 03:38:39+00
299,18,2,51,"Nemco - 8027SX ","Nemco - 8027SX ",Model 8027SX,nemco-food-processor-model-8027sx-299,0.00,,"Watts: 950
Width: 22 1/4”
Volts: 120
Depth: 16 1/4”
Height: 7”
Capacity: 27 Hot Dogs
No. of Rollers: 10 Rollers
Sneeze Guard: No
Width: 22 1/4 in 
If you run a stadium snack bar, cafeteria, concession stand or convenience store, you can’t live without the Nemco Non-Slip Gripslt 27 Hot Dog Roller Grill (8027SX). This invaluable piece of equipment allows you to cook 27 hot dogs at a time and up to 540 hot dogs per hour on its 10 non-slip coated rollers. Each roller has its own heating element, and there are seven heat control settings for your convenience. The Nemco - 8027SX - Non-Slip Gripslt 27 Hot Dog Roller Grill is made from quality aluminum and stainless steel materials that are attractive and durable. ","المواصفات
الواط: 950
العرض: 22 1/4 بوصة
الفولتية: 120 فولت
العمق: 16 1/4 بوصة
الارتفاع: 7 بوصة
السعة: 27 هوت دوغ
عدد الرولات: 10 رولات
حاجز العطس: غير متوفر

إذا كنت تدير بار وجبات خفيفة في الاستاد، أو كافتيريا، أو كشك امتياز، أو متجر صغير، فلن تستطيع الاستغناء عن شواية نيمكو غير القابلة للانزلاق لـ 27 هوت دوغ (8027SX). يتيح لك هذا الجهاز القيم طهي 27 هوت دوغ في وقت واحد وحتى 540 هوت دوغ في الساعة على 10 رولات غير قابلة للانزلاق. يحتوي كل رول على عنصر تسخين خاص به، وهناك سبع إعدادات للتحكم في الحرارة من أجل راحتك. شواية نيمكو - 8027SX - غير القابلة للانزلاق مصنوعة من الألمنيوم عالي الجودة والفولاذ المقاوم للصدأ الذي يتميز بالجاذبية والمتانة.""",{},{},[],true,2024-10-30 19:11:37+00,2025-02-22 03:38:39+00
300,18,2,48,Roller Grills 8036SX,8036SX رولر جريل,8036SX,nemco-cooking-ranges-8036sx-300,0.00,,"Rotation: 360-degree roller rotation provides uniform heat distribution.
Temperature Range: Adjustable heat settings, reaching a temperature range suitable for cooking and holding hot dogs.
Construction: Stainless steel build, enhancing durability and ease of cleaning.","الدوران: دوران الرولات بزاوية 360 درجة يوزع الحرارة بشكل موحد.
مدى الحرارة: إعدادات حرارة قابلة للتعديل، تصل إلى مدى يناسب الطهي وحفظ الهوت دوغ.
البناء: هيكل من الفولاذ المقاوم للصدأ يعزز المتانة ويسهل التنظيف.""",{},{},[],true,2024-10-30 19:16:58+00,2025-02-22 03:38:39+00
303,32,2,48,Heavy Duty Systems Model HDSSPR1," أنظمة المهام الشاقة موديل HDSSPR1",Model HDSSPR1,hds-cooking-ranges-model-hdsspr1-303,0.00,,"Load Capacity: [Specify weight/load capacity]
Operating Speed: [Specify speed, if applicable]
Power Source: [Electric, hydraulic, or manual]
Frame Material: [Steel/Aluminum/Composite materials, specify grade if necessary]
Finish: [Corrosion-resistant coating/galvanized]
Overall Dimensions (LxWxH): [Provide dimensions in cm/inches]
Weight: [Provide weight in kg/lbs]
Voltage: [Specify voltage requirement, e.g., 110V/220V]
Power Consumption: [Specify wattage]","المواصفات القياسية:

سعة التحميل: [حدد وزن التحميل/السعة].
السرعة التشغيلية: [حدد السرعة إذا لزم الأمر].
مصدر الطاقة: [كهربائي، هيدروليكي، أو يدوي].
إطار المواد: [فولاذ/ألمنيوم/مواد مركبة، مع ذكر الدرجة إذا لزم الأمر].
الطلاء: [طلاء مقاوم للتآكل/مجلفن].
الأبعاد الإجمالية (طول × عرض × ارتفاع): [قدم الأبعاد بالسنتيمتر أو البوصة].
الوزن: [حدد الوزن بالكيلوغرام أو الرطل].
الجهد الكهربائي: [حدد متطلبات الجهد الكهربائي، مثل 110V/220V].
استهلاك الطاقة: [حدد الواط].",{},{},[],true,2024-11-16 00:58:04+00,2025-02-22 03:38:39+00
304,32,2,48,Heavy Duty Systems Model HDSCTH-24," أنظمة المهام الشاقة موديل HDSCTH-24",Model HDSCTH-24,hds-cooking-ranges-model-hdscth-24-304,0.00,,"Load Capacity: [Specify weight/load capacity]
Operational Speed: [Specify speed, if applicable]
Duty Cycle: [Specify percentage or duration of operational cycle]
Dimensions (L x W x H): [Provide dimensions in cm/inches]
Weight: [Specify weight in kg/lbs]
Power Supply: [Specify voltage, e.g., 220V/440V AC]
Power Consumption: [Specify wattage or amperage]
Power Type: Electric or hydraulic, depending on configuration","المميزات القياسية:

شعلات من الحديد الزهر بقوة 100,000 وحدة حرارية بريطانية.
شوايات علوية قابلة للإزالة بمقاس 12 × 12 بوصة (30 × 30 سم).
واجهة وجوانب مصنوعة من الفولاذ المقاوم للصدأ.
دعم للموقد والشوايات العلوية من الفولاذ المقاوم للصدأ لضمان المتانة.
صينية تقطير قابلة للإزالة لتسهيل التنظيف.
أرجل ثقيلة قابلة للتعديل لضمان الاستقرار.
مصمم للاستخدام في بيئات المطبخ التجاري المزدحمة.",{},{},[],true,2024-11-16 01:03:47+00,2025-02-22 03:38:39+00
306,32,2,48,Heavy Duty Systems Model HDSCTC-24," أنظمة المهام الشاقة موديل HDSCTC-24",Model HDSCTC-24,hds-cooking-ranges-model-hdsctc-24-306,3100.00,,"Load Capacity: [Specify, e.g., up to 1000 kg/2200 lbs]
Operational Speed: [Specify, e.g., cycles per minute or task-specific speed]
Duty Cycle: Built for continuous operation under demanding conditions

Dimensions (L x W x H): [Specify dimensions in cm/inches]
Weight: [Specify total weight in kg/lbs]

Power Source:
Electric (Single-phase or three-phase options)
Optional backup power compatibility
Voltage Requirement: [e.g., 110V/220V/440V]
Power Consumption: [Specify power usage, e.g., in kW or Amps]","المميزات القياسية:

شعلات من الحديد الزهر مع نظام إشعاعي.
شوايات قابلة للعكس ومُصممة لضبط الارتفاع.
صينية تقطير قابلة للإزالة من الفولاذ المقاوم للصدأ لتسهيل التنظيف.
أرجل قابلة للتعديل بارتفاع 4 إلى 5 بوصات.
قوة شاملة تبلغ 80,000 وحدة حرارية بريطانية.
واجهة وجوانب مصنوعة من الفولاذ المقاوم للصدأ لضمان المتانة.
مصمم لتلبية احتياجات المطبخ التجاري.
",{},{},[],true,2024-11-16 01:21:47+00,2025-02-22 03:38:39+00
307,32,2,48,Heavy Duty Systems Model HDSCTG-24," أنظمة المهام الشاقة موديل HDSCTG-24",HDSCTG-24,hds-cooking-ranges-hdsctg-24-307,3700.00,,"STANDARD FEATURES:

• Steel U-shape burner, each 30,000 BTU/hr for better heat distribution
• One control every 12”
• Standby pilot for easy start
• 7/8” thickness griddle plate
• Stainless steel adjustable heavy duty legs
• Zinc alloy knob with chrome coating
• Oil collector at the bottom
• Easy conversion from natural gas to Propane or vice versa
• Stainless steel in the front and sides
• Available in 24”,36”,48” and 60” width
• Manual control","المميزات القياسية:

موقد فولاذي على شكل حرف U، كل واحد بقوة 30,000 وحدة حرارية/ساعة لتوزيع أفضل للحرارة.
تحكم لكل 12 بوصة.
طيار في وضع الاستعداد للتشغيل السهل.
صفيحة شواية بسُمك 7/8 بوصة.
أرجل ثقيلة قابلة للتعديل من الفولاذ المقاوم للصدأ.
مقبض من سبيكة الزنك بطبقة كروم.
جامع زيت في الأسفل.
تحويل سهل من الغاز الطبيعي إلى البروبان أو العكس.
واجهة وجوانب من الفولاذ المقاوم للصدأ.
متوفر بأحجام 24 بوصة، 36 بوصة، 48 بوصة، و60 بوصة.
تحكم يدوي.
",{},{},[],true,2024-11-16 14:07:38+00,2025-12-08 13:04:47.773379+00
308,32,2,48,Heavy Duty Systems Model HDSGR-24," أنظمة المهام الشاقة موديل HDSGR-24",HDSGR-24,hds-cooking-ranges-hdsgr-24-308,0.00,,"STANDARD FEATURES:

• Fully MIG welded frame for stability
• Stainless steel front, sides and back-riser
• 6” stainless steel adjustable heavy duty legs
• Open top burners, each 30,000 BTU/hr
• Stainless Steel Burner and Top Grate Support Bracket
• Covered pilot burner to prevent clogging from spillage
• Stainless steel pilot for durability
• Heavy duty cast iron grates,12” x 12 (30x30cm) in size, easy to be removed
• Deep Range Top for Large Cookware (1.5” deeper than most competitors)
• Pull out crumb tray with rounded edges to prevent heat transfer
• 31,000 BTU/hr. U-shape burner for bottom oven
• Full size sheet pans fit side-to-side or front-to-back.
• Oven thermostat adjusts from 250°F to 550°F
• Two oven racks and four rack positions
• Optional with castors
• 30,000 BTU cast iron burner (6.5” diameter) with lift-off burner heads for easy cleaning","المميزات القياسية:

إطار ملحوم بالكامل بتقنية MIG للثبات.
واجهة، جوانب، وظهر من الفولاذ المقاوم للصدأ.
أرجل ثقيلة قابلة للتعديل من الفولاذ المقاوم للصدأ بارتفاع 6 بوصات.
شعلات علوية مفتوحة، كل منها بقوة 30,000 وحدة حرارية/ساعة.
دعم موقد وشواية علوي من الفولاذ المقاوم للصدأ.
موقد طيار مغطى لمنع الانسداد بسبب الانسكابات.
طيار من الفولاذ المقاوم للصدأ للمتانة.
شوايات ثقيلة من الحديد الزهر مقاس 12 × 12 بوصة (30 × 30 سم)، سهلة الإزالة.
سطح نطاق عميق للأواني الكبيرة (أعمق بمقدار 1.5 بوصة من معظم المنافسين).
درج فتات قابل للسحب بحواف دائرية لمنع انتقال الحرارة.
موقد على شكل حرف U بقوة 31,000 وحدة حرارية/ساعة للفرن السفلي.
أرفف فرن تناسب صواني الورق بالحجم الكامل إما من الجوانب أو من الأمام إلى الخلف.
ترموستات الفرن قابل للتعديل من 250 درجة فهرنهايت إلى 550 درجة فهرنهايت.
رفان للفرن مع أربع وضعيات قابلة للتعديل.
اختياري مع عجلات.
موقد من الحديد الزهر بقوة 30,000 وحدة حرارية/ساعة (قطر 6.5 بوصة) مع رؤوس موقد قابلة للإزالة لسهولة التنظيف.",{},{},[],true,2024-11-16 14:20:01+00,2025-02-22 03:38:39+00
309,32,2,48,Heavy Duty Systems Model HDSGR-36," أنظمة المهام الشاقة موديل HDSGR-36",Model HDSGR-36,hds-cooking-ranges-model-hdsgr-36-309,0.00,,"STANDARD FEATURES:

• Fully MIG welded frame for stability
• Stainless steel front, sides and back-riser
• 6” stainless steel adjustable heavy duty legs
• Open top burners, each 30,000 BTU/hr
• Stainless Steel Burner and Top Grate Support Bracket
• Covered pilot burner to prevent clogging from spillage
• Stainless steel pilot for durability
• Heavy duty cast iron grates,12” x 12 (30x30cm) in size, easy to be removed
• Deep Range Top for Large Cookware (1.5” deeper than most competitors)
• Pull out crumb tray with rounded edges to prevent heat transfer
• 31,000 BTU/hr. U-shape burner for bottom oven
• Full size sheet pans fit side-to-side or front-to-back.
• Oven thermostat adjusts from 250°F to 550°F
• Two oven racks and four rack positions
• Optional with castors
• 30,000 BTU cast iron burner (6.5” diameter) with lift-off burner heads for easy cleaning","المميزات القياسية:

إطار ملحوم بالكامل بتقنية MIG للثبات.
واجهة، جوانب، وظهر من الفولاذ المقاوم للصدأ.
أرجل ثقيلة قابلة للتعديل من الفولاذ المقاوم للصدأ بارتفاع 6 بوصات.
شعلات علوية مفتوحة، كل منها بقوة 30,000 وحدة حرارية/ساعة.
دعم موقد وشواية علوي من الفولاذ المقاوم للصدأ.
موقد طيار مغطى لمنع الانسداد بسبب الانسكابات.
طيار من الفولاذ المقاوم للصدأ للمتانة.
شوايات ثقيلة من الحديد الزهر مقاس 12 × 12 بوصة (30 × 30 سم)، سهلة الإزالة.
سطح نطاق عميق للأواني الكبيرة (أعمق بمقدار 1.5 بوصة من معظم المنافسين).
درج فتات قابل للسحب بحواف دائرية لمنع انتقال الحرارة.
موقد على شكل حرف U بقوة 31,000 وحدة حرارية/ساعة للفرن السفلي.
أرفف فرن تناسب صواني الورق بالحجم الكامل إما من الجوانب أو من الأمام إلى الخلف.
ترموستات الفرن قابل للتعديل من 250 درجة فهرنهايت إلى 550 درجة فهرنهايت.
رفان للفرن مع أربع وضعيات قابلة للتعديل.
اختياري مع عجلات.
موقد من الحديد الزهر بقوة 30,000 وحدة حرارية/ساعة (قطر 6.5 بوصة) مع رؤوس موقد قابلة للإزالة لسهولة التنظيف.
",{},{},[],true,2024-11-16 14:21:48+00,2025-02-22 03:38:39+00
310,32,2,48,Heavy Duty Systems Model HDSFGH-90," أنظمة المهام الشاقة موديل HDSFGH-90",HDSFGH-90,hds-cooking-ranges-hdsfgh-90-310,0.00,,"Fryer, Gas, floor standing, 3540 lbs. capacity, thermostatically controlled, stainless steel tank, includes (2) baskets, builtin integrated flue deflector, automatic shut off, stainless steel front and sides, adjustable legs, 11/4"" front drain valve, 90,000 BTU, 3/4"" NPT (set up for LP Gas), Garantía: 1 Año en Piezas y 1 Año en Labor.","قلاية غازية قائمة على الأرض، سعة 35-40 رطلاً، تحكم حراري، خزان من الفولاذ المقاوم للصدأ، تشمل (2) سلال، موزع مدمج للعادم، إيقاف تلقائي، واجهة وجوانب من الفولاذ المقاوم للصدأ، أرجل قابلة للتعديل، صمام تصريف أمامي مقاس 1-1/4 بوصة، 90,000 وحدة حرارية، 3/4 NPT (معد للإعداد مع غاز LP).
الضمان: سنة واحدة على الأجزاء وسنة واحدة على العمل.",{},{},[],true,2024-11-16 14:58:35+00,2025-12-08 13:04:47.773379+00
311,32,2,48,Heavy Duty Systems Model HDSFGH-120,أنظمة المهام الشاقة موديل HDSFGH-120,HDSFGH-120,hds-cooking-ranges-hdsfgh-120-311,0.00,,"STANDARD FEATURES:

• Vertical cast iron burner, each 30,000 BTU/hr
• Stainless steel vat, available in 4 models
• 6” stainless steel adjustable heavy duty legs
• Tube design with baffles inside for better heat transfer
• Continuous pilot for easy start of main flame
• Chromed basket with plastic coating handle
• Large cold zone to prevent scorching of food particles at the bottom
• Robertshaw control system to guarantee best performance
• Prompt temperature recovery to make sure fries are crispy
• 1 14” drain cock for easy drainage of oil
• Thermostat adjusts from 200 – 400°F ( 93 – 204°C)
• 450°F (232°C) hi-limiter guarantees safety
• Optional with castors","المميزات القياسية:

شعلات عمودية من الحديد الزهر، كل منها بقوة 30,000 وحدة حرارية/ساعة.
خزان من الفولاذ المقاوم للصدأ، متوفر في 4 موديلات.
أرجل ثقيلة قابلة للتعديل من الفولاذ المقاوم للصدأ بطول 6 بوصات.
تصميم أنبوبي مع حواجز لتحسين نقل الحرارة.
طيار مستمر لتسهيل تشغيل اللهب الرئيسي.
سلة مطلية بالكروم مع مقابض بلاستيكية.
منطقة باردة كبيرة لمنع احتراق جزيئات الطعام في الأسفل.
نظام تحكم Robertshaw لضمان أفضل أداء.
استعادة فورية لدرجة الحرارة لضمان قوام مقرمش للبطاطس.
صمام تصريف مقاس 1-1/4 لتسهيل تصريف الزيت.
منظم حرارة يتراوح من 200 إلى 400 درجة فهرنهايت (93 - 204 درجة مئوية).
حد أقصى للحرارة 450 درجة فهرنهايت (232 درجة مئوية) لضمان السلامة.
اختيارية مع عجلات.
",{},{},[],true,2024-11-16 15:11:09+00,2025-02-22 03:38:39+00
312,32,2,48,Heavy Duty Systems Model HDSFGH-120S,أنظمة المهام الشاقة موديل HDSFGH-120S,HDSFGH-120S,hds-cooking-ranges-hdsfgh-120s-312,4900.00,,"STANDARD FEATURES:

• Stainless steel front and sides
• Vertical cast iron burner, each 30,000 BTU/hr
• Stainless steel vat, split tank
• 6” stainless steel adjustable heavy duty legs
• Tube design with baffles inside for better heat transfer Continuous pilot for easy start of main flame
• Chromed basket with plastic coating handle
• Cold zone to prevent scorching of food particles at the bottom Prompt temperature recovery to make sure fries are crispy 3/4 drain cock for easy drainage of oil
• Thermostat adjusts from 200 – 400°F ( 93 – 204°C)
• 450°F (232°C ) hi-limiter guarantees safety","المميزات القياسية:

واجهة وجوانب من الفولاذ المقاوم للصدأ.
شعلات عمودية من الحديد الزهر، كل منها بقوة 30,000 وحدة حرارية/ساعة.
خزان من الفولاذ المقاوم للصدأ، خزان مقسم.
أرجل قابلة للتعديل من الفولاذ المقاوم للصدأ بطول 6 بوصات.
تصميم أنبوبي مع حواجز داخلية لتحسين نقل الحرارة.
طيار مستمر لتسهيل تشغيل اللهب الرئيسي.
سلة مطلية بالكروم مع مقابض بلاستيكية.
منطقة باردة لمنع احتراق جزيئات الطعام في الأسفل.
استعادة فورية لدرجة الحرارة لضمان قوام مقرمش للبطاطس.
صمام تصريف مقاس 3/4 لتسهيل تصريف الزيت.
منظم حرارة يتراوح من 200 إلى 400 درجة فهرنهايت (93 - 204 درجة مئوية).
حد أقصى للحرارة 450 درجة فهرنهايت (232 درجة مئوية) لضمان السلامة",{},{},[],true,2024-11-16 15:34:00+00,2025-12-08 13:04:47.773379+00
314,8,2,64,Hamilton Beach HMD200,HMD200,HMD200,hamilton-beach-blender-hmd200-314,365.00,,"Features:
Powerful mixing in a compact footprint
A single spindle drink mixer that is great for everything from mixing ice cream shakes to ""flashing"" bar drinks to blending eggs, pancake and waffle batter.
It is versatile for drink and food prep.
Two-way motor activation - with cup or pulse switch
Hands-free operation
3 speed universal motor
Die cast housing with sealed rear and stability bar
Motor starts when mixup cup is inserted into cup guide and stops when cup is removed","الميزات:

مزج قوي في تصميم صغير الحجم.
خلاط مشروبات بمغزل واحد مثالي لتحضير الميلك شيك من الآيس كريم، والمشروبات الباردة، وخفق البيض، وعجينة الفطائر والوافل.
يتميز بالمرونة في تحضير المشروبات والطعام.
تشغيل ثنائي الاتجاه - باستخدام الكوب أو مفتاح النبض.
تشغيل بدون استخدام اليدين.
محرك عالمي بثلاث سرعات.
هيكل من المعدن المصبوب مع خلفية مختومة وشريط استقرار.
يبدأ المحرك عند إدخال الكوب في دليل الكوب ويتوقف عند إزالة الكوب.
",{},{},[],true,2024-11-17 14:39:47+00,2025-12-08 13:04:47.773379+00
315,8,2,64,Hamilton Beach HMD400," هاميلتون بيتش HMD400",HMD400,hamilton-beach-blender-hmd400-315,0.00,,"Maximize service and minimize the wait with The Hamilton Beach HMD400 Triple Head Milk Shake machine.  Featuring a 1/3HP motor to mix up to twice as fast. Each of the 3 separate motors works independently and has its own power switch.  All 3 motors are individually balanced to minimize vibration and are built to last with sealed, permanently lubricated ball bearings.   The HMD400 comes Standard with base, 3 motors, 3 spindles, 3 solid agitators, and 3 stainless steel mixing cups.
","حقق أقصى استفادة من الخدمة وقلل من وقت الانتظار مع آلة الميلك شيك ثلاثية الرأس Hamilton Beach HMD400.

يتميز بمحرك بقوة 1/3 حصان لخلط ضعف السرعة.
تعمل كل واحدة من المحركات الثلاثة بشكل مستقل ولها مفتاح طاقة خاص بها.
جميع المحركات الثلاثة موزونة بشكل فردي لتقليل الاهتزاز ومصممة لتدوم مع محامل كروية مغلقة ومزيتة بشكل دائم.
يأتي HMD400 قياسيًا مع قاعدة، و3 محركات، و3 مغازل، و3 محركات صلبة، و3 أكواب خلط من الفولاذ المقاوم للصدأ.",{},{},[],true,2024-11-17 14:45:50+00,2025-02-22 03:38:39+00
316,8,2,64,Hamilton Beach HBB255S," هاميلتون بيتش HBB255S",HBB255S,hamilton-beach-blender-hbb255s-316,1250.00,,"The Hamilton Beach HBB255S Rio Blender with a stainless steel container is perfect for Daiquiris, margaritas or any popular 16 oz. icy drink in just 20 seconds perfectly smooth and with no ice chunks! Wave Action system continually forces mixture down into the blades. 1 3/5 Hp motor provides ample power and torque. High/low and on/off/pulse toggle switches are easy to reach and control. 32 oz. stainless steel container. 1 year parts and labor warranty.","خلاط Hamilton Beach HBB255S Rio بحاوية من الفولاذ المقاوم للصدأ مثالي لإعداد المشروبات الشهيرة مثل الدايكيري والمارغريتا أو أي مشروب مثلج بحجم 16 أوقية في غضون 20 ثانية، مع نتائج ناعمة تمامًا ودون قطع ثلج! نظام Wave Action يجبر الخليط باستمرار على الاتجاه نحو الشفرات.

محرك بقوة 1 3/5 حصان يوفر قوة وعزم كافٍ.
مفاتيح تحكم مرتفعة/منخفضة، وتشغيل/إيقاف/نبض سهلة الاستخدام.
حاوية من الفولاذ المقاوم للصدأ بسعة 32 أوقية.
ضمان لمدة سنة للقطع والعمل.
",{},{},[],true,2024-11-17 14:58:08+00,2025-12-08 13:04:47.773379+00
317,8,2,64,Hamilton beach HBH455," هاميلتون بيتش HBH455",HBH455,hamilton-beach-blender-hbh455-317,0.00,,"The Tango® Bar Blender adjustable timer bar blender offers time-saving controls at an aggressive price. Plus, it offers you extra help with bar drinks. Rather than having to attend your bar blender, the Tango’s  adjustable timer automatically stops the blender so you can get other work done.","خلاط بار Tango® القابل للتعديل يوفر تحكمًا يوفر الوقت بسعر تنافسي. بالإضافة إلى ذلك، فإنه يقدم المساعدة الإضافية للمشروبات الباردة. بدلاً من البقاء بجانب الخلاط، يقوم مؤقت Tango القابل للتعديل بإيقاف الخلاط تلقائيًا لتتمكن من إنجاز مهام أخرى.
",{},{},[],true,2024-11-17 15:07:36+00,2025-12-08 13:04:47.773379+00
318,32,2,48,Heavy Duty Systems Model HDSGCO-1," أنظمة العمل الشاق موديل HDSGCO-1",HDSGCO-1,hds-cooking-ranges-hdsgco-1-318,0.00,,"STANDARD FEATURES:

• Porcelainized cavity finish for easy cleaning
• Double speeds blower to meet demands for different food cooked inside
• Fully visible glazed doors to keep eyes on cooking process any time
• Interior illuminator controlled by switch
• Double stacking options to optimize your kitchen space with same footprint
• Solid state temperature controller
• Strong and robust angular legs for stability
• Stainless steel in the front
• Automatic igniting system for gas safety
• 60 minutes timer as a reminder
• 4 racks, 13 rack positions
• Optional with castors","المزايا القياسية:

تشطيب داخلي بمينا الخزف لسهولة التنظيف.
منفاخ بسرعتين لتلبية احتياجات الأطعمة المختلفة.
أبواب مزججة بالكامل لمتابعة عملية الطهي في أي وقت.
إضاءة داخلية يمكن التحكم بها عن طريق مفتاح.
خيارات التكديس المزدوج لتحسين مساحة المطبخ بنفس الأبعاد.
وحدة تحكم في درجة الحرارة بحالة صلبة.
أرجل زاويّة قوية ومتينة لتحقيق الاستقرار.
الفولاذ المقاوم للصدأ في الواجهة.
نظام إشعال تلقائي لسلامة الغاز.
مؤقت لمدة 60 دقيقة كإشعار.
4 رفوف، و13 وضعية للرفوف.
اختيارية مع عجلات.",{},{},[],true,2024-11-18 00:11:56+00,2025-02-22 03:38:39+00
319,32,2,48,Heavy Duty Systems Model HDSVSAL-36," أنظمة العمل الشاق موديل HDSVSAL-36",HDSVSAL-36,hds-cooking-ranges-hdsvsal-36-319,0.00,,"STANDARD FEATURES:

• Stainless steel structure
• 6 Cast iron burner with infrared system, total 36,000 BTU/hr
• Infrared burner can cook food much quicker
• Spring-balanced lifting system, easy to adjust
• Grills can be rolled out for easy loading, unloading and cleaning
• Grill stopper to prevent grills falling off
• 5-height locking position to have different temperature
• Continuous pilot for instant ignition of main burner
• Stainless steel crumb tray to collect dropped food
• Wall mounting kit included for saving kitchen space
• Can be mounted to 36” or 60” HDSGR ranges via mounting kit (ordered separately)
• 34” NPT rear gas connection","المزايا القياسية:

هيكل من الفولاذ المقاوم للصدأ.
6 شعلات من الحديد المصبوب مع نظام الأشعة تحت الحمراء، بإجمالي قوة 36,000 وحدة حرارية بريطانية/ساعة.
موقد الأشعة تحت الحمراء لطهي الطعام بسرعة أكبر.
نظام رفع متوازن بالزنبرك، سهل التعديل.
الشبكات يمكن تحريكها للخارج لتحميل وتفريغ وتنظيف أسهل.
حاجز أمان يمنع الشبكات من السقوط.
5 أوضاع قفل للارتفاع للحصول على درجات حرارة مختلفة.
شعلة مستمرة لإشعال الموقد الرئيسي فورًا.
صينية تجميع الفتات من الفولاذ المقاوم للصدأ لتجميع بقايا الطعام.
مجموعة تثبيت على الحائط لتوفير مساحة في المطبخ.
يمكن تركيبها على أفران HDSGR بارتفاع 36 أو 60 بوصة باستخدام مجموعة تثبيت (تُطلب بشكل منفصل).
اتصال غاز خلفي NPT مقاس 3/4 بوصة.
",{},{},[],true,2024-11-18 00:22:30+00,2025-02-22 03:38:39+00
320,32,2,48,Heavy Duty Systems Model HDSOF-55,أنظمة العمل الشاق موديل HDSOF-55,HDSOF-55,hds-cooking-ranges-hdsof-55-320,0.00,,"STANDARD FEATURES:

• Stainless steel structure
• Reverse pump for easy suction of oil
• Pre-filtering 300-micron screen basket
• 10-micron filtration via filter paper (100 pieces included with each unit
• Filter paper size 21-1/4”x15-3/8” (540x390mm)
• Second deeper 10-micron filtration
• Quick disconnect filtering hose
• 3.5 GPM pump","المزايا القياسية:

هيكل من الفولاذ المقاوم للصدأ
مضخة عكسية لامتصاص الزيت بسهولة
غربال سلة تصفية أولية 300 ميكرون
ترشيح 10 ميكرون عبر ورق الترشيح (100 قطعة مشمولة مع كل وحدة)
حجم ورق الترشيح 21-1/4 × 15-3/8 بوصة (540 × 390 ملم)
ترشيح أعمق بزخامة 10 ميكرون
خرطوم ترشيح قابل للفصل السريع
مضخة بسرعة 3.5 جالون في الدقيقة",{},{},[],true,2024-11-18 00:30:32+00,2025-02-22 03:38:39+00
321,32,2,48,Heavy Duty Systems Model HDSCGF-35,أنظمة العمل الشاق موديل HDSCGF-35,HDSCGF-35,hds-cooking-ranges-hdscgf-35-321,0.00,,"STANDARD FEATURES:

• Stainless steel front and sides
• Tube design, easy to clean
• Millivolt controls, operated by gas only
• 1” full port drain valve
• 4”height adjustable stainless steel legs
• Frying a wide variety of foods in a limited amount of space
• Manual gas shut off valve
• High efficiency burners
• Short recovery time to save more oil
• Drain extension","المزايا القياسية:

واجهة وجوانب من الفولاذ المقاوم للصدأ
تصميم أنبوبي، سهل التنظيف
تحكم ميليفولت، يعمل بالغاز فقط
صمام تصريف كامل 1 بوصة
أرجل قابلة للتعديل من الفولاذ المقاوم للصدأ بارتفاع 4 بوصة
قلي مجموعة واسعة من الأطعمة في مساحة محدودة
صمام غاز يدوي للإغلاق
شعلات عالية الكفاءة
وقت استرداد قصير لتوفير المزيد من الزيت
امتداد تصريف الزيت
",{},{},[],true,2024-11-18 00:35:39+00,2025-02-22 03:38:39+00
322,32,2,52,Heavy Duty Systems Model HDSHD-36," أنظمة العمل الشاق موديل HDSHD-36",HDSHD 36,hds-category-hdshd-36-322,0.00,,"Heated Display Case, countertop, electric, 35"" W x 19"" D x 23"" H, 3 adjustable shelves, interior light, front & rear sliding doors, adjustable thermostat with internal humidifier, Garantía: 1 Ano en Piezas y 1 Ano en Labor.
","خزانة عرض مدفأة، سطح طاولة، كهربائية، بعرض 35 بوصة × عمق 19 بوصة × ارتفاع 23 بوصة، 3 رفوف قابلة للتعديل، ضوء داخلي، أبواب منزلقة أمامية وخلفية، منظم حرارة قابل للتعديل مع جهاز ترطيب داخلي، ضمان: سنة واحدة على القطع وسنة واحدة على العمل.
",{},{},[],true,2024-11-18 00:43:54+00,2025-02-22 03:38:39+00
323,33,4,59,Desiderio V (AUTOMATIC),خلاط حلزوني,Desiderio V (AUTOMATIC),la-pavoni-coffee-machine-desiderio-v-automatic-323,0.00,,"Vacuum and steam functions can be used simultaneously, suitable for both dry and wet cleaning.
Allows detergent injection for more thorough cleaning when needed.
Effective for residential and commercial use (e.g., kitchens, carpets, bathrooms, and auto detailing).
Also used for pest control and allergy management by eliminating allergens and microorganisms.
Ease of Use: Lightweight and compact design with intuitive controls for steam, vacuum, and detergent.","يمكن استخدام وظائف المكنسة والبخار في نفس الوقت، مما يجعلها مناسبة للتنظيف الجاف والرطب.
تسمح بحقن المنظفات لتنظيف أكثر عمقًا عند الحاجة.
فعالة للاستخدام المنزلي والتجاري (مثل المطابخ، السجاد، الحمامات، وتنظيف السيارات).
تستخدم أيضًا للتحكم في الآفات وإدارة الحساسية من خلال القضاء على مسببات الحساسية والكائنات الحية الدقيقة.
سهولة الاستخدام: تصميم خفيف الوزن ومدمج مع أدوات تحكم بديهية للبخار والمكنسة والمنظفات.",{},{},[],true,2024-11-26 12:30:45+00,2025-02-22 03:38:39+00
324,33,4,59,GENIALE VOLUMETRIC 2 GROUPS WHITE,خلاط بالشوكة,GENIALE VOLUMETRIC 2 GROUPS WHITE,la-pavoni-coffee-machine-geniale-volumetric-2-groups-white-324,0.00,,"Packaged depth: 710 mm
Packed width: 870 mm
Height (mm) packed: 640 mm
Net weight: 70.000 kg
Width: 708 mm
Depth: 550 mm
Height: 518 mm
Gross weight (kg): 81.000 kg

Total power: 4370 W
Default electric connection: 400/3/50-60Hz","العمق مع التغليف: 710 مم
العرض مع التغليف: 870 مم
الارتفاع مع التغليف: 640 مم
الوزن الصافي: 70.000 كجم
العرض: 708 مم
العمق: 550 مم
الارتفاع: 518 مم
الوزن الإجمالي: 81.000 كجم
الطاقة الإجمالية: 4370 واط
الاتصال الكهربائي الافتراضي: 400/3/50-60 هرتز",{},{},[],true,2024-11-26 13:00:15+00,2025-02-22 03:38:39+00
325,33,4,59,GENIALE SEMI-AUTOMATIC 2 GROUPS WHITE,GENIALE SEMI-AUTOMATIC 2 GROUPS WHITE,GENIALE SEMI-AUTOMATIC 2 GROUPS WHITE,la-pavoni-coffee-machine-geniale-semi-automatic-2-groups-white-325,0.00,,"Logo: La Pavoni
Logo position: On control panel and on the back
Side panel: Stainless steel
Frame material: Stainless steel
Colour: White
Aesthetic: Geniale
Control Panel: Mechanic
Steam wands: 2

Heating: Electrical
Pump pressure gauge: Yes
Boiler pressure gauge: Yes
Electric cup heater: Yes
Copper boiler: Yes
Boilers number: 1
Boiler capacity: 13l
Manual water load button: Yes","الشعار: La Pavoni
موقع الشعار: على لوحة التحكم والخلف
اللوحة الجانبية: ستانلس ستيل
مادة الإطار: ستانلس ستيل
اللون: أبيض
الشكل الجمالي: Geniale
لوحة التحكم: ميكانيكية
عصي البخار: 2
التسخين: كهربائي
مقياس ضغط المضخة: نعم
مقياس ضغط الغلاية: نعم
مسخن أكواب كهربائي: نعم
غلاية نحاسية: نعم
عدد الغلايات: 1
سعة الغلاية: 13 لتر
زر تحميل الماء يدويًا: نعم
",{},{},[],true,2024-11-26 13:06:39+00,2025-02-22 03:38:39+00
326,33,4,59,DIAMANTE E61 VOLUMETRIC 2 GROUPS GOLD," ديزيديريو في (أوتوماتيك)",DIAMANTE E61 VOLUMETRIC 2 GROUPS GOLD,la-pavoni-coffee-machine-diamante-e61-volumetric-2-groups-gold-326,0.00,,"Logo: La Pavoni
Logo position: On control panel and on the back
Side panel: Stainless steel
Frame material: Stainless steel
Colour: Gold
Aesthetic: Diamante
Control Panel: Mechanic
Steam wands: 2
Hot water tap: Yes
Telescopic handles for transport: Yes

Heating: Electrical
Boiler pressure gauge: Yes
Electric cup heater: Yes
Copper boiler: Yes
Boilers number: 1
Boiler water level indicator: Yes
Boiler capacity: 14l
Manual water load button: Yes","الشعار: La Pavoni
موقع الشعار: على لوحة التحكم والخلف
اللوحة الجانبية: ستانلس ستيل
مادة الإطار: ستانلس ستيل
اللون: ذهبي
الشكل الجمالي: Diamante
لوحة التحكم: ميكانيكية
عصي البخار: 2
صنبور الماء الساخن: نعم
مقابض تلسكوبية للنقل: نعم
التسخين: كهربائي
مقياس ضغط الغلاية: نعم
مسخن أكواب كهربائي: نعم
غلاية نحاسية: نعم
عدد الغلايات: 1
مؤشر مستوى ماء الغلاية: نعم
سعة الغلاية: 14 لتر
زر تحميل الماء يدويًا: نعم
",{},{},[],true,2024-11-26 13:13:54+00,2025-02-22 03:38:39+00
327,33,4,59,DIAMANTE LEVER 3 GROUPS GOLD,جينيال فوليومتريك 2 مجموعات أبيض,DIAMANTE LEVER 3 GROUPS GOLD,la-pavoni-coffee-machine-diamante-lever-3-groups-gold-327,0.00,,"Logo: La Pavoni
Logo position: On control panel and on the back
Side panel: Stainless steel
Frame material: Stainless steel
Colour: Gold
Aesthetic: Diamante
Steam wands: 2
Hot water tap: Yes

Boiler pressure gauge: Yes
Copper boiler: Yes
Boilers number: 1
Boiler water level indicator: Yes
Boiler capacity: 22,5l
Manual water load button: Yes","الشعار: La Pavoni
موقع الشعار: على لوحة التحكم والخلف
اللوحة الجانبية: ستانلس ستيل
مادة الإطار: ستانلس ستيل
اللون: ذهبي
الشكل الجمالي: Diamante
عصي البخار: 2
صنبور الماء الساخن: نعم
مقياس ضغط الغلاية: نعم
غلاية نحاسية: نعم
عدد الغلايات: 1
مؤشر مستوى ماء الغلاية: نعم
سعة الغلاية: 22.5 لتر
زر تحميل الماء يدويًا: نعم
",{},{},[],true,2024-11-26 13:27:30+00,2025-02-22 03:38:39+00
328,33,4,59,NEW BART 2GR VOLUMETRIC BLACK,جينيال شبه أوتوماتيك 2 مجموعات أبيض,NEW BART 2GR VOLUMETRIC BLACK,la-pavoni-coffee-machine-new-bart-2gr-volumetric-black-328,0.00,,"Logo: La Pavoni
Logo position: On the front base and on the back
Back panel: Inox
Side panel: Black painted steel
Frame material: Steel and painted steel
Colour: Stainless steel/Black
Finishing: Polished Satin/Black Painted Steel
Aesthetic: BarT
Filter holder for 1 cup: 1
Filter holder for 2 cups: 2

Rubber blind filter: 1
Cup raising griddle: Yes
Cup raising griddle number: 1
Loading pipe: Yes
Drain pump: Yes","الشعار: La Pavoni
موقع الشعار: على قاعدة المقدمة والخلف
اللوحة الخلفية: ستانلس ستيل
اللوحة الجانبية: فولاذ مطلي باللون الأسود
مادة الإطار: فولاذ وفولاذ مطلي
اللون: ستانلس ستيل/أسود
التشطيب: ساتان مصقول/فولاذ مطلي باللون الأسود
الشكل الجمالي: BarT
حامل فلتر لكوب واحد: 1
حامل فلتر لكوبين: 2
فلتر أعمى مطاطي: 1
شبكة رفع الأكواب: نعم
عدد شبكات رفع الأكواب: 1
أنبوب تحميل: نعم
مضخة تصريف: نعم
",{},{},[],true,2024-11-26 16:04:11+00,2025-02-22 03:38:39+00
329,33,4,59,BART2V COMPACT VOLUMETRIC BLACK,ديامانت E61 فوليومتريك 2 مجموعات جولد,BART2V COMPACT VOLUMETRIC BLACK,la-pavoni-coffee-machine-bart2v-compact-volumetric-black-329,0.00,,"Heating: Electrical
Pump pressure gauge: Yes
Boiler pressure gauge: Yes
Copper boiler: Yes
Boilers number: 1
Boiler capacity: 7,8l
Manual water load button: No, automatic boiler-level loading
Anti-vacuum device: Yes
Logo: La Pavoni
Logo position: On the front base and on the back
Back panel: Inox
Side panel: Black painted steel
Frame material: Steel and painted steel
Colour: Stainless steel/Black
Finishing: Polished Satin/Black Painted Steel
Aesthetic: BarT
Filter holder for 1 cup: 1
Filter holder for 2 cups: 2","مقياس ضغط المضخة: نعم
مقياس ضغط الغلاية: نعم
غلاية نحاسية: نعم
عدد الغلايات: 1
سعة الغلاية: 7.8 لتر
زر تحميل الماء يدويًا: لا، تحميل مستوى الغلاية تلقائي
جهاز مانع للفراغ: نعم
الشعار: La Pavoni
موقع الشعار: على قاعدة المقدمة والخلف
اللوحة الخلفية: ستانلس ستيل
اللوحة الجانبية: فولاذ مطلي باللون الأسود
مادة الإطار: فولاذ وفولاذ مطلي
اللون: ستانلس ستيل/أسود
التشطيب: ساتان مصقول/فولاذ مطلي باللون الأسود
الشكل الجمالي: BarT
حامل الفلتر لكوب واحد: 1
حامل الفلتر لكوبين: 2",{},{},[],true,2024-11-26 16:07:33+00,2025-02-22 03:38:39+00
330,33,4,60,ZIP PRO BLACK," ديامانت ليفر 3 مجموعات جولد",ZIP PRO BLACK,la-pavoni-coffee-grinder-zip-pro-black-330,0.00,,"Technical Features
Body material: Die-cast aluminium
Coffee Beans container material: Plastic
Materiale macine: Tempered steel
Grinders type: Flat
Controls type: Touch Screen
Motor RPM: 1370
Burrs diameter: 65mm
Productivity: 2.8-3.8 g/s
Centering device material: Stainless steel
Coffee beans container capacity: 1,2 kg
Colour: Black
Finishing: Matt black
Body color: Matt Black
Logo type: Applied","الميزات التقنية:

مادة الجسم: ألومنيوم مصبوب
مادة وعاء حبوب القهوة: بلاستيك
مادة الشفرات: فولاذ مقوى
نوع الشفرات: مسطحة
نوع التحكم: شاشة لمس
سرعة المحرك: 1370 دورة في الدقيقة
قطر الشفرات: 65 مم
الإنتاجية: 2.8-3.8 جرام/ثانية
مادة جهاز التمركز: فولاذ مقاوم للصدأ
سعة وعاء حبوب القهوة: 1.2 كجم
اللون: أسود
التشطيب: أسود مطفي
لون الجسم: أسود مطفي
نوع الشعار: مطبق
",{},{},[],true,2024-11-26 16:30:54+00,2025-02-22 03:38:39+00
331,33,4,60,ZIP PRO CROMO,نيو بارت 2GR فوليومتريك بلاك,ZIP PRO CROMO,la-pavoni-coffee-grinder-zip-pro-cromo-331,0.00,,"Body material: Die-cast aluminium
Coffee Beans container material: Plastic
Materiale macine: Tempered steel
Grinders type: Flat
Controls type: Touch Screen
Motor RPM: 1370
Burrs diameter: 65mm
Productivity: 2.8-3.8 g/s
Centering device material: Stainless steel
Coffee beans container capacity: 1,2 kg

Dose Counter: Yes
Adjustable grinding level: Yes
Automatic coffee dosing : Yes
Automatic coffee dosing number: 2
Coffee dosing type: 1- 2 dose, continue
Stepless micrometric adjustment: Yes","مادة الجسم: ألومنيوم مصبوب
مادة وعاء حبوب القهوة: بلاستيك
مادة الشفرات: فولاذ مقوى
نوع الشفرات: مسطحة
نوع التحكم: شاشة لمس
سرعة المحرك: 1370 دورة في الدقيقة
قطر الشفرات: 65 مم
الإنتاجية: 2.8-3.8 جرام/ثانية
مادة جهاز التمركز: فولاذ مقاوم للصدأ
سعة وعاء حبوب القهوة: 1.2 كجم
عداد الجرعات: نعم
مستوى الطحن قابل للتعديل: نعم
الجرعات الأوتوماتيكية للقهوة: نعم
عدد الجرعات الأوتوماتيكية: 2
نوع الجرعات: جرعة واحدة - جرعتين - مستمر
ضبط ميكرومتري بلا خطوات: نعم",{},{},[],true,2024-11-26 16:34:18+00,2025-02-22 03:38:39+00
332,33,4,60,Cilindro," بارت 2V كومباكت فوليومتريك بلاك",Cilindro,la-pavoni-coffee-grinder-cilindro-332,0.00,,"Display: Yes
Burr Material: Hardened Steel
Bean Hopper Capacity: 500 g
Burr Type: Flat
Portafilter Support: Yes
Finishing: Chrome
Body Material: Aluminium
Bean Hopper Material: Tritan","الشاشة: نعم
مادة الشفرات: فولاذ مقوى
سعة وعاء الحبوب: 500 جرام
نوع الشفرات: مسطحة
دعم حامل القهوة: نعم
التشطيب: مطلي بالكروم
مادة الجسم: ألومنيوم
مادة وعاء الحبوب: تريتان
",{},{},[],true,2024-11-26 16:41:17+00,2025-02-22 03:38:39+00
333,33,4,59,Esperto Edotto," بلاك",333,la-pavoni-coffee-machine-333-333,0.00,,"Heating System: Single Boiler
Pressurestat: Yes
Brewing Unit Manometer: Yes
Water Tank Capacity: 1.6 l
Water Level Indicator: Yes
Boiler Manometer: Yes
Temperature light indicator: Yes
Brewing Pressure Profiling Control (BPPC): Yes

Colour: Copper
Aesthetic: Edotto
Series: Esperto
Body Color: Copper
Body Material: Brass
Base Color: Chromed
Base Material: Steel
Cup Grid Material: Steel
Steam Wand Material: Chromed Brass
Drip tray drawer material: Plastic
Brewing Unit Material: Brass
Brewing Unit Color: Gold
Lever Color: Chromed
Lever Material: Steel
Lever Handle Material: Wood
Steam Knob Material: Wood","نظام التسخين: غلاية فردية
مقياس الضغط: نعم
مقياس الضغط لوحدة التخمير: نعم
سعة خزان المياه: 1.6 لتر
مؤشر مستوى المياه: نعم
مقياس الغلاية: نعم
مؤشر درجة الحرارة: نعم
نظام التحكم بضغط التخمير (BPPC): نعم
اللون: نحاسي
الشكل الجمالي: Edotto
السلسلة: Esperto
لون الجسم: نحاسي
مادة الجسم: نحاس
لون القاعدة: مطلي بالكروم
مادة القاعدة: فولاذ
مادة شبكة الأكواب: فولاذ
مادة ذراع البخار: نحاس مطلي بالكروم
مادة درج تصريف السوائل: بلاستيك
مادة وحدة التخمير: نحاس
لون وحدة التخمير: ذهبي
لون الذراع: مطلي بالكروم
مادة الذراع: فولاذ
مادة مقبض الذراع: خشب
مادة مقبض البخار: خشب
",{},{},[],true,2024-11-26 23:10:51+00,2025-02-22 03:38:39+00
334,33,4,59,Esperto Competente,ZIP PRO كرومو,Esperto Competente,la-pavoni-coffee-machine-esperto-competente-334,0.00,,"Heating System: Single Boiler
Pressurestat: Yes
Brewing Unit Manometer: Yes
Water Tank Capacity: 1.6 l
Water Level Indicator: Yes
Boiler Manometer: Yes
Temperature light indicator: Yes
Brewing Pressure Profiling Control (BPPC): Yes

Colour: Gold
Aesthetic: Coloniale
Series: Esperto
Body Color: Gold
Body Material: Brass
Base Color: Chromed
Base Material: Steel
Cup Grid Material: Steel
Steam Wand Material: Chromed Brass
Drip tray drawer material: Plastic
Brewing Unit Material: Brass
Brewing Unit Color: Chromed
Lever Color: Chromed
Lever Material: Steel
Lever Handle Material: Wood
Steam Knob Material: Wood","نظام التسخين: غلاية فردية
مقياس الضغط: نعم
سعة خزان المياه: 1.6 لتر
مؤشر مستوى المياه: نعم
مقياس الغلاية: نعم
مؤشر درجة الحرارة: نعم
نظام التحكم بضغط التخمير (BPPC): نعم
اللون: ذهبي
الشكل الجمالي: Coloniale
السلسلة: Esperto
لون الجسم: ذهبي
مادة الجسم: نحاس
لون القاعدة: مطلي بالكروم
مادة القاعدة: فولاذ
مادة شبكة الأكواب: فولاذ
مادة ذراع البخار: نحاس مطلي بالكروم
مادة درج تصريف السوائل: بلاستيك
مادة وحدة التخمير: نحاس
لون وحدة التخمير: مطلي بالكروم
لون الذراع: مطلي بالكروم
مادة الذراع: فولاذ
مادة مقبض الذراع: خشب
مادة مقبض البخار: خشب",{},{},[],true,2024-11-26 23:13:59+00,2025-02-22 03:38:39+00
335,33,4,59,Esperto Abile,سيليندرو,Esperto Abile,la-pavoni-coffee-machine-esperto-abile-335,0.00,,"Colour: Chromed Brass
Aesthetic: Abile
Series: Esperto
Body Material: Brass
Base Color: Chromed
Base Material: Steel
Cup Grid Material: Steel
Steam Wand Material: Chromed Brass
Drip tray drawer material: Plastic
Brewing Unit Material: Brass
Brewing Unit Color: Chromed
Lever Color: Chromed
Lever Material: Steel
Lever Handle Material: Wood
Steam Knob Material: Wood
Boiler Cap Material: Wood

FIlters: 1 cup/ 2 cups/ 'Competition'
Tamper Inox: Yes
Misurino: Yes
FIlter Holder: Standard, Fascino
Cappuccino Automatic: Yes
Steam Wand: 1 Hole Nozzle Ø 1,5 mm/ 1 Hole Nozzle Ø 2mm","اللون: نحاسي مطلي بالكروم
الشكل الجمالي: Abile
السلسلة: Esperto
مادة الجسم: نحاس
لون القاعدة: مطلي بالكروم
مادة القاعدة: فولاذ
مادة شبكة الأكواب: فولاذ
مادة ذراع البخار: نحاس مطلي بالكروم
مادة درج تصريف السوائل: بلاستيك
مادة وحدة التخمير: نحاس
لون وحدة التخمير: مطلي بالكروم
لون الذراع: مطلي بالكروم
مادة الذراع: فولاذ
مادة مقبض الذراع: خشب
مادة غطاء الغلاية: خشب
الفلاتر: 1 كوب / 2 كوب / ""مسابقة""
التامبر (Tamper): نعم
المعيار: نعم
حامل الفلتر: قياسي، Fascino
كابتشينو أوتوماتيكي: نعم
ذراع البخار: فوهة 1 بفتحة قطرها 1.5 مم / فوهة 1 بفتحة قطرها 2 مم
",{},{},[],true,2024-11-26 23:17:35+00,2025-02-22 03:38:39+00
336,33,4,59,Expo,Expo,??????? ?????,la-pavoni-coffee-machine---336,0.00,,"Colour: Stainless steel
Body Color: Chromed
Body Material: Brass
Base Color: Chromed
Base Material: Steel
Cup Grid Material: Steel
Steam Wand Material: Chromed Brass
Drip tray drawer material: Plastic
Brewing Unit Material: Brass
Brewing Unit Color: Chromed
Lever Color: Gold
Lever Material: Steel
Lever Handle Material: Wood
Steam Knob Material: Wood

Heating System: Single Boiler
Pressurestat: Yes
Water Tank Capacity: 1.6 l
Water Level Indicator: Yes
Boiler Manometer: Yes
Temperature light indicator: Yes","اللون: فولاذ مقاوم للصدأ
لون الجسم: مطلي بالكروم
مادة الجسم: نحاس
لون القاعدة: مطلي بالكروم
مادة القاعدة: فولاذ
مادة شبكة الأكواب: فولاذ
مادة ذراع البخار: نحاس مطلي بالكروم
مادة درج تصريف السوائل: بلاستيك
مادة وحدة التخمير: نحاس
لون وحدة التخمير: مطلي بالكروم
لون الذراع: ذهبي
مادة الذراع: فولاذ
مادة مقبض الذراع: خشب
مادة مقبض البخار: خشب
نظام التسخين: غلاية فردية
مقياس الضغط: نعم
سعة خزان المياه: 1.6 لتر
مؤشر مستوى المياه: نعم
مقياس الغلاية: نعم
مؤشر درجة الحرارة: نعم",{},{},[],true,2024-11-26 23:21:01+00,2025-02-22 03:38:39+00
337,33,4,59,Milano,إسبيرتو كومبيتينتي,Milano,la-pavoni-coffee-machine-milano-337,0.00,,"Colour: Chromed Brass
Aesthetic: Abile
Series: Milano
Body Material: Brass
Base Color: Chromed
Base Material: Steel
Cup Grid Material: Steel
Steam Wand Material: Chromed Brass
Drip tray drawer material: Plastic
Brewing Unit Material: Brass
Brewing Unit Color: Chromed
Lever Color: Chromed
Lever Material: Steel
Lever Handle Material: Black Wood
Steam Knob Material: Black Wood
Boiler Cap Material: Black Wood

Heating System: Single Boiler
Pressurestat: Yes
Water Tank Capacity: 1.6 l
Water Level Indicator: Yes
Boiler Manometer: Yes
Temperature light indicator: Yes","اللون: نحاس مطلي بالكروم
الشكل الجمالي: Abile
السلسلة: Milano
مادة الجسم: نحاس
لون القاعدة: مطلي بالكروم
مادة القاعدة: فولاذ
مادة شبكة الأكواب: فولاذ
مادة ذراع البخار: نحاس مطلي بالكروم
مادة درج تصريف السوائل: بلاستيك
مادة وحدة التخمير: نحاس
لون وحدة التخمير: مطلي بالكروم
لون الذراع: مطلي بالكروم
مادة الذراع: فولاذ
مادة مقبض الذراع: خشب أسود
مادة مقبض البخار: خشب أسود
مادة غطاء الغلاية: خشب أسود
نظام التسخين: غلاية فردية
مقياس الضغط: نعم
سعة خزان المياه: 1.6 لتر
مؤشر مستوى المياه: نعم
مقياس الغلاية: نعم
مؤشر درجة الحرارة: نعم
",{},{},[],true,2024-11-26 23:24:02+00,2025-02-22 03:38:39+00
338,33,4,59,Professional Rame Gold,إسبيرتو أبيلي,Professional Rame Gold,la-pavoni-coffee-machine-professional-rame-gold-338,0.00,,"Colour: Copper
Aesthetic: Rame Gold
Series: Professional
Body Color: Copper
Body Material: Brass
Base Color: Gold
Base Material: Steel
Cup Grid Material: Steel
Steam Wand Material: Chromed Brass
Drip tray drawer material: Plastic
Brewing Unit Material: Brass
Brewing Unit Color: Gold
Lever Color: Gold
Lever Material: Steel
Lever Handle Material: Wood
Steam Knob Material: Wood

Heating System: Single Boiler
Pressurestat: Yes
Water Tank Capacity: 1.6 l
Water Level Indicator: Yes
Boiler Manometer: Yes
Steam Wand: Yes","اللون: نحاسي
الشكل الجمالي: Rame Gold
السلسلة: Professional
لون الجسم: نحاسي
مادة الجسم: نحاس
لون القاعدة: ذهبي
مادة القاعدة: فولاذ
مادة شبكة الأكواب: فولاذ
مادة ذراع البخار: نحاس مطلي بالكروم
مادة درج تصريف السوائل: بلاستيك
مادة وحدة التخمير: نحاس
لون وحدة التخمير: ذهبي
لون الذراع: ذهبي
مادة الذراع: فولاذ
مادة مقبض الذراع: خشب
مادة مقبض البخار: خشب
نظام التسخين: غلاية فردية
مقياس الضغط: نعم
سعة خزان المياه: 1.6 لتر
مؤشر مستوى المياه: نعم
مقياس الغلاية: نعم
ذراع البخار: نعم
",{},{},[],true,2024-11-26 23:26:30+00,2025-02-22 03:38:39+00
339,33,4,59,Stradivari Professional Lusso,إكسبو,Stradivari Professional Lusso,la-pavoni-coffee-machine-stradivari-professional-lusso-339,0.00,,"Colour: Chromed Brass
Aesthetic: Lusso
Series: Stradivari Professional
Body Material: Brass
Base Color: Chromed
Base Material: Steel
Cup Grid Material: Steel
Steam Wand Material: Chromed Brass
Drip tray drawer material: Plastic
Brewing Unit Material: Brass
Brewing Unit Color: Chromed
Lever Color: Chromed
Lever Material: Steel
Lever Handle Material: Bakelite
Steam Knob Material: Bakelite
Boiler Cap Material: Bakelite

FIlters: 1 cup/ 2 cups
Tamper: Yes
Misurino: Yes
FIlter Holder: Standard
Cappuccino Automatic: Yes
Steam Wand: 3 holes Nozzle Ø 1,2 mm","اللون: نحاس مطلي بالكروم
الشكل الجمالي: Lusso
السلسلة: Stradivari Professional
مادة الجسم: نحاس
لون القاعدة: مطلي بالكروم
مادة القاعدة: فولاذ
مادة شبكة الأكواب: فولاذ
مادة ذراع البخار: نحاس مطلي بالكروم
مادة درج تصريف السوائل: بلاستيك
مادة وحدة التخمير: نحاس
لون وحدة التخمير: مطلي بالكروم
لون الذراع: مطلي بالكروم
مادة الذراع: فولاذ
مادة مقبض الذراع: باكيلايت
مادة مقبض البخار: باكيلايت
مادة غطاء الغلاية: باكيلايت
الفلاتر: لكوب واحد / كوبين
أداة الضغط (Tamper): نعم
المقياس (Misurino): نعم
حامل الفلتر: قياسي
كابتشينو أوتوماتيكي: نعم
ذراع البخار: 3 فتحات
قطر الفوهة: 1.2 مم",{},{},[],true,2024-11-26 23:36:57+00,2025-02-22 03:38:39+00
340,33,4,59,Professional Lusso,ميلانو,Professional Lusso,la-pavoni-coffee-machine-professional-lusso-340,0.00,,"Colour: Stainless steel
Aesthetic: Lusso
Series: Professional
Body Color: Chromed
Body Material: Brass
Base Color: Chromed
Base Material: Steel
Cup Grid Material: Steel
Steam Wand Material: Chromed Brass
Drip tray drawer material: Plastic
Brewing Unit Material: Brass
Brewing Unit Color: Chromed
Lever Color: Chromed
Lever Material: Steel
Lever Handle Material: Bakelite
Steam Knob Material: Bakelite

FIlters: 1 cup/ 2 cups
Tamper: Yes
Misurino: Yes
FIlter Holder: Standard
FIlter holder internal diameter (with filter) : 52 mm
Steam Wand: 3 holes Nozzle Ø 1,2 mm","اللون: الفولاذ المقاوم للصدأ
الشكل الجمالي: Lusso
السلسلة: Professional
لون الجسم: مطلي بالكروم
مادة الجسم: نحاس
لون القاعدة: مطلي بالكروم
مادة القاعدة: فولاذ
مادة شبكة الأكواب: فولاذ
مادة ذراع البخار: نحاس مطلي بالكروم
مادة درج تصريف السوائل: بلاستيك
مادة وحدة التخمير: نحاس
لون وحدة التخمير: مطلي بالكروم
لون الذراع: مطلي بالكروم
مادة الذراع: فولاذ
مادة مقبض الذراع: باكيلايت
مادة مقبض البخار: باكيلايت
الفلاتر: لكوب واحد / كوبين
أداة الضغط (Tamper): نعم
المقياس (Misurino): نعم
حامل الفلتر: قياسي
قطر حامل الفلتر الداخلي (مع الفلتر): 52 مم
ذراع البخار: 3 فتحات
قطر الفوهة: 1.2 مم
",{},{},[],true,2024-11-26 23:42:01+00,2025-02-22 03:38:39+00
341,33,4,59,Europiccola Special," بروفيشونال راميه جولد",Europiccola Special,la-pavoni-coffee-machine-europiccola-special-341,0.00,,"Colour: Chromed Brass
Aesthetic: Lusso
Series: Europiccola
Body Color: Chromed
Body Material: Brass
Base Color: Chromed
Base Material: Steel
Cup Grid Material: Stainless steel
Steam Wand Material: Chromed Brass
Drip tray drawer material: Plastic
Brewing Unit Material: Brass
Brewing Unit Color: Chromed
Lever Color: Chromed
Lever Material: Steel
Lever Handle Material: Bakelite
Steam Knob Material: Bakelite

FIlters: 1 cup/ 2 cups
Tamper: Yes
Misurino: Yes
FIlter Holder: Standard
FIlter holder internal diameter (with filter) : 52 mm
Steam Wand: 3 holes Nozzle Ø 1,2 mm","اللون: نحاس مطلي بالكروم
الشكل الجمالي: Lusso
السلسلة: Europiccola
لون الجسم: مطلي بالكروم
مادة الجسم: نحاس
لون القاعدة: مطلي بالكروم
مادة القاعدة: فولاذ
مادة شبكة الأكواب: فولاذ مقاوم للصدأ
مادة ذراع البخار: نحاس مطلي بالكروم
مادة درج تصريف السوائل: بلاستيك
مادة وحدة التخمير: نحاس
لون وحدة التخمير: مطلي بالكروم
لون الذراع: مطلي بالكروم
مادة الذراع: فولاذ
مادة مقبض الذراع: باكيلايت
مادة مقبض البخار: باكيلايت
الفلاتر: لكوب واحد / كوبين
أداة الضغط (Tamper): نعم
المقياس (Misurino): نعم
حامل الفلتر: قياسي
قطر حامل الفلتر الداخلي (مع الفلتر): 52 مم
ذراع البخار: 3 فتحات
قطر الفوهة: 1.2 مم",{},{},[],true,2024-11-26 23:46:33+00,2025-02-22 03:38:39+00
342,33,4,59,Stradivari Lusso," ستراديفاري بروفيشونال لوسو",Stradivari Lusso,la-pavoni-coffee-machine-stradivari-lusso-342,0.00,,"FIlters: 1 cup/ 2 cups
Tamper: Yes
Misurino: Yes
FIlter Holder: Standard
Cappuccino Automatic: Yes
Steam Wand: 3 holes Nozzle Ø 1,2 mm

Colour: Chromed Brass
Aesthetic: Lusso
Series: Stradivari Europiccola
Body Material: Brass
Base Color: Chromed
Base Material: Steel
Cup Grid Material: Steel
Steam Wand Material: Chromed Brass
Drip tray drawer material: Plastic
Brewing Unit Material: Brass
Brewing Unit Color: Chromed
Lever Color: Chromed
Lever Material: Steel
Lever Handle Material: Bakelite
Steam Knob Material: Bakelite
Boiler Cap Material: Bakelite","الفلاتر: لكوب واحد / كوبين
أداة الضغط (Tamper): نعم
المقياس (Misurino): نعم
حامل الفلتر: قياسي
كابتشينو أوتوماتيكي: نعم
ذراع البخار: 3 فتحات
قطر الفوهة: 1.2 مم
اللون: نحاس مطلي بالكروم
الشكل الجمالي: Lusso
السلسلة: Stradivari Europiccola
مادة الجسم: نحاس
لون القاعدة: مطلي بالكروم
مادة القاعدة: فولاذ
مادة شبكة الأكواب: فولاذ
مادة ذراع البخار: نحاس مطلي بالكروم
مادة درج تصريف السوائل: بلاستيك
مادة وحدة التخمير: نحاس
لون وحدة التخمير: مطلي بالكروم
لون الذراع: مطلي بالكروم
مادة الذراع: فولاذ
مادة مقبض الذراع: باكيلايت
مادة مقبض البخار: باكيلايت
مادة غطاء الغلاية: باكيلايت",{},{},[],true,2024-11-26 23:49:45+00,2025-02-22 03:38:39+00
343,33,4,59,Europiccola Lusso," بروفيشونال لوسو",Europiccola Lusso,la-pavoni-coffee-machine-europiccola-lusso-343,0.00,,"Colour: Chromed Brass
Aesthetic: Lusso
Series: Europiccola
Body Color: Chromed
Body Material: Brass
Base Color: Chromed
Base Material: Steel
Cup Grid Material: Plastic
Steam Wand Material: Chromed Brass
Drip tray drawer material: Plastic
Brewing Unit Material: Brass
Brewing Unit Color: Chromed
Lever Color: Chromed
Lever Material: Steel
Lever Handle Material: Bakelite
Steam Knob Material: Bakelite

FIlters: 1 cup/ 2 cups
Tamper: Yes
Misurino: Yes
FIlter Holder: Standard
FIlter holder internal diameter (with filter) : 52 mm
Steam Wand: 3 holes Nozzle Ø 1,2 mm","الشكل الجمالي: Lusso
السلسلة: Europiccola
لون الجسم: مطلي بالكروم
مادة الجسم: نحاس
لون القاعدة: مطلي بالكروم
مادة القاعدة: فولاذ
مادة شبكة الأكواب: بلاستيك
مادة ذراع البخار: نحاس مطلي بالكروم
مادة درج تصريف السوائل: بلاستيك
مادة وحدة التخمير: نحاس
لون وحدة التخمير: مطلي بالكروم
لون الذراع: مطلي بالكروم
مادة الذراع: فولاذ
مادة مقبض الذراع: باكيلايت
مادة مقبض البخار: باكيلايت
الفلاتر: لكوب واحد / كوبين
أداة الضغط (Tamper): نعم
المقياس (Misurino): نعم
حامل الفلتر: قياسي
قطر حامل الفلتر الداخلي (مع الفلتر): 52 مم
ذراع البخار: 3 فتحات
قطر الفوهة: 1.2 مم",{},{},[],true,2024-11-26 23:52:02+00,2025-02-22 03:38:39+00
344,33,4,59,BOTTICELLI SPECIALITY," يوروبكولا سبشال",BOTTICELLI SPECIALITY,la-pavoni-coffee-machine-botticelli-speciality-344,0.00,,"Material: Stainless Steel, Housing Finishing: Polished
Accessories included: FIlters 1 cup / 2 cups / Blind, Misurino, Cleaning Brush, Tamper

Electronic automatic water level: Yes
Anti- Vacuum Valve: Yes
Boiler Type: Dual Boiler
Boiler Material: Copper & Brass
Steam Boiler: Copper & Brass
Coffee Boiler Capacity: 0.6 l
Steam Boiler Capacity: 1.8 l
Tipologia di pompa: Rotary
Pump Pressure: 20 bar
Brewing Unit Manometer: Yes
Water Tank Capacity: 2.9 l
Removable Water Tank: Yes
Water supply connection: Yes
Pump Manometer: Yes
Boiler Manometer: Yes
PID for Coffee Temperature: Si
PID for Steam Temperature: Yes
Temperature light indicator: Yes
Brewing Pressure Profiling Control (BPPC): Yes
Cup Warmer: Passive
Steam Wand: Yes-Cool touch
Water Wand: Yes-Cool Touch","المادة: فولاذ مقاوم للصدأ
التشطيب: مصقول
الملحقات المرفقة: فلاتر لكوب واحد / كوبين / فلتر فارغ، مقياس، فرشاة تنظيف، ضاغط
التحكم الإلكتروني بمستوى الماء: نعم
صمام مضاد للفراغ: نعم
نوع الغلاية: غلاية مزدوجة
مادة الغلاية: نحاس ونحاس أصفر
غلاية البخار: نحاس ونحاس أصفر
سعة غلاية القهوة: 0.6 لتر
سعة غلاية البخار: 1.8 لتر
نوع المضخة: مضخة دوارة
ضغط المضخة: 20 بار
مقياس ضغط وحدة التخمير: نعم
سعة خزان المياه: 2.9 لتر
خزان المياه قابل للإزالة: نعم
إمكانية توصيل إمداد المياه: نعم
مقياس ضغط المضخة: نعم
مقياس ضغط الغلاية: نعم
PID لدرجة حرارة القهوة: نعم
PID لدرجة حرارة البخار: نعم
مؤشر ضوئي لدرجة الحرارة: نعم
التحكم في ضغط التخمير (BPPC): نعم
تسخين الأكواب: سلبي
ذراع البخار: نعم - بارد اللمس
ذراع الماء: نعم - بارد اللمس",{},{},[],true,2024-11-27 00:25:59+00,2025-02-22 03:38:39+00
345,33,4,59,DIAMANTINA,ستراديفاري لوسو,DIAMANTINA,la-pavoni-coffee-machine-diamantina-345,0.00,,"Electronic automatic water level: Yes
Anti- Vacuum Valve: Yes
Boiler Type: Dual Boiler
Boiler Material: Copper & Brass
Steam Boiler: Copper & Brass
Coffee Boiler Capacity: 0.6 l
Steam Boiler Capacity: 1.8 l
Tipologia di pompa: Rotary
Pump Pressure: 20 bar
Brewing Unit Manometer: Yes
Water Tank Capacity: 1.9 l
Removable Water Tank: Yes
Water supply connection: Yes
Pump Manometer: Yes
Boiler Manometer: Yes
PID for Coffee Temperature: Si
PID for Steam Temperature: Yes
Temperature light indicator: Yes
Brewing Pressure Profiling Control (BPPC): Yes
Cup Warmer: Passive
Steam Wand: Yes-Cool touch
Water Wand: Yes-Cool Touch

Colour: Stainless steel and gold
Finishing: Glossy
Aesthetic: Specialty
Series: Diamantina
Body Color: Polished Steel and Gold
Body Material: Stainless Steel
Cup Grid Material: Steel
Steam Wand Material: Stainless Steel-Cool Touch
Water Wand Material: St. Steel-Cool Touch
Brewing group: E61
Brewing Unit Material: Brass
Brewing Unit Color: Chromed","التحكم الإلكتروني بمستوى الماء: نعم
صمام مضاد للفراغ: نعم
نوع الغلاية: غلاية مزدوجة
مادة الغلاية: نحاس ونحاس أصفر
غلاية البخار: نحاس ونحاس أصفر
سعة غلاية القهوة: 0.6 لتر
سعة غلاية البخار: 1.8 لتر
نوع المضخة: مضخة دوارة
ضغط المضخة: 20 بار
مقياس ضغط وحدة التخمير: نعم
سعة خزان المياه: 1.9 لتر
خزان المياه قابل للإزالة: نعم
إمكانية توصيل إمداد المياه: نعم
مقياس ضغط المضخة: نعم
مقياس ضغط الغلاية: نعم
PID لدرجة حرارة القهوة: نعم
PID لدرجة حرارة البخار: نعم
مؤشر ضوئي لدرجة الحرارة: نعم
التحكم في ضغط التخمير (BPPC): نعم
تسخين الأكواب: سلبي
ذراع البخار: نعم - بارد اللمس
ذراع الماء: نعم - بارد اللمس
اللون: فولاذ مقاوم للصدأ مع ذهب
التشطيب: لامع
الجمالية: Specialty
السلسلة: Diamantina
لون الجسم: فولاذ مصقول وذهبي
مادة الجسم: فولاذ مقاوم للصدأ
مادة شبكة الأكواب: فولاذ
مادة ذراع البخار: فولاذ مقاوم للصدأ - بارد اللمس
مادة ذراع الماء: فولاذ مقاوم للصدأ - بارد اللمس
مجموعة التخمير: E61
مادة وحدة التخمير: نحاس",{},{},[],true,2024-11-27 00:30:50+00,2025-02-22 03:38:39+00
346,33,4,59,Botticelli Evolution," يوروبكولا لوسو",Botticelli Evolution,la-pavoni-coffee-machine-botticelli-evolution-346,0.00,,"Electronic automatic water level: Yes
Anti- Vacuum Valve: Yes
Boiler Type: Dual Boiler
Boiler Material: Copper & Brass
Steam Boiler: Copper & Brass
Coffee Boiler Capacity: 0.6 l
Steam Boiler Capacity: 1.8 l
Tipologia di pompa: Rotary
Pump Pressure: 20 bar
Water Tank Capacity: 2.9 l
Removable Water Tank: Yes
Water supply connection: Yes
Pump Manometer: Yes
Boiler Manometer: Yes
PID for Coffee Temperature: Si
PID for Steam Temperature: Yes
Temperature light indicator: Yes
Cup Warmer: Passive
Steam Wand: Yes-Cool touch
Water Wand: Yes-Cool Touch

Colour: Stainless steel
Finishing: Glossy
Aesthetic: Evolution
Series: Botticelli
Body Color: Polished Steel
Body Material: Stainless Steel
Cup Grid Material: Steel
Steam Wand Material: Stainless Steel-Cool Touch
Water Wand Material: St. Steel-Cool Touch
Brewing group: E61
Brewing Unit Material: Brass
Brewing Unit Color: Chromed","التحكم الإلكتروني بمستوى الماء: نعم
صمام مضاد للفراغ: نعم
نوع الغلاية: غلاية مزدوجة
مادة الغلاية: نحاس ونحاس أصفر
غلاية البخار: نحاس ونحاس أصفر
سعة غلاية القهوة: 0.6 لتر
سعة غلاية البخار: 1.8 لتر
نوع المضخة: مضخة دوارة
ضغط المضخة: 20 بار
سعة خزان المياه: 2.9 لتر
خزان المياه قابل للإزالة: نعم
إمكانية توصيل إمداد المياه: نعم
مقياس ضغط المضخة: نعم
مقياس ضغط الغلاية: نعم
PID لدرجة حرارة القهوة: نعم
PID لدرجة حرارة البخار: نعم
مؤشر ضوئي لدرجة الحرارة: نعم
تسخين الأكواب: سلبي
ذراع البخار: نعم - بارد اللمس
ذراع الماء: نعم - بارد اللمس
اللون: فولاذ مقاوم للصدأ
التشطيب: لامع
الجمالية: Evolution
السلسلة: Botticelli
لون الجسم: فولاذ مصقول
مادة الجسم: فولاذ مقاوم للصدأ
مادة شبكة الأكواب: فولاذ
مادة ذراع البخار: فولاذ مقاوم للصدأ - بارد اللمس
مادة ذراع الماء: فولاذ مقاوم للصدأ - بارد اللمس
مجموعة التخمير: E61
مادة وحدة التخمير: نحاس",{},{},[],true,2024-11-27 00:34:15+00,2025-02-22 03:38:39+00
347,33,4,59,Cellini Evolution White EU,بوتيتشيلي سبشاليتي,Cellini Evolution White EU,la-pavoni-coffee-machine-cellini-evolution-white-eu-347,0.00,,"Electronic automatic water level: Yes
Anti- Vacuum Valve: Yes
Boiler Type: Single Boiler w/ Heat Exchanger
Boiler Material: Copper & Brass
Boiler Capacity: 1.8 l
Tipologia di pompa: Rotary
Pump Pressure: 20 bar
Water Tank Capacity: 2.9 l
Removable Water Tank: Yes
Water supply connection: Yes
Pump Manometer: Yes
Boiler Manometer: Yes
Temperature light indicator: Yes
Cup Warmer: Passive
Steam Wand: Yes-Cool Touch
Water Wand: Yes-Cool Touch

Colour: White Matt and Oak
Finishing: White
Aesthetic: Evolution
Series: Cellini
Body Color: Bianco
Cup Grid Material: Steel
Steam Wand Material: Stainless Steel-Cool Touch
Water Wand Material: St. Steel-Cool Touch
Brewing group: E61
Brewing Unit Material: Brass
Brewing Unit Color: Chromed
Knob type: Lever","التحكم الإلكتروني بمستوى الماء: نعم
صمام مضاد للفراغ: نعم
نوع الغلاية: غلاية فردية مع مبدل حراري
مادة الغلاية: نحاس ونحاس أصفر
سعة الغلاية: 1.8 لتر
نوع المضخة: مضخة دوارة
ضغط المضخة: 20 بار
سعة خزان المياه: 2.9 لتر
خزان المياه قابل للإزالة: نعم
إمكانية توصيل إمداد المياه: نعم
مقياس ضغط المضخة: نعم
مقياس ضغط الغلاية: نعم
مؤشر ضوئي لدرجة الحرارة: نعم
تسخين الأكواب: سلبي
ذراع البخار: نعم - بارد اللمس
ذراع الماء: نعم - بارد اللمس
اللون: أبيض غير لامع وخشب البلوط
التشطيب: أبيض
الجمالية: Evolution
السلسلة: Cellini
لون الجسم: أبيض
مادة شبكة الأكواب: فولاذ
مادة ذراع البخار: فولاذ مقاوم للصدأ - بارد اللمس
مادة ذراع الماء: فولاذ مقاوم للصدأ - بارد اللمس
مجموعة التخمير: E61
مادة وحدة التخمير: نحاس
لون وحدة التخمير: مطلي بالكروم
نوع المقبض: رافعة
",{},{},[],true,2024-11-27 00:38:34+00,2025-02-22 03:38:39+00
348,33,4,59,Cellini Evolution Black,ديامانتينا,Cellini Evolution Black,la-pavoni-coffee-machine-cellini-evolution-black-348,0.00,,"Electronic automatic water level: Yes
Anti- Vacuum Valve: Yes
Boiler Type: Single Boiler w/ Heat Exchanger
Boiler Material: Copper & Brass
Boiler Capacity: 1.8 l
Tipologia di pompa: Rotary
Pump Pressure: 20 bar
Water Tank Capacity: 2.9 l
Removable Water Tank: Yes
Water supply connection: Yes
Pump Manometer: Yes
Boiler Manometer: Yes
Temperature light indicator: Yes
Cup Warmer: Passive
Steam Wand: Yes-Cool Touch
Water Wand: Yes-Cool Touch

Colour: Matt Black
Finishing: Black
Aesthetic: Evolution
Series: Cellini
Body Color: Nero
Cup Grid Material: Steel
Steam Wand Material: Stainless Steel-Cool Touch
Water Wand Material: St. Steel-Cool Touch
Brewing group: E61
Brewing Unit Material: Brass
Brewing Unit Color: Chromed
Knob type: Lever","التحكم الإلكتروني بمستوى الماء: نعم
صمام مضاد للفراغ: نعم
نوع الغلاية: غلاية فردية مع مبدل حراري
مادة الغلاية: نحاس ونحاس أصفر
سعة الغلاية: 1.8 لتر
نوع المضخة: مضخة دوارة
ضغط المضخة: 20 بار
سعة خزان المياه: 2.9 لتر
خزان المياه قابل للإزالة: نعم
إمكانية توصيل إمداد المياه: نعم
مقياس ضغط المضخة: نعم
مقياس ضغط الغلاية: نعم
مؤشر ضوئي لدرجة الحرارة: نعم
تسخين الأكواب: سلبي
ذراع البخار: نعم - بارد اللمس
ذراع الماء: نعم - بارد اللمس
اللون: أسود غير لامع
التشطيب: أسود
الجمالية: Evolution
السلسلة: Cellini
لون الجسم: أسود
مادة شبكة الأكواب: فولاذ
مادة ذراع البخار: فولاذ مقاوم للصدأ - بارد اللمس
مادة ذراع الماء: فولاذ مقاوم للصدأ - بارد اللمس
مجموعة التخمير: E61
مادة وحدة التخمير: نحاس
لون وحدة التخمير: مطلي بالكروم
نوع المقبض: رافعة
",{},{},[],true,2024-11-27 00:43:50+00,2025-02-22 03:38:39+00
349,33,4,59,Cellini Evolution," بوتيتشيلي إيفوليوشن",Cellini Evolution,la-pavoni-coffee-machine-cellini-evolution-349,0.00,,"Electronic automatic water level: Yes
Anti- Vacuum Valve: Yes
Boiler Type: Single Boiler w/ Heat Exchanger
Boiler Material: Copper & Brass
Boiler Capacity: 1.8 l
Tipologia di pompa: Rotary
Pump Pressure: 20 bar
Water Tank Capacity: 2.9 l
Removable Water Tank: Yes
Water supply connection: Yes
Pump Manometer: Yes
Boiler Manometer: Yes
Temperature light indicator: Yes
Cup Warmer: Passive
Steam Wand: Yes-Cool touch
Water Wand: Yes-Cool Touch

Colour: Stainless steel
Finishing: Glossy
Aesthetic: Evolution
Series: Cellini
Body Color: Polished Steel
Body Material: Stainless Steel
Cup Grid Material: Steel
Steam Wand Material: Stainless Steel-Cool Touch
Water Wand Material: St. Steel-Cool Touch
Brewing group: E61
Brewing Unit Material: Brass
Brewing Unit Color: Chromed","التحكم الإلكتروني بمستوى الماء: نعم
صمام مضاد للفراغ: نعم
نوع الغلاية: غلاية فردية مع مبدل حراري
مادة الغلاية: نحاس ونحاس أصفر
سعة الغلاية: 1.8 لتر
نوع المضخة: مضخة دوارة
ضغط المضخة: 20 بار
سعة خزان المياه: 2.9 لتر
خزان المياه قابل للإزالة: نعم
إمكانية توصيل إمداد المياه: نعم
مقياس ضغط المضخة: نعم
مقياس ضغط الغلاية: نعم
مؤشر ضوئي لدرجة الحرارة: نعم
تسخين الأكواب: سلبي
ذراع البخار: نعم - بارد اللمس
ذراع الماء: نعم - بارد اللمس
اللون: فولاذ مقاوم للصدأ
التشطيب: لامع
الجمالية: Evolution
السلسلة: Cellini
لون الجسم: فولاذ مصقول
مادة الجسم: فولاذ مقاوم للصدأ
مادة شبكة الأكواب: فولاذ
مادة ذراع البخار: فولاذ مقاوم للصدأ - بارد اللمس
مادة ذراع الماء: فولاذ مقاوم للصدأ - بارد اللمس
مجموعة التخمير: E61
مادة وحدة التخمير: نحاس
لون وحدة التخمير: مطلي بالكروم",{},{},[],true,2024-11-27 00:47:25+00,2025-02-22 03:38:39+00
350,33,4,59,Mini Cellini Black,تشيليني إيفوليوشن وايت EU,Mini Cellini Black,la-pavoni-coffee-machine-mini-cellini-black-350,0.00,,"Boiler Type: Single Boiler
Boiler Material: Stainless Steel
Boiler Capacity: 0.8 l
Tipologia di pompa: Vibration
Pump Pressure: 15 bar
Water Tank Capacity: 2.9 l
Removable Water Tank: Yes
Pump Manometer: Yes
Temperature light indicator: Yes
Cup Warmer: Passive
Steam Wand: Yes-Cool touch
Water Wand: Yes

Colour: Black
Finishing: Matt black
Series: Mini Cellini
Body Color: Nero
Cup Grid Material: Steel
Steam Wand Material: Stainless Steel-Cool Touch
Water Wand Material: St. Steel-Cool Touch
Brewing group: E61
Brewing Unit Material: Brass
Brewing Unit Color: Chromed","نوع الغلاية: غلاية فردية
مادة الغلاية: فولاذ مقاوم للصدأ
سعة الغلاية: 0.8 لتر
نوع المضخة: مضخة اهتزازية
ضغط المضخة: 15 بار
سعة خزان المياه: 2.9 لتر
خزان المياه قابل للإزالة: نعم
مقياس ضغط المضخة: نعم
مؤشر ضوئي لدرجة الحرارة: نعم
تسخين الأكواب: سلبي
ذراع البخار: نعم - بارد اللمس
ذراع الماء: نعم
اللون: أسود
التشطيب: أسود غير لامع
السلسلة: Mini Cellini
لون الجسم: أسود
مادة شبكة الأكواب: فولاذ
مادة ذراع البخار: فولاذ مقاوم للصدأ - بارد اللمس
مادة ذراع الماء: فولاذ مقاوم للصدأ - بارد اللمس
مجموعة التخمير: E61
مادة وحدة التخمير: نحاس
لون وحدة التخمير: مطلي بالكروم
",{},{},[],true,2024-11-27 00:52:09+00,2025-02-22 03:38:39+00
351,33,4,59,Mini Cellini,تشيليني إيفوليوشن بلاك,Mini Cellini,la-pavoni-coffee-machine-mini-cellini-351,0.00,,"Colour: Steel
Finishing: Glossy
Series: Mini Cellini
Body Color: Polished Steel
Body Material: Stainless Steel
Cup Grid Material: Steel
Steam Wand Material: Stainless Steel-Cool Touch
Water Wand Material: St. Steel-Cool Touch
Brewing group: E61
Brewing Unit Material: Brass
Brewing Unit Color: Chromed
Knob type: Rotary

Boiler Type: Single Boiler
Boiler Material: Stainless Steel
Boiler Capacity: 0.8 l
Tipologia di pompa: Vibration
Pump Pressure: 15 bar
Water Tank Capacity: 2.9 l
Removable Water Tank: Yes
Pump Manometer: Yes
Temperature light indicator: Yes
Cup Warmer: Passive
Steam Wand: Yes-Cool touch
Water Wand: Yes","اللون: فولاذ
التشطيب: لامع
السلسلة: Mini Cellini
لون الجسم: فولاذ مصقول
مادة الجسم: فولاذ مقاوم للصدأ
مادة شبكة الأكواب: فولاذ
مادة ذراع البخار: فولاذ مقاوم للصدأ - بارد اللمس
مادة ذراع الماء: فولاذ مقاوم للصدأ - بارد اللمس
مجموعة التخمير: E61
مادة وحدة التخمير: نحاس
لون وحدة التخمير: مطلي بالكروم
نوع المقبض: دوار
نوع الغلاية: غلاية فردية
مادة الغلاية: فولاذ مقاوم للصدأ
سعة الغلاية: 0.8 لتر
نوع المضخة: مضخة اهتزازية
ضغط المضخة: 15 بار
سعة خزان المياه: 2.9 لتر
خزان المياه قابل للإزالة: نعم
مقياس ضغط المضخة: نعم
مؤشر ضوئي لدرجة الحرارة: نعم
تسخين الأكواب: سلبي
ذراع البخار: نعم - بارد اللمس
",{},{},[],true,2024-11-27 00:55:25+00,2025-02-22 03:38:39+00
352,33,4,59,NEW CASABAR PID STEEL," تشيليني إيفوليوشن",NEW CASABAR PID STEEL,la-pavoni-coffee-machine-new-casabar-pid-steel-352,0.00,,"Heating System: Single Boiler
Boiler Type: Single Boiler
Boiler Capacity: 0.3 l
Tipologia di pompa: Vibration
Pump Pressure: 15 bar
Water Tank Capacity: 3 l
Removable Water Tank: Yes
Pump Manometer: Yes
PID for Coffee Temperature: Si
Temperature light indicator: Yes
Included accessories: Filter holder, special water filter, blind filter, measuring cup, 1-cup filter, 2-cups filter
Cup Warmer: Passive

Colour: Stainless steel
Finishing: Glossy
Series: Casabar PID
Body Color: Polished Steel
Body Material: Stainless Steel
Cup Grid Material: Steel
Steam Wand Material: Stainless Steel
Drip tray drawer material: Plastic
Brewing Unit Material: Brass
Brewing Unit","نظام التسخين: غلاية فردية
نوع الغلاية: غلاية فردية
سعة الغلاية: 0.3 لتر
نوع المضخة: مضخة اهتزازية
ضغط المضخة: 15 بار
سعة خزان المياه: 3 لتر
خزان المياه قابل للإزالة: نعم
مقياس ضغط المضخة: نعم
PID للتحكم في درجة حرارة القهوة: نعم
مؤشر ضوئي لدرجة الحرارة: نعم
الملحقات المرفقة: حامل الفلتر، فلتر مياه خاص، فلتر أعمى، كوب قياس، فلتر لفنجان واحد، فلتر لفنجانين
تسخين الأكواب: سلبي
اللون: فولاذ مقاوم للصدأ
التشطيب: لامع
السلسلة: Casabar PID
لون الجسم: فولاذ مصقول
مادة الجسم: فولاذ مقاوم للصدأ
مادة شبكة الأكواب: فولاذ
مادة ذراع البخار: فولاذ مقاوم للصدأ
مادة درج صينية التنقيط: بلاستيك
مادة وحدة التخمير: نحاس
",{},{},[],true,2024-11-28 01:37:10+00,2025-02-22 03:38:39+00
353,33,4,59,NEW CASABAR PID BLACK,ميني تشيليني بلاك,NEW CASABAR PID BLACK,la-pavoni-coffee-machine-new-casabar-pid-black-353,0.00,,"Colour: Matt Black
Finishing: Matt
Series: Casabar PID
Body Color: Nero
Body Material: Steel
Cup Grid Material: Steel
Steam Wand Material: Stainless Steel
Drip tray drawer material: Plastic
Brewing Unit Material: Brass
Brewing Unit Color: Chromed
on
Pump Pressure: 15 bar
Water Tank Capacity: 3 l
Removable Water Tank: Yes
Pump Manometer: Yes
PID for Coffee Temperature: Si
Temperature light indicator: Yes
Included accessories: Filter holder, special water filter, blind filter, measuring cup, 1-cup filter, 2-cups filter
Cup Warmer: Passive","اللون: أسود غير لامع
التشطيب: غير لامع
السلسلة: Casabar PID
لون الجسم: أسود
مادة الجسم: فولاذ
مادة شبكة الأكواب: فولاذ
مادة ذراع البخار: فولاذ مقاوم للصدأ
مادة درج صينية التنقيط: بلاستيك
مادة وحدة التخمير: نحاس
لون وحدة التخمير: مطلي بالكروم
ضغط المضخة: 15 بار
سعة خزان المياه: 3 لتر
خزان المياه قابل للإزالة: نعم
مقياس ضغط المضخة: نعم
PID للتحكم في درجة حرارة القهوة: نعم
مؤشر ضوئي لدرجة الحرارة: نعم
الملحقات المرفقة: حامل الفلتر، فلتر مياه خاص، فلتر أعمى، كوب قياس، فلتر لفنجان واحد، فلتر لفنجانين
تسخين الأكواب: سلبي
",{},{},[],true,2024-11-28 01:42:14+00,2025-02-22 03:38:39+00
354,33,4,59,New Domus Bar,ميني تشيليني,New Domus Bar,la-pavoni-coffee-machine-new-domus-bar-354,0.00,,"Colour: Stainless steel
Finishing: Silver
Series: Domus
Body Color: Polished Steel
Body Material: Stainless Steel
Cup Grid Material: Steel
Steam Wand Material: Stainless Steel
Drip tray drawer material: Plastic
Brewing Unit Material: Brass
Brewing Unit Color: Chromed

Heating System: Single Boiler
Tipologia di pompa: Vibration
Pump Pressure: 15 bar
Water Tank Capacity: 2.7 l
Removable Water Tank: Yes
Water Level Indicator: Yes
Pump Manometer: Yes
Bean Coffee Container: 130 g
Temperature light indicator: Yes
Burr Type: Conical
Included accessories: Portafilter,1 cup filter, 2 cups filter, Paper pods adapter, Tamper
Cup Warmer: Passive","اللون: فولاذ مقاوم للصدأ
التشطيب: فضي
السلسلة: Domus
لون الجسم: فولاذ مصقول
مادة الجسم: فولاذ مقاوم للصدأ
مادة شبكة الأكواب: فولاذ
مادة ذراع البخار: فولاذ مقاوم للصدأ
مادة درج صينية التنقيط: بلاستيك
مادة وحدة التخمير: نحاس
لون وحدة التخمير: مطلي بالكروم
نظام التسخين: غلاية فردية
نوع المضخة: مضخة اهتزازية
ضغط المضخة: 15 بار
سعة خزان المياه: 2.7 لتر
خزان المياه قابل للإزالة: نعم
مؤشر مستوى المياه: نعم
مقياس ضغط المضخة: نعم
حاوية حبوب القهوة: 130 جرام
مؤشر ضوئي لدرجة الحرارة: نعم
نوع الشفرات: مخروطية
الملحقات المرفقة: حامل الفلتر، فلتر لفنجان واحد، فلتر لفنجانين، محول لفلاتر الورق، مدك القهوة
تسخين الأكواب: سلبي",{},{},[],true,2024-11-28 01:46:19+00,2025-02-22 03:38:39+00
355,33,4,59,NEW CASABAR BLACK," نيو كازابار PID ستيل",NEW CASABAR BLACK,la-pavoni-coffee-machine-new-casabar-black-355,0.00,,"Colour: Matt Black
Finishing: Matt
Series: Casabar
Body Color: Nero
Body Material: Steel
Cup Grid Material: Steel
Steam Wand Material: Stainless Steel
Drip tray drawer material: Plastic
Brewing Unit Material: Brass
Brewing Unit Color: Chromed

Heating System: Single Boiler
Boiler Type: Single Boiler
Boiler Capacity: 0.22 l
Tipologia di pompa: Vibration
Pump Pressure: 15 bar
Water Tank Capacity: 2.9 l
Removable Water Tank: Yes
Water Level Indicator: Yes
Pump Manometer: Yes
Temperature light indicator: Yes
Cup Warmer: Passive
Steam Wand: Yes","اللون: أسود غير لامع
التشطيب: غير لامع
السلسلة: Casabar
لون الجسم: أسود
مادة الجسم: فولاذ
مادة شبكة الأكواب: فولاذ
مادة ذراع البخار: فولاذ مقاوم للصدأ
مادة درج صينية التنقيط: بلاستيك
مادة وحدة التخمير: نحاس
لون وحدة التخمير: مطلي بالكروم
نظام التسخين: غلاية فردية
نوع الغلاية: غلاية فردية
سعة الغلاية: 0.22 لتر
نوع المضخة: مضخة اهتزازية
ضغط المضخة: 15 بار
سعة خزان المياه: 2.9 لتر
خزان المياه قابل للإزالة: نعم
مؤشر مستوى المياه: نعم
مقياس ضغط المضخة: نعم
مؤشر ضوئي لدرجة الحرارة: نعم
تسخين الأكواب: سلبي
ذراع البخار: نعم
",{},{},[],true,2024-11-28 01:51:37+00,2025-02-22 03:38:39+00
356,33,4,59,NEW CASABAR STEEL,نيو كازابار PID بلاك,NEW CASABAR STEEL,la-pavoni-coffee-machine-new-casabar-steel-356,0.00,,"Colour: Stainless steel
Finishing: Glossy
Series: Casabar
Body Color: Polished Steel
Body Material: Stainless Steel
Cup Grid Material: Steel
Steam Wand Material: Stainless Steel
Drip tray drawer material: Plastic
Brewing Unit Material: Brass
Brewing Unit Color: Chromed

Heating System: Single Boiler
Boiler Type: Single Boiler
Boiler Capacity: 0.22 l
Tipologia di pompa: Vibration
Pump Pressure: 15 bar
Water Tank Capacity: 2.9 l
Removable Water Tank: Yes
Water Level Indicator: Yes
Pump Manometer: Yes
Temperature light indicator: Yes
Cup Warmer: Passive
Steam Wand: Yes","اللون: فولاذ مقاوم للصدأ
التشطيب: لامع
السلسلة: Casabar
مادة الجسم: فولاذ مقاوم للصدأ
مادة شبكة الأكواب: فولاذ
مادة ذراع البخار: فولاذ مقاوم للصدأ
مادة درج صينية التنقيط: بلاستيك
مادة وحدة التخمير: نحاس
لون وحدة التخمير: مطلي بالكروم
نظام التسخين: غلاية فردية
سعة الغلاية: 0.22 لتر
نوع المضخة: مضخة اهتزازية
ضغط المضخة: 15 بار
سعة خزان المياه: 2.9 لتر
خزان المياه قابل للإزالة: نعم
مؤشر مستوى الماء: نعم
مقياس ضغط المضخة: نعم
مؤشر ضوئي لدرجة الحرارة: نعم
تسخين الأكواب: سلبي
ذراع البخار: نعم",{},{},[],true,2024-11-28 02:00:27+00,2025-02-22 03:38:39+00
357,33,4,60,New Kube Mill Black," نيو دوموس بار",New Kube Mill Black,la-pavoni-coffee-grinder-new-kube-mill-black-357,0.00,,"Productivity: 1.1-1.5 Espresso
Body material: Aluminium
Motor RPM: 1350
Burrs diameter: 50
Burr Material: Hardened Steel
Bean Hopper Capacity: 150 g
Burr Type: Flat
Filter holder centerer: Yes
Logo type: Applied
Colour: Black
Finishing: Black
Body Colour: Black
","الإنتاجية: 1.1-1.5 إسبريسو
مادة الجسم: الألومنيوم
سرعة المحرك: 1350 دورة في الدقيقة
قطر الشفرات: 50 مم
مادة الشفرات: فولاذ مقوى
سعة حاوية الفول: 150 جرام
نوع الشفرات: مسطحة
محدد مركز حامل الفلتر: نعم
نوع الشعار: مثبت
اللون: أسود
التشطيب: أسود
مادة الجسم: ألومنيوم
",{},{},[],true,2024-11-28 02:13:22+00,2025-02-22 03:38:39+00
358,34,4,59,Ottima Evo,نيو كازابار بلاك,Ottima Evo,futurmat-coffee-machine-ottima-evo-358,0.00,,"Boiler water level electronically controlled
Optional rails for cup warming tray; standard on 1G models
Chrome pushbuttons with integrated LED
2.5 kg high quality brass groups with infusion / extraction system
Rust resistant galvanised steel chassis
4 programmable coffee doses and continuous button on each group
Easy to maintain
Excellent thermal stability","التحكم الإلكتروني في مستوى مياه الغلاية
خيار لتوفير حواجز على صينية تسخين الأكواب (قياسي في طراز 1G)
أزرار كروم مضيئة مدمجة
مجموعات نحاسية عالية الجودة بوزن 2.5 كجم مع نظام استخراج/تسريب
هيكل مقاوم للصدأ مصنوع من الصلب المجلفن
4 جرعات قهوة قابلة للبرمجة وزر مستمر لكل مجموعة
سهل الصيانة
ثبات حراري ممتاز",{},{},[],true,2024-11-28 10:38:06+00,2025-02-22 03:38:39+00
359,34,4,59,Rimini Soul,نيو كازابار ستيل,Rimini Soul,futurmat-coffee-machine-rimini-soul-359,0.00,,"Pushbuttons with integrated LED
Integrated illumination system to improve the visibility of the work area
Five models available
Compact 2 group version (58cm) ideal for small spaces
Unique colour, formed by stainless steel and grey
2.5 kg high quality groups with infusion/extraction system
Rust resistant chassis, stainless steel work area
High performance boiler and groups","أزرار تحكم مضيئة متكاملة
نظام إضاءة لتحسين رؤية منطقة العمل
خمسة طرازات متاحة
إصدار صغير الحجم مع مجموعتين (58 سم) مثالي للمساحات الصغيرة
تصميم بلون فريد من الفولاذ المقاوم للصدأ والرمادي
مجموعات عالية الجودة 2.5 كجم مع نظام استخراج/تسريب
هيكل مقاوم للصدأ ومنطقة عمل من الفولاذ المقاوم للصدأ
غلاية ومجموعات ذات أداء عالي",{},{},[],true,2024-11-28 10:44:27+00,2025-02-22 03:38:39+00
360,34,4,59,F3 Display,نيو كيوب ميل بلاك,F3 Display,futurmat-coffee-machine-f3-display-360,0.00,,"Touch-sensitive and heavy-duty pushbuttons
Two high-powered stainless steel steam arms
Hot water outlet for teas
Metal elements easy to clean, heavy-duty stainless steel
 Electronically controlled boiler water temperature
Digital coffee servings counter
Energy saving system
Automatic group cleaning cycle
Digitised machine performance record","أزرار تحكم حساسة تعمل باللمس ومقاومة للاستخدام المكثف
ذراعا بخار قويان مصنوعان من الفولاذ المقاوم للصدأ
مخرج ماء ساخن للشاي
عناصر معدنية سهلة التنظيف مصنوعة من الفولاذ المقاوم للصدأ
التحكم الإلكتروني في درجة حرارة مياه الغلاية
عداد رقمي لعدد أكواب القهوة المحضرة
نظام توفير الطاقة
دورة تنظيف أوتوماتيكية للمجموعات
تسجيل رقمي لأداء الجهاز
",{},{},[],true,2024-11-28 10:52:59+00,2025-02-22 03:38:39+00
361,34,4,59,F3," أوتيما إيفو",F3,futurmat-coffee-machine-f3-361,0.00,,"Touch-sensitive and heavy-duty pushbuttons
Two high-powered stainless steel steam arms
Hot water outlet for teas
Automatic boiler pressure adjustment
Pushbutton for programmable steam
Metal elements easy to clean, heavy-duty stainless steel","أزرار تحكم حساسة تعمل باللمس ومقاومة للاستخدام المكثف
ذراعا بخار قويان مصنوعان من الفولاذ المقاوم للصدأ
مخرج ماء ساخن للشاي
ضبط تلقائي لضغط الغلاية
زر بخار قابل للبرمجة
عناصر معدنية سهلة التنظيف مصنوعة من الفولاذ المقاوم للصدأ",{},{},[],true,2024-11-28 10:56:25+00,2025-02-22 03:38:39+00
362,34,4,59,Sensius Gold 2GR,ريميني سول,Sensius Gold 2GR,futurmat-coffee-machine-sensius-gold-2gr-362,0.00,,"4.7” LCD scroll touch display
High precision pressure gauge
Capacitive control panel
Control of work area illumination and push button colours 
Thermally insulated ECO Mode boiler
Alarms and messages on the state-of-the-art scroll screen
Language selection and help screen","شاشة لمس متطورة بحجم 4.7 بوصة
مقياس ضغط عالي الدقة
لوحة تحكم سعوية
التحكم في إضاءة منطقة العمل وألوان الأزرار
غلاية معزولة حراريًا مع وضع ECO لتوفير الطاقة
تنبيهات ورسائل تعرض على الشاشة المتطورة
اختيار اللغة وشاشة المساعدة
",{},{},[],true,2024-11-28 11:03:26+00,2025-02-22 03:38:39+00
363,34,4,59,Sensius Gold 3GR,إف 3 ديسبلاي,Sensius Gold 3GR,futurmat-coffee-machine-sensius-gold-3gr-363,0.00,,"4.7” LCD scroll touch display
High precision pressure gauge
Capacitive control panel
Control of work area illumination and push button colours 
Thermally insulated ECO Mode boiler
Alarms and messages on the state-of-the-art scroll screen
Language selection and help screen
Coffee servings counter
Clock and programming
Boiler, pump pressure and metre monitoring
Parameter controller","شاشة لمس متطورة بحجم 4.7 بوصة
مقياس ضغط عالي الدقة
لوحة تحكم سعوية
التحكم في إضاءة منطقة العمل وألوان الأزرار
غلاية معزولة حراريًا مع وضع ECO لتوفير الطاقة
تنبيهات ورسائل تعرض على الشاشة المتطورة
اختيار اللغة وشاشة المساعدة
عداد لتقديمات القهوة
ساعة وبرمجة
مراقبة ضغط الغلاية والمضخة وعداد المعايير",{},{},[],true,2024-11-28 11:05:32+00,2025-02-22 03:38:39+00
364,34,4,59,Sensius 2GR,إف 3,Sensius 2GR,futurmat-coffee-machine-sensius-2gr-364,0.00,,"Hot water outlet for teas with volume and temperature programming
Ergonomic non-slip filter holders
2 Steam taps with quarter-turn system
Capacitive control panel with LED lighting and illuminated push buttons with 16 colour configurations
Illuminated working area
High precision pressure gauge with elegant design","مخرج ماء ساخن للشاي مع برمجة الحجم ودرجة الحرارة
حامل مرشح مريح وغير قابل للانزلاق
2 عصا بخار بنظام الربع دورة
لوحة تحكم سعوية بإضاءة LED وأزرار مضيئة مع 16 لونًا قابلًا للتخصيص
منطقة عمل مضاءة
مقياس ضغط عالي الدقة بتصميم أنيق
",{},{},[],true,2024-11-28 11:10:36+00,2025-02-22 03:38:39+00
365,34,4,59,Sensius 3GR,Sensius 3GR,Sensius 3GR,futurmat-coffee-machine-sensius-3gr-365,0.00,,"Hot water outlet for teas with volume and temperature programming
Ergonomic non-slip filter holders
2 Steam taps with quarter-turn system
Capacitive control panel with LED lighting and illuminated push buttons with 16 colour configurations
Illuminated working area","مخرج ماء ساخن للشاي مع برمجة الحجم ودرجة الحرارة
حامل مرشح مريح وغير قابل للانزلاق
2 عصا بخار بنظام الربع دورة
لوحة تحكم سعوية بإضاءة LED وأزرار مضيئة مع 16 لونًا قابلًا للتخصيص
منطقة عمل مضاءة
",{},{},[],true,2024-11-28 11:13:16+00,2025-02-22 03:38:39+00
366,34,4,59,Sensius One 2GR,سينسيوس جولد 2GR,Sensius One 2GR,futurmat-coffee-machine-sensius-one-2gr-366,0.00,,"Hot water outlet for teas with volume and temperature programming
Ergonomic non-slip filter holders
2 Steam taps with quarter-turn system
Capacitive control panel with LED lighting and illuminated push buttons with 16 colour configurations
Illuminated working area
High precision pressure gauge with elegant design","مخرج ماء ساخن للشاي مع برمجة الحجم ودرجة الحرارة
حامل مرشح مريح وغير قابل للانزلاق
2 عصا بخار بنظام الربع دورة
لوحة تحكم سعوية بإضاءة LED وأزرار مضيئة مع 16 لونًا قابلًا للتخصيص
منطقة عمل مضاءة
مقياس ضغط عالي الدقة بتصميم أنيق",{},{},[],true,2024-11-28 11:19:00+00,2025-02-22 03:38:39+00
367,34,4,59,Sensius One 3GR Tall Cups," سينسيوس 2GR",Sensius One 3GR Tall Cups,futurmat-coffee-machine-sensius-one-3gr-tall-cups-367,0.00,,"Ergonomic non-slip filter holders
2 Steam taps with quarter-turn system
Capacitive control panel with LED lighting and illuminated push buttons with 16 colour configurations
Illuminated working area
High precision pressure gauge with elegant design","حامل مرشح مريح وغير قابل للانزلاق
2 عصا بخار بنظام الربع دورة
لوحة تحكم سعوية بإضاءة LED وأزرار مضيئة مع 16 لونًا قابلًا للتخصيص
منطقة عمل مضاءة
مقياس ضغط عالي الدقة بتصميم أنيق
",{},{},[],true,2024-11-28 11:22:36+00,2025-12-08 13:04:47.773379+00
368,35,4,60,G5,سينسيوس 3GR,G5,gaggia-coffee-grinder-g5-368,0.00,,"Available in three colours - White, Black and Copper, G5 is synonymous with ergonomic, elegant and modern design.
• Grinding activation by microswitch
• Exclusive hopper design with calibration ring
• Integrated tamper with metal support, with right
or left-hand assembly option
• 1.54-inch TFT colour display
• Capacitive keyboard","متوفر بثلاثة ألوان: الأبيض، الأسود، والنحاسي
طحن يتم تنشيطه بمفتاح دقيق (ميكروسويتش)
تصميم حصري للقادوس مع حلقة معايرة
مكبس متكامل مع دعامة معدنية يمكن تجميعه على اليمين أو اليسار
شاشة ملونة TFT بحجم 1.54 بوصة
لوحة مفاتيح سعوية",{},{},[],true,2024-11-28 16:35:01+00,2025-02-22 03:38:39+00
372,35,4,59,La Reale,لا ريالي,La Reale,gaggia-coffee-machine-la-reale-372,0.00,,"Independent boilers for each group
3.5'' colour touchscreen for each group
3 programmable direct selection buttons for each group
Electrical cup warmer
LED-illuminated working area
Energy saver: automatic ON/OFF and Standby
Dose programming (time and brewing temperature)
Counts: number of coffee and hot water delivered, liters of water consumed, filters warning
Digital boiler temperature control (different temperature for each group)
USB port
Customizable display screensaver
2 Cool touch steam wands
Height-adjustable feet","Description:

غلايات مستقلة لكل مجموعة
شاشة ملونة 3.5 بوصة تعمل باللمس لكل مجموعة
3 أزرار اختيار مباشر قابلة للبرمجة لكل مجموعة
مسخن أكواب كهربائي
منطقة عمل مضاءة بمصابيح LED
موفر للطاقة: تشغيل/إيقاف تلقائي ووضع الاستعداد
برمجة الجرعات (وقت ودرجة حرارة التخمير)
عدادات: عدد القهوة والماء الساخن الموزع، استهلاك الماء باللتر، تحذير تغيير الفلاتر
تحكم رقمي في درجة حرارة الغلاية (درجة حرارة مختلفة لكل مجموعة)
منفذ USB
شاشة توقف قابلة للتخصيص
عصا بخار باردة الملمس (2)
",{},{},[],true,2024-11-28 17:17:42+00,2025-02-22 03:38:39+00
373,35,4,59,La Giusta,لا جيوستا,La Giusta,gaggia-coffee-machine-la-giusta-373,0.00,,"Colour touchscreen
Customisable display screensaver
5 programmable direct selection buttons for each group
Volumetric dose programming
Counts: amount of coffee and hot water delivered, liters of water consumed, filters warning
PID control of boiler temperature
Programmable “Purge” button to clean the coffee group
Energy saver: automatic ON/OFF and Stand-By
Led-illuminated working area
Electric cup warmer
2 Cool touch steam wands","شاشة تعمل باللمس ملونة
شاشة توقف قابلة للتخصيص
5 أزرار اختيار مباشر قابلة للبرمجة لكل مجموعة
برمجة الجرعات الحجمية
عدادات: كمية القهوة والماء الساخن الموزعة، استهلاك الماء باللتر، تحذير تغيير الفلاتر
التحكم PID في درجة حرارة الغلاية
زر ""Purge"" مبرمج لتنظيف مجموعة القهوة
موفر للطاقة: تشغيل/إيقاف تلقائي ووضع الاستعداد
منطقة عمل مضاءة بمصابيح LED
مسخن أكواب كهربائي
عصا بخار باردة الملمس (2)
",{},{},[],true,2024-11-28 17:20:46+00,2025-02-22 03:38:39+00
374,35,4,59,La Precisa,لا بريتشيسا,La Precisa,gaggia-coffee-machine-la-precisa-374,0.00,,"Display and capacitive keypads for each group with “Purge” button to rinse the coffee group and 4 programmable direct selection buttons
Hot water button
Ergonomic steam knobs: maximum delivery with a 90° rotation
2 stainless-steel steam wands
Hot water outlet
LED-illuminated working area
Volumetric dose programming
Counts: amount of coffee and hot water delivered, litres of water consumed, filters warning
PID control of boiler temperature
Energy saver: automatic ON/OFF and 1 day off
Cash register protocol","شاشة ولوحات مفاتيح لمسية لكل مجموعة مع زر ""Purge"" لشطف مجموعة القهوة و4 أزرار اختيار مباشر قابلة للبرمجة
زر ماء ساخن
مقابض بخار مريحة: أقصى تدفق مع دوران 90 درجة
عصا بخار من الفولاذ المقاوم للصدأ (2)
منفذ ماء ساخن
منطقة عمل مضاءة بمصابيح LED
برمجة الجرعات الحجمية
عدادات: كمية القهوة والماء الساخن الموزعة، وحساب استهلاك الماء، وتحذير تغيير الفلاتر
التحكم PID بدرجة حرارة الغلاية
موفر للطاقة: التشغيل/الإيقاف التلقائي ويوم إيقاف واحد
يدعم بروتوكول ماكينة تسجيل النقد",{},{},[],true,2024-11-28 17:23:15+00,2025-02-22 03:38:39+00
378,32,2,48,HDSGR-24,HDSGR-24,HDSGR-24,hds-cooking-ranges-hdsgr-24-378,0.00,,"• Full size sheet pans fit side-to-side or front-to-back.
• Oven thermostat adjusts from 250°F to 550°F
• Two oven racks and four rack positions
• Optional with castors
• 30,000 BTU cast iron burner (6.5” diameter) with lift-off burner heads for easy cleaning","تتسع صواني الخَبز كاملة الحجم من جانب إلى جانب أو من الأمام إلى الخلف.
• ترموستات الفرن قابل للتعديل من 250°F إلى 550°F.
• رفّان للفرن مع أربعة مواضع للرفوف.
• متوفر بعجلات اختيارية.
• مشعل من الحديد الزهر بقوة 30,000 BTU (بقطر 6.5 بوصة) مع رؤوس قابلة للإزالة لسهولة التنظيف",{},{},[],true,2024-12-11 14:28:27+00,2025-02-22 03:38:39+00
379,32,2,48,HDSGR-36C,HDSGR-36C,HDSGR-36C,hds-cooking-ranges-hdsgr-36c-379,0.00,," Anti-clogging pilot cover under the grate
• A pull-out crumb tray with angled handle in the front
• U shape oven burner with 31,000 BTU/hr
• Thermal coupling safety valve for the oven
• Stainless steel oven door with good insulation
• Stainless steel handle for bottom oven
• Kick plate at the bottom for easy access for servicing
• 34” NPT rear gas connection
• 30,000 BTU cast iron burner (6.5” diameter) with lift-off burner heads for easy cleaning","• غطاء طيار مضاد للانسداد تحت الشواية.
• صينية فتات قابلة للسحب بمقبض بزاوية من الأمام.
• مشعل فرن على شكل U بقوة 31,000 BTU/ساعة.
• صمام أمان حراري للفرن.
• باب فرن من الفولاذ المقاوم للصدأ مع عزل حراري ممتاز.
• مقبض من الفولاذ المقاوم للصدأ للفرن السفلي.
• لوحة ركل في الأسفل لتسهيل الوصول أثناء الصيانة.
• وصلة غاز خلفية بمقاس 3/4 بوصة NPT.
• مشعل من الحديد الزهر بقوة 30,000 BTU (بقطر 6.5 بوصة) مع رؤوس قابلة للإزالة لسهولة التنظيف.",{},{},[],true,2024-12-11 14:35:15+00,2025-02-22 03:38:39+00
380,32,2,48,HDSGR36-G12,HDSGR36-G12,HDSGR36-G12,hds-cooking-ranges-hdsgr36-g12-380,0.00,,"• Pull out crumb tray with rounded edges to prevent heat transfer
• 31,000 BTU/hr. U-shape burner for bottom oven
• With 20000 BTU/hr burner (1 pc) for griddle
• Full size sheet pans fit side-to-side or front-to-back.
•Oven thermostat adjusts from 250 – 550°F (121 – 288°C)
• Two oven racks and four rack positions
• 12” griddle plate , 34” thickness
• Optional with castors
• 30,000 BTU cast iron burner (6.5” diameter) with lift-off burner heads for easy cleaning","صينية فتات قابلة للسحب بحواف دائرية لمنع انتقال الحرارة.
• مشعل على شكل U بقوة 31,000 BTU/ساعة للفرن السفلي.
• مشعل بقوة 20,000 BTU/ساعة (قطعة واحدة) لصفيحة الشواء.
• تتسع صواني الخَبز كاملة الحجم من جانب إلى جانب أو من الأمام إلى الخلف.
• ترموستات الفرن قابل للتعديل من 250 – 550°F (121 – 288°C).
• رفّان للفرن مع أربعة مواضع للرفوف.
• صفيحة شواء بمقاس 12 بوصة وسمك 3/4 بوصة.
• متوفر بعجلات اختيارية.
• مشعل من الحديد الزهر بقوة 30,000 BTU (بقطر 6.5 بوصة) مع رؤوس قابلة للإزالة لسهولة التنظيف",{},{},[],true,2024-12-11 14:41:29+00,2025-02-22 03:38:39+00
381,32,2,48,HDSGR-G24,HDSGR-G24,HDSGR-G24,hds-cooking-ranges-hdsgr-g24-381,0.00,," Pull out crumb tray with rounded edges to prevent heat transfer
• 31,000 BTU/hr. U-shape burner for each bottom oven
• With 20000BTU/hr burners (2 pcs) for griddle
• Full size sheet pans fit side-to-side or front-to-back.
• Oven thermostat adjusts from 250 – 550°F (121 – 288°C)
• Two oven racks and four rack positions
• 24” griddle plate, 34” thickness, U shape burner
• Optional with castors
• 30,000 BTU cast iron burner (6.5” diameter) with lift-off burner heads for easy cleaning","• صينية فتات قابلة للسحب بحواف دائرية لمنع انتقال الحرارة.
• مشعل على شكل U بقوة 31,000 BTU/ساعة لكل فرن سفلي.
• مع شعلات بقوة 20,000 BTU/ساعة (عدد 2) لصفيحة الشواء.
• تتسع صواني الخَبز كاملة الحجم من جانب إلى جانب أو من الأمام إلى الخلف.
• ترموستات الفرن قابل للتعديل من 250 – 550°F (121 – 288°C).
• رفّان للفرن مع أربعة مواضع للرفوف.
• صفيحة شواء بمقاس 24 بوصة وسمك 3/4 بوصة مع مشعل على شكل U.
• متوفر بعجلات اختيارية.
• مشعل من الحديد الزهر بقوة 30,000 BTU (بقطر 6.5 بوصة) مع رؤوس قابلة للإزالة لسهولة التنظيف",{},{},[],true,2024-12-11 14:53:27+00,2025-02-22 03:38:39+00
382,32,2,48,HDSGR-GS24,HDSGR-GS24,HDSGR-GS24,hds-cooking-ranges-hdsgr-gs24-382,0.00,,"• Full size sheet pans fit side-to-side or front-to-back.
• Oven thermostat adjusts from 250 – 550°F (121 – 288°C)
• Two oven racks and four rack positions
• 24” griddle plate , 34” thickness with 12,000BTU cast iron burner (3pcs)
• 17 broiler with adjustable built in broiler rack
• Optional with castors
• 30,000 BTU cast iron burner (6.5” diameter) with lift-off burner heads for easy cleaning","تتسع صواني الخَبز كاملة الحجم من جانب إلى جانب أو من الأمام إلى الخلف.
• ترموستات الفرن قابل للتعديل من 250 – 550°F (121 – 288°C).
• رفّان للفرن مع أربعة مواضع للرفوف.
• صفيحة شواء بمقاس 24 بوصة وسمك 3/4 بوصة مع ثلاثة شعلات حديد زهر بقوة 12,000 BTU.
• شواية بحجم 17 بوصة مع رف شواية مدمج قابل للتعديل.
• متوفر بعجلات اختيارية.
• مشعل من الحديد الزهر بقوة 30,000 BTU (بقطر 6.5 بوصة) مع رؤوس قابلة للإزالة لسهولة التنظيف.",{},{},[],true,2024-12-11 14:58:53+00,2025-02-22 03:38:39+00
383,32,2,48,HDSGSPR-360,HDSGSPR-360,HDSGSPR-360,hds-cooking-ranges-hdsgspr-360-383,0.00,," Standby SS430 pilot for easy start, easy access to brass pilot valve adjustment screws
• 20” x 20” heavy duty cast iron top grates
• Reinforced structure to accommodate the heaviest utensils
• SS201 Legs supported by adjustable SS201 bullet feet
• Supporting SS430 shelf underneath provides a convenient storage area
• Removable aluminized drip pans under burners to collect spillage
• Easy gas conversion in field
• 34” NPT rear gas connection","• طيار من SS430 ثابت لسهولة التشغيل، مع سهولة الوصول إلى مسامير ضبط الصمام.
• شبكات ثقيلة من الحديد الزهر بمقاس 20 × 20 بوصة.
• هيكل معزز لاستيعاب الأواني الثقيلة.
• أرجل من SS201 مدعومة بقدم قابلة للتعديل.
• رف دعم من SS430 يوفر مساحة تخزين مريحة.
• أحواض تنقيط من الألومنيوم تحت المشاعل لجمع الانسكابات.
• سهل تحويل الغاز ميدانيًا.
• وصلة غاز خلفية NPT مقاس 3/4 بوصة.",{},{},[],true,2024-12-11 15:07:23+00,2025-02-22 03:38:39+00
384,32,2,48,HDSGROB-36,HDSGROB-36,HDSGROB-36,hds-cooking-ranges-hdsgrob-36-384,0.00,,"Durable brass valve for individual control
• Easy gas conversion in field
• 1/2” NPT rear gas connection
• Ships Knocked Down
• 30,000 BTU cast iron burner ( 6.5”diameter) with lift-off burner heads for easy cleaning","• صمام نحاسي متين للتحكم الفردي.
• سهل تحويل الغاز ميدانيًا.
• وصلة غاز خلفية 1/2 بوصة NPT.
• يتم شحنه مفككًا.
• مشعل من الحديد الزهر بقوة 30,000 BTU (بقطر 6.5 بوصة) مع رؤوس قابلة للإزالة لسهولة التنظ",{},{},[],true,2024-12-11 15:14:21+00,2025-02-22 03:38:39+00
385,32,2,48,HDSBRC-40,HDSBRC-40,HDSBRC-40,hds-cooking-ranges-hdsbrc-40-385,0.00,,"Instant heating within one minute
• The 25 1/2” x 25“ spacious cooking grids
• Cold rolled steel grids to produce attractive grills marks on food
• 1/2” searing griddle plate on top with 2” side and backsplashes
• Supplied with casters and under-shelf
• 3/4” NPT rear gas connection","• تسخين فوري في غضون دقيقة واحدة.
• شبكات طهي واسعة بمقاس 25 1/2 × 25 بوصة.
• شبكات من الفولاذ المدرفل البارد لإنتاج علامات شواء جذابة على الطعام.
• صفيحة شوي بسمك 1/2 بوصة مع حواف جانبية وخلفية بارتفاع 2 بوصة.
• مزود بعجلات ورف سفلي.
• وصلة غاز خلفية 3/4 بوصة NPT.",{},{},[],true,2024-12-11 15:29:24+00,2025-12-08 13:04:47.773379+00
386,32,2,48,HDSFGH-90,HDSFGH-90,HDSFGH-90,hds-cooking-ranges-hdsfgh-90-386,0.00,,"• Robertshaw control system to guarantee best performance
• Prompt temperature recovery to make sure fries are crispy
• 1 14” drain cock for easy drainage of oil
• Thermostat adjusts from 200 – 400°F ( 93 – 204°C)
• 450°F (232°C) hi-limiter guarantees safety
• Optional with castors","• نظام تحكم ""Robertshaw"" لضمان أفضل أداء.
• استعادة سريعة لدرجة الحرارة لضمان هشاشة البطاطس.
• صمام تصريف 1-1/4 بوصة لتصريف الزيت بسهولة.
• ترموستات قابل للتعديل من 200 – 400°F (93 – 204°C).
• حد أمان بدرجة حرارة عالية 450°F (232°C) يضمن السلامة.
• متوفر كخيار مع عجلات.",{},{},[],true,2024-12-11 16:02:20+00,2025-12-08 13:04:47.773379+00
387,32,2,48,HDSFGH-S,HDSFGH-S,HDSFGH-150S,hds-cooking-ranges-hdsfgh-150s-387,0.00,," Chromed basket with plastic coating handle
• Cold zone to prevent scorching of food particles at the bottom Prompt temperature recovery to make sure fries are crispy 3/4 drain cock for easy drainage of oil
• Thermostat adjusts from 200 – 400°F ( 93 – 204°C)
• 450°F (232°C ) hi-limiter guarantees safety","• سلة مطلية بالكروم مع مقابض مغلفة بالبلاستيك.
• منطقة باردة لمنع احتراق جزيئات الطعام في القاع.
• استعادة سريعة لدرجة الحرارة لضمان هشاشة البطاطس.
• صمام تصريف 3/4 بوصة لتصريف الزيت بسهولة.
• ترموستات قابل للتعديل من 200 – 400°F (93 – 204°C).
• حد أمان بدرجة حرارة عالية 450°F (232°C) يضمن السلامة.

",{},{},[],true,2024-12-11 16:25:20+00,2025-12-08 13:04:47.773379+00
388,32,2,48,HDSOF-85,HDSOF-85,HDSOF-85,hds-cooking-ranges-hdsof-85-388,0.00,," Second deeper 10-micron filtration
• Quick disconnect filtering hose
• 3.5 GPM pump
 Reverse pump for easy suction of oil
• Pre-filtering 300-micron screen basket","• ترشيح أعمق بحجم 10 ميكرون.
• خرطوم تصفية قابل للفصل السريع.
• مضخة بقوة 3.5 GPM.
• مضخة عكسية لشفط الزيت بسهولة.
• سلة ترشيح مسبق بشبكة 300 ميكرون.",{},{},[],true,2024-12-11 16:37:57+00,2025-02-22 03:38:39+00
389,32,2,48,HDSPC-11,HDSPC-11,HDSPC-11,hds-cooking-ranges-hdspc-11-389,0.00,,"High limit safety thermostat
• 1 “ stainless steel full port drain valve
• Open pot design features easy cleaning
• Overflow draining tube to prevent starch burning
• 12” NPT rear gas connection
• HDSPC-11 – Includes (6) each baskets
• HDSPC-22 – Includes (12) each baskets","• ترموستات أمان عالي الحد.
• صمام تصريف كامل بقطر 1 بوصة من الفولاذ المقاوم للصدأ.
• تصميم مفتوح للقدر يسهل عملية التنظيف.
• أنبوب تصريف الفائض لمنع حرق النشا.
• وصلة غاز خلفية NPT 1/2 بوصة.
• HDSPC-11 – يشمل (6) سلال.
• HDSPC-22 – يشمل (12) سلة.
",{},{},[],true,2024-12-11 19:07:14+00,2025-02-22 03:38:39+00
390,32,2,48,Gas Countertop Fryer,قلاية الغاز - سطح الطاولة,HDSCGF-35,hds-cooking-ranges-hdscgf-35-390,0.00,," Frying a wide variety of foods in a limited amount of space
• Manual gas shut off valve
• High efficiency burners
• Short recovery time to save more oil
• Drain extension","• تقلى مجموعة متنوعة من الأطعمة في مساحة محدودة.
• صمام إيقاف يدوي للغاز.
• مشاعل عالية الكفاءة.
• وقت استرداد قصير لتوفير المزيد من الزيت.
• امتداد للتصريف.",{},{},[],true,2024-12-11 19:14:42+00,2025-02-22 03:38:39+00
391,32,2,48,HDSVSAL-36,HDSVSAL-36,HDSVSAL-36,hds-cooking-ranges-hdsvsal-36-391,0.00,,"Continuous pilot for instant ignition of main burner
• Stainless steel crumb tray to collect dropped food
• Wall mounting kit included for saving kitchen space
• Can be mounted to 36” or 60” HDSGR ranges via mounting kit (ordered separately)
• 34” NPT rear gas connection","• طيار مستمر لإشعال المشعل الرئيسي فورًا.
• صينية تجميع الفتات المصنوعة من الفولاذ المقاوم للصدأ لجمع الطعام المتساقط.
• مجموعة تثبيت الحائط متضمنة لتوفير مساحة المطبخ.
• يمكن تثبيتها على أفران HDSGR بعرض 36” أو 60” باستخدام مجموعة تثبيت (تُطلب بشكل منفصل).
• وصلة غاز خلفية NPT 3/4 بوصة.
",{},{},[],true,2024-12-11 19:27:01+00,2025-02-22 03:38:39+00
392,32,2,48,HDSECTC-36,HDSECTC-36,HDSECTC-36,hds-cooking-ranges-hdsectc-36-392,0.00,,"• Easy conversion from natural gas to Propane or vice versa
• Stainless steel in the front, and galvanized sides and back
• Available in 16”, 24”, 36”, 48” and 60” size
• Cast iron grate
• Manual control","• سهولة التحويل بين الغاز الطبيعي والبروبان والعكس.
• واجهة من الفولاذ المقاوم للصدأ مع جوانب وخلفية مجلفنة.
• متوفر بأحجام 16”، 24”، 36”، 48”، و60”.
• شبكات من الحديد الزهر.
• تحكم يدوي.
",{},{},[],true,2024-12-11 19:39:03+00,2025-02-22 03:38:39+00
393,32,2,48,Gas Charbroiler – Lava Rock,شواية الفحم الحجري بالغاز,HDSGCBLR-36,hds-cooking-ranges-hdsgcblr-36-393,0.00,,"• Full width crumb tray at the bottom
• Durable brass control valve
• Easy access to pilot valve adjustment screws
• Easy gas conversion in field
• 34” NPT rear gas connection
• Shipped with gas regulator and lava rock kit","• صينية فتات كاملة العرض في الأسفل.
• صمام تحكم متين من النحاس الأصفر.
• سهولة الوصول إلى مسامير ضبط صمام الطيار.
• سهولة التحويل بين أنواع الغاز في الموقع.
• وصلة غاز خلفية NPT 3/4 بوصة.
• يتم شحنها مع منظم غاز و طقم صخور الحمم البركانية.",{},{},[],true,2024-12-11 19:45:03+00,2025-02-22 03:38:39+00
394,32,2,48,HDSCTC-36,HDSCTC-36,HDSCTC-36,hds-cooking-ranges-hdsctc-36-394,0.00,,"• Stainless steel adjustable heavy duty legs
• Zinc alloy knob with chrome coating
• Oil collector at the bottom
• Easy conversion from natural gas to Propane or vice versa
• Stainless steel in the front and sides
• Available in 14”,24”,36”,48” and 60” width","أرجل متينة قابلة للتعديل من الفولاذ المقاوم للصدأ.
• مقبض من سبيكة الزنك مع طلاء كروم.
• مجمع زيت في الأسفل.
• سهولة التحويل بين الغاز الطبيعي والبروبان.
• مصنوع من الفولاذ المقاوم للصدأ في الجزء الأمامي والجوانب.
• متوفر بعروض 14”، 24”، 36”، 48”، و60”.
",{},{},[],true,2024-12-11 19:53:51+00,2025-02-22 03:38:39+00
395,32,2,48,HDSGPO-19,فرن HDSGPO-19,HDSGPO-19,hds-cooking-ranges-hdsgpo-19-395,0.00,," Spring door system
• Ceramic coating door interior and bottom plate
• V shape baffle for best heat distribution
• 3/4” NPT rear gas connection","• نظام باب زنبركي.
• طلاء داخلي للباب والصفيحة السفلية بطبقة خزفية.
• لوحة على شكل V لتوزيع مثالي للحرارة.
• وصلة غاز خلفية NPT 3/4 بوصة.",{},{},[],true,2024-12-11 20:04:19+00,2025-02-22 03:38:39+00
396,32,2,51,Gas Cheesemelter,مسخن الجبن الغازي,HDSCM-24,hds-food-processor-hdscm-24-396,0.00,,"Zinc alloy knob with chrome coating
• Oil collector at the bottom
• Easy conversion from natural gas to Propane
or vice versa
• Stainless steel in the front and sides
• Available in 24”,36”,48” , 60” and 72”width
• Manual control
","• مقبض من سبيكة الزنك مع طلاء كروم.
• مجمع زيت في الأسفل.
• إمكانية التحويل بسهولة من الغاز الطبيعي إلى البروبان أو العكس.
• مصنوع من الفولاذ المقاوم للصدأ في الجزء الأمامي والجوانب.
• متوفر بأحجام عرض 24” و 36” و 48” و 60” و 72”.
• تحكم يدوي.
",{},{},[],true,2024-12-11 20:15:38+00,2025-02-22 03:38:39+00
397,32,2,48,"Gas Convection Oven ",فرن الحمل الحراري الغازي,HDSGCO-1BD,hds-cooking-ranges-hdsgco-1bd-397,0.00,," 4 heavy duty chrome plated racks
• Cooling down function
• Interior chamber light
• Double stacking options to optimize kitchen space
• Automatic ignition system for gas safety operation
• Micro switch for complete shut off once door is opened
• 34” NPT rear gas connection","• 4 رفوف مطلية بالكروم شديدة التحمل.
• وظيفة التبريد.
• إضاءة داخلية لحجرة الفرن.
• إمكانية التكديس المزدوج لتحسين المساحة في المطبخ.
• نظام إشعال تلقائي لضمان سلامة التشغيل بالغاز.
• مفتاح إيقاف تلقائي كامل عند فتح الباب.
• وصلة غاز خلفية NPT 3/4 بوصة.
",{},{},[],true,2024-12-11 21:47:58+00,2025-02-22 03:38:39+00
398,32,2,48,Gas Rotisserie,شواية دجاج الغاز,HDSROG-3,hds-cooking-ranges-hdsrog-3-398,0.00,,"• HDSROG-3 comes with (3) stainless steel spits
• HDSROG-6 comes with (6) stainless steel spits
• Top illuminated light for better view of food
• Toughened glass doors
• Water proof on off switch for motor
• Cooling fan to cool down the control area temperature
• Stainless steel oil collector","• يأتي الطراز HDSROG-3 مع (3) أسياخ من الفولاذ المقاوم للصدأ.
• يأتي الطراز HDSROG-6 مع (6) أسياخ من الفولاذ المقاوم للصدأ.
• إضاءة علوية لتحسين رؤية الطعام.
• أبواب زجاجية مقواة.
• مفتاح تشغيل وإيقاف مقاوم للماء للمحرك.
• مروحة تبريد لخفض درجة حرارة منطقة التحكم.
• مجمّع زيت من الفولاذ المقاوم للصدأ",{},{},[],true,2024-12-11 21:54:03+00,2025-12-08 13:04:47.773379+00
399,32,2,48,Gas Braising Pan,قدر تسوية الغاز,HDSBP-80,hds-cooking-ranges-hdsbp-80-399,0.00,,"Multi functional unit
• Thermal coupling for gas safety
• Standby pilot
• Stainless steel cabinet door","• وحدة متعددة الوظائف.
• قارنة حرارية لضمان سلامة الغاز.
• طيار احتياطي.
• باب خزانة من الفولاذ المقاوم للصدأ.
",{},{},[],true,2024-12-13 01:15:58+00,2025-02-22 03:38:39+00
400,32,2,48,Gas Boiling Pan,Gas Boiling Pan,HDSSK-100,hds-cooking-ranges-hdssk-100-400,0.00,,"HDSSK-150
HDSSK-100
Gas Boiling Pan
Gas Boiling Pan
88,000
100 L 88,000
150 L
800 x 900 x 850 mm
32 x 35 x 34 inchs
800 x 900 x 850 mm
32 x 35 x 34 inchs
213 kg
469 lbs
142 kg
312 lbs
213 kg
469 lbs","HDSSK-150
HDSSK-100
Gas Boiling Pan
Gas Boiling Pan
88,000
100 L 88,000
150 L
800 x 900 x 850 mm
32 x 35 x 34 inchs
800 x 900 x 850 mm
32 x 35 x 34 inchs
213 kg
469 lbs
142 kg
312 lbs
213 kg
469 lbs",{},{},[],true,2024-12-13 01:20:16+00,2025-02-22 03:38:39+00
406,32,5,68,Cube Ice – Undercounter," آلة جليدية مكعبة – تحت المنضدة",HDSICV-80,hds-ice-maker-hdsicv-80-406,0.00,,"• Intuitive Diagnostics and Controls – For ease of maintenance, a built-in diagnostic system will identify problems that your ice machine may be having and will display the issue on the digital controller so it can be repaired accordingly.
• This easy-to-use controller can also be used to monitor the current stage of ice production that your machine is in. It also allows you to adjust the thickness of the ice, so that you can produce ice to your exact requirements, and initiate the cleaning cycle (and displays what stage of the cycle you’re in).
• Stainless Steel Construction – Constructed of durable type 304 stainless steel with a polyethylene interior, HDS ice machines are built to last in the busiest commercial environments. They are also non-corrosive, making them ideal for settings that are high in moisture and humidity.
• Included Ice Scoop & Blue LED Lights – Included with each unit is an ice scoop and a hook to hang it on, so it is always within convenient reach when you need it. Blue LED Lights illuminate the interior of the ice bin, providing a clear view of the ice. This makes it easier to monitor ice levels and scoop out the ice.","• التشخيص الذكي والتحكم – لسهولة الصيانة، يتيح النظام المدمج التشخيص الفوري للمشكلات عبر الشاشة الرقمية.
• هذا النظام السهل الاستخدام يمكنه أيضًا مراقبة المرحلة الحالية من إنتاج الثلج التي يمر بها جهازك. يتيح لك ضبط سمك الثلج حسب متطلباتك ويبدأ دورة التنظيف (ويعرض المرحلة الحالية من الدورة).
• هيكل من الفولاذ المقاوم للصدأ – مصمم من الفولاذ المقاوم للصدأ عالي الجودة من نوع 304 مع تصميم داخلي من البولي إيثيلين، مما يجعله متينًا وغير قابل للتآكل، حتى في أكثر البيئات رطوبة.
• مغرفة ثلج مدمجة وإضاءة LED زرقاء – يتضمن كل جهاز مغرفة ثلج وخطاف لتعليقها، مما يجعلها سهلة الوصول. تضيف الإضاءة الزرقاء LED رؤية واضحة لمراقبة مستويات الثلج واستخدامه بسهولة.

",{},{},[],true,2024-12-13 01:57:11+00,2025-02-22 03:38:39+00
410,32,2,50,Back Bar Cooler – 24’’ Depth Glass Door Series,مبرد بار خلفي – باب زجاجي عمق 24 إنش,HDSBB-24-G-LE,hds-category-hdsbb-24-g-le-410,0.00,,"• Durable stainless steel top, interior walls, floor and ceiling.
• Exterior construction is attractivecorrosion resistant vinyl on steel in black finish.
• Anti-Fogging Low E Glass
• Refrigeration system keeps the drinks at safe temperatures between 33ºF and 41ºF (0.5ºC to 5ºC).
• Electronic control system makes it easy to adjust temperature set point and defrost frequency.
• Shelves: Adjustable heavy-duty PVC coated shelves.","• سطح من الفولاذ المقاوم للصدأ المتين، مع جدران داخلية، أرضية، وسقف.
• هيكل خارجي مصنوع من الفينيل المقاوم للتآكل على الفولاذ بلمسة نهائية سوداء جذابة.
• زجاج مقاوم للضباب منخفض الانبعاث.
• يحافظ نظام التبريد على المشروبات عند درجات حرارة آمنة تتراوح بين 33ºF و41ºF (0.5ºC إلى 5ºC).
• يجعل النظام الإلكتروني للتحكم من السهل ضبط نقطة درجة الحرارة وجدولة التذويب.
• الرفوف: رفوف متينة قابلة للتعديل ومطلية بـ PVC.

",{},{},[],true,2024-12-13 02:25:15+00,2025-02-22 03:38:39+00
411,32,2,50,Back Bar Cooler – 24’’ Depth Solid Door Series,مبرد بار خلفي – باب صلب عمق 24 إنش,HDSBB-24-S,hds-category-hdsbb-24-s-411,0.00,,"• Option of leveling feet available.
• Self-Closing doors with locks.
• LED interior lighting.
• Slide out refrigeration condensing unit makes it easy to access condenser for cleaning and service.
• These units use HYDROCARBON R290 refrigerant, which is environmentally friendly and more efficient than R134a/R404a refrigerant.","• خيار توفّر أقدام قابلة للتسوية.
• أبواب ذاتية الإغلاق مع أقفال.
• إضاءة داخلية LED.
• وحدة تكثيف التبريد قابلة للسحب، مما يسهل الوصول إلى المكثف لتنظيفه وصيانته.
• تستخدم هذه الوحدات المبرد R290 الصديق للبيئة، وهو أكثر كفاءة من المبردات R134a/R404a",{},{},[],true,2024-12-13 02:29:16+00,2025-02-22 03:38:39+00
412,37,2,51,Meat mincer,مفرمة لحم,Meat mincer TC12P – TC22P,sap-food-processor-meat-mincer-tc12p--tc22p-412,3975.00,,"The TC12P/CE and TC22P/CE meat mincers consist of a stainless steel case, mincing unit, tray and hopper.
The machines are equipped with a reverse switch and a 24 V electronic board.
Easy to use and clean, as the mincing unit can be easily removed and all the parts cleaned using a damp cloth.

The ideal machine for general meat mincing. It can be supplied, with sausage filling funnels, on request.
The TC12 P/ CE e TC 22 P/CE machines comply with the strictest EC safety standards.","يتكون جهاز تقطيع اللحم TC12P/CE و TC22P/CE من هيكل من الفولاذ المقاوم للصدأ، ووحدة تقطيع، وصينية، وقادوس.
الآلات مزودة بمفتاح عكسي ولوحة إلكترونية 24 فولت.
سهلة الاستخدام والتنظيف، حيث يمكن إزالة وحدة التقطيع بسهولة وتنظيف جميع الأجزاء باستخدام قطعة قماش مبللة.
الآلة المثالية لتقطيع اللحم بشكل عام.
يمكن توفيرها، مع قمع لتعبئة النقانق، عند الطلب.
تتوافق الآلات TC12 P/CE و TC22 P/CE مع أشد معايير السلامة الأوروبية (EC).",{},{},[],true,2024-12-13 19:02:15+00,2025-02-22 03:38:39+00
413,37,2,51,Bone saws SO-SM 1550 ECO,منشار عظم ,SO-SM 1550 ECO,sap-food-processor-so-sm-1550-eco-413,4600.00,,"A complete range of bone saws consisting of 2 models (small mod. 1550, large mod. 1830)

TYPE OF USE: Butcher’s shops, fishmongers, catering, canteens, frozen fish and meat industries.
HYGIENIC, ROBUST AND EASY TO USE: Machines comply with international hygiene standards. Nitro painted or anodised cast metal machine body. Stainless-steel work table, adjustable blade tensioner, incorporated cut portioner.","مجموعة كاملة من مناشير العظام تتكون من نموذجين (نموذج صغير 1550، نموذج كبير 1830).
نوع الاستخدام: متاجر اللحوم، محلات الأسماك، خدمات تقديم الطعام، المقاصف، صناعات الأسماك واللحوم المجمدة.
نظافة وسهولة الاستخدام:
تتوافق الآلات مع معايير النظافة الدولية. جسم الآلة مصنوع من المعدن المصبوب المطلي بالنيترو أو المؤكسد.
طاولة عمل من الفولاذ المقاوم للصدأ، شد نصل قابل للتعديل، محدد للقطع مدمج.
",{},{},[],true,2024-12-13 19:05:32+00,2025-02-22 03:38:39+00
414,32,8,76,Back Bar Cooler – 27’’ Depth Glass Door Series,Back Bar Cooler – 27’’ Depth Glass Door Series,HDSBB-27-G-LE,hds-commercial-refrigerator-hdsbb-27-g-le-414,0.00,,"• Durable stainless steel top, interior walls, floor and ceiling.
• Exterior construction is attractive corrosion resistant vinyl on steel in black finish.
• Anti-Fogging Low E Glass
• Refrigeration system keeps the drinks at safe temperatures
between 33ºF and 41ºF (0.5ºC to 5ºC).
• Electronic control system makes it easy to adjust temperature set point and defrost frequency.","• سطح متين وجدران داخلية وأرضية وسقف من الفولاذ المقاوم للصدأ.
• تصميم خارجي من الفينيل المقاوم للتآكل، مع تشطيب باللون الأسود على الفولاذ.
• زجاج منخفض الضبابية (Anti-Fogging Low E Glass).
• نظام تبريد يحافظ على المشروبات في درجات حرارة آمنة بين 33ºF و 41ºF (0.5ºC إلى 5ºC).
• نظام التحكم الإلكتروني يجعل من السهل ضبط درجة الحرارة وتكرار إزالة الجليد.",{},{},[],true,2024-12-16 11:21:30+00,2025-02-22 03:38:39+00
415,32,5,68,Back Bar Cooler – 27’’ Depth Solid Door Series,Back Bar Cooler – 27’’ Depth Solid Door Series,HDSBB-27-S,hds-ice-maker-hdsbb-27-s-415,0.00,,"• Preinstalled 4” heavy-duty casters with brakes.
• Option of leveling feet available.
• Self-Closing doors with locks.
• LED interior lighting.
• Slide out refrigeration condensing unit makes it easy to access condenser for cleaning and service.
• These units use HYDROCARBON R290 refrigerant, which is environmentally friendly and more efficient than R134a/R404a refrigerant.","عجلات ثقيلة بقطر 4 بوصات مثبتة مسبقًا مع فرامل.
• خيار إضافة أقدام قابلة للتسوية متوفر.
• أبواب تغلق ذاتيًا ومزودة بأقفال.
• إضاءة LED داخلية.
• وحدة التبريد القابلة للسحب تسهل الوصول إلى المكثف للتنظيف والصيانة.
• هذه الوحدات تستخدم المبرد HYDROCARBON R290، وهو صديق للبيئة وأكثر كفاءة من المبردات R134a/R404a.
",{},{},[],true,2024-12-16 11:26:44+00,2025-02-22 03:38:39+00
421,32,5,68,Dipping Cabinet,Dipping Cabinet,HDSDPC-47,hds-ice-maker-hdsdpc-47-421,0.00,,"• Electronic control system makes it easy to adjust temperature set point and defrost frequency.
• Slide out refrigeration condensing unit makes it easy to access condenser for cleaning and service.
• These units use HYDROCARBON R290 refrigerant, which is environmentally friendly and more efficient than R134a/R404a refrigerant.","• Electronic control system makes it easy to adjust temperature set point and defrost frequency.
• Slide out refrigeration condensing unit makes it easy to access condenser for cleaning and service.
• These units use HYDROCARBON R290 refrigerant, which is environmentally friendly and more efficient than R134a/R404a refrigerant.",{},{},[],true,2024-12-16 12:02:55+00,2025-02-22 03:38:39+00
422,32,2,52,Cake Display Case,Cake Display Case,HDSRCD35-2,hds-category-hdsrcd35-2-422,0.00,,"• Shelves: Adjustable glass shelves provide extra large viewing area to maximize bakery product presentation.
• Electronic control system makes it easy to adjust temperature set point and defrost frequency.
• Slide out refrigeration condensing unit makes it easy to access condenser for cleaning and service.
• Option of HYDRO-CARBON R290 refrigerant available.","الرفوف: رفوف زجاجية قابلة للتعديل توفر مساحة عرض كبيرة لتقديم منتجات المخبوزات بأفضل شكل.
نظام التحكم الإلكتروني يسهل ضبط درجة الحرارة وتكرار إزالة الجليد.
وحدة تكثيف التبريد القابلة للسحب تسهل تنظيف المكثف وصيانته.
خيار مبرد HYDRO-CARBON R290 متاح.",{},{},[],true,2024-12-16 12:06:23+00,2025-02-22 03:38:39+00
423,38,3,54,ROTOR INDUSTRIA,ROTOR INDUSTRIA,ROTOR INDUSTRIA OVEN,continental-forni-ovens-rotor-industria-oven-423,0.00,,"The heat exchanger is made of special Aisi 310s refractory steel with a large thickness, resistant to high temperatures.

Its INVERTED and INNOVATIVE structure allows the heat to be retained inside for a longer period than any other oven on the market, meaning that the burner turns on much less frequently and this leads to

PRE-ASSEMBLED STRUCTURE

The structure is sturdy and completely welded;

The oven has 2 or 3 semi-assembled pieces

(depending on model).


Advantages:

Great durability over time;

No leaks of air;

Simplicity and speed of assembly on site;

Ability to fit through any standard 95 cm door.

MAIN FEATURE: FRONT BURNER

Upper cavity for perfect airflow, from bottom to top

UNIFORM COOKING AND PERFECT AIR CIRCULATION

The oven has the best possible air circulation, from bottom to top, to reproduce the sought-after floor effect, typical of deck ovens, even on the rotary oven;

Cooking is perfectly uniform for every tray in the trolley and in every part of it;

The double ascending air flow (front and rear) is regulated by slits;

VERTICAL AIRFLOW

MAINTENANCE AND EASY ACCESSIBILITY

All components requiring maintenance are easily accessible;

The heat-exchanger is positioned at the front, inside a dedicated door;

The heat-exchanger and steamer can be completely inspected thanks to the easy removal of the steel protection, directly inside the chamber;

The Rotor Industria oven is ideal for installations between 3 walls or in a serie with other ovens without having to lose useful working spaces.

INNOVATIVE, LOW-CONSUMPTION HEAT GENERATION

The heat exchanger is made of special Aisi 310s refractory steel with a large thickness, resistant to high temperatures.

Its INVERTED and INNOVATIVE structure allows the heat to be retained inside for a longer period than any other oven on the market, meaning that the burner turns on much less frequently and this leads to considerable energy savings;

The high number and size of the circular section tubes allow excellent performance.

Difference with other ovens' heat-exchanger:
The Traditional heat-exchanger expels heat directly towards the chimney. 

The Industria Super oven has a very large heat-exchanger: 1110x1030x410 mm

STEAMER: uniform steam whenever you need it.



The introduction of steam into the chamber in the first minutes of the baking process of leavened products helps to develop the structure and brown the external surface of them.

The powerful steamer positioned close to the heat exchanger guarantees abundant steam production even in the presence of a continuous work cycle, rapid recovery times and uniform distribution across the entire trolley.

The steamer is made up of an expansion tank and 9 modular elements, easy to access, with removable sections to facilitate maintenance.

Optional:
Steamer with marbles or with mixed structure marbles+iron rods.

ROTARY TROLLEY

Our INDUSTRIA rotary oven model is normally higher than other rotary ovens on the market and allows for a GREATER COOKING SURFACE with the same distance between the trays. The trolley can be made according to customer needs.

Our trolleys are equipped with 2 small waves at the ends of each shelf to prevent trays from falling during handling.

Trolleys can be produced with top hook, platform hook or special constructions according to needs.

THE DOOR



High thickness

Satin stainless steel

Double glass
Internal cavity to prevent overheating
Special teflon handle
Adjustable hinge

Movement on self-lubricating brass bushings
TOUCH SCREEN
Allows:

INDUSTRY 4.0 bonus access

Inverter

Air regulation possibility (10 speeds)

Recipe storage and 100% data analysis","المبادل الحراري مصنوع من الفولاذ المقاوم للحرارة الخاص Aisi 310s بسمك كبير، ومقاوم لدرجات الحرارة العالية.
هيكل مبتكر ومعكوس يحافظ على الحرارة داخل الفرن لفترة أطول، مما يقلل من تشغيل الموقد ويوفر الطاقة بشكل كبير.
مزود بهيكل مسبق التجميع لتسهيل التركيب.
يتميز الفرن بتدفق هواء مثالي من الأسفل إلى الأعلى لتحقيق توزيع هواء متجانس وطهي موحد لكل صينية في العربة.
جميع المكونات التي تتطلب صيانة سهلة الوصول.
مولد البخار يضمن إنتاج بخار منتظم ويتيح استعادة سريعة وتوزيع متساوٍ.
الأبواب مصنوعة من الفولاذ المقاوم للصدأ عالي السماكة، مع زجاج مزدوج وتجويف داخلي لمنع ارتفاع درجة الحرارة.
",{},{},[],true,2024-12-18 01:06:56+00,2025-02-22 03:38:39+00
424,38,3,54,"CR ROTOR ","CR ROTOR ",CR ROTOR,continental-forni-ovens-cr-rotor-424,0.00,,"The powerful steamer positioned inside the combustion chamber covers the entire wall for its entire height and guarantees abundant steam production even in the presence of a continuous work cycle, rapid recovery times and homogeneous steam distribution throughout the trolley;
A lateral space must be provided for maintenance of the rear heat-exchanger.

The burner is posterior;

The glass can be removed for easy cleaning;

The steamer is fixed and at the full height of the chamber.","مولد بخار قوي مدمج داخل غرفة الاحتراق يغطي الجدار بالكامل ويوفر إنتاج بخار وفير حتى في وجود دورة عمل مستمرة.
أوقات استرداد سريعة وتوزيع متجانس للبخار في جميع أنحاء العربة.
يجب توفير مساحة جانبية لصيانة مبادل الحرارة الخلفي.
الموقد خلفي؛ الزجاج قابل للإزالة للتنظيف السهل.
مولد البخار مثبت على ارتفاع الغرفة بالكامل.",{},{},[],true,2024-12-18 01:12:49+00,2025-02-22 03:38:39+00
425,38,3,54,VAPOR DECK OVEN,VAPOR DECK OVEN,VAPOR DECK OVEN,continental-forni-ovens-vapor-deck-oven-425,0.00,,"We use thick iron, combined with strong and continuous welding, in order to guarantee maximum durability over time.

The flue gas channels are entirely covered with refractory bricks created according to our exclusive recipe.
Standard electromechanical

•Touch screen on request

•24V power supply
The amount of steam produced by steamers is related to the temperature used in the oven. If you use an average temperature of about 240°C, you can get steam for about 5 continuous seconds.","نستخدم الحديد السميك مع اللحام القوي والمتواصل لضمان أقصى متانة على المدى الطويل.
قنوات غازات المداخن مغطاة بالكامل بالطوب الحراري المصنوع وفقًا لوصفة حصرية.
التحكم الإلكتروني القياسي.
شاشة تعمل باللمس عند الطلب.
مصدر طاقة 24 فولت.
كمية البخار المنتجة تعتمد على درجة الحرارة المستخدمة في الفرن. إذا تم استخدام درجة حرارة متوسطة تبلغ حوالي 240 درجة مئوية، يمكن الحصول على بخار لمدة 5 ثوانٍ متواصلة.
",{},{},[],true,2024-12-18 01:19:52+00,2025-02-22 03:38:39+00
426,38,3,54,ELECTRO DECK OVEN,ELECTRO DECK OVEN,ELECTRO DECK OVEN,continental-forni-ovens-electro-deck-oven-426,0.00,,"Each chamber is equipped with 1 corresponding steamer.

They are completely independent and guarantee a high and constant production of steam thanks to the 2 armoured resistances placed in each of them;

Each steamer can be easily inspected for maintenance when and if necessary;

The amount of steam produced by steamers is independent of the temperature used in the oven.
The “U” resistors are produced in aisi 321.

2 armoured heating elements for each steamer to never leave the baker without steam, even in the event of a fault.

The resistors are extremely easy to replace.

Each oven is equipped with ""power-boards"", to ensure maximum operation at all times.

Possibility of adding the «ECO» system for further energy savings.","كل غرفة مجهزة بوحدة بخار مستقلة لضمان إنتاج بخار عالي وثابت بفضل المقاومات المدرعة المزدوجة.
سهولة فحص وحدة البخار للصيانة عند الحاجة.
كمية البخار المنتجة مستقلة عن درجة الحرارة المستخدمة في الفرن.
المقاومات على شكل ""U"" مصنوعة من aisi 321.
مزودة بلوحات طاقة لضمان التشغيل الأمثل.
إمكانية إضافة نظام «ECO» لتوفير المزيد من الطاقة.
",{},{},[],true,2024-12-18 01:46:48+00,2025-02-22 03:38:39+00
427,38,3,54,MODULAR OVEN,MODULAR OVEN,MODULAR OVEN,continental-forni-ovens-modular-oven-427,0.00,,"With MODULAR Continental Forni it is possible to create the ideal oven based on the type of use, from pastry shops to bakeries to pizzerias.

You can choose whether to cook in a pan or directly on the oven floor and, in this case, opt for the base of the cooking chamber in refractory material. Depending on your needs, you can add an extractor hood and leavening cell to the electric oven.

Accessories are not lacking. To make the electric oven even more efficient, Continental Forni offers the vaporizer for the cooking chamber and the humidifier for the leavening cell","يمكنك إنشاء الفرن المثالي بناءً على نوع الاستخدام، سواء للمخابز، الحلويات أو البيتزا.
يمكنك الاختيار بين الطهي في صواني أو مباشرة على أرضية الفرن.
يمكن إضافة شفاط وخلايا تخمير إلى الفرن الكهربائي حسب احتياجاتك.
لضمان كفاءة عالية، تقدم Continental Forni جهاز التبخير لغرفة الطهي وجهاز الترطيب لخلايا التخمير.",{},{},[],true,2024-12-18 01:51:19+00,2025-02-22 03:38:39+00
428,38,3,54,CONVECTION OVEN,CONVECTION OVEN,CFC10,continental-forni-ovens-cfc10-428,0.00,,"Ideal for gastronomy, bread, pastry, pizza in small quantities

Management of steam, hood and leavener autonomy

Option: Self-cleaning system","مثالي للمأكولات، الخبز، المعجنات، البيتزا بكميات صغيرة.
إدارة البخار، الشفاط وخلايا التخمير بشكل مستقل.
خيار: نظام تنظيف ذاتي.
",{},{},[],true,2024-12-18 01:57:11+00,2025-02-22 03:38:39+00
429,38,3,55,PLANETARY MIXER,PLANETARY MIXER,PLANETARY MIXER,continental-forni-dough-mixer-planetary-mixer-429,0.00,,"The structure is made up of a painted steel carpentry body, a protective grille in stainless steel and plexiglass and a head cover in shock-proof thermoformed ABS plastic. The various kinematic mechanisms are made of special steel, while the transmission gears are made of ground nickel-chromium-molybdenum steel. All these attentions make the mechanics robust, reliable and silent. Particular attention has been paid to safety standards. The machine is equipped with a tool stop system. When the machine is switched off, the rotation of the tool is automatically braked within the parameters set by the CE safety standards.","الهيكل مصنوع من فولاذ مطلي وكاربيتي، مع شبكة حماية من الفولاذ المقاوم للصدأ وغطاء رأس بلاستيكي مقاوم للصدمات.
الميكانيكا مصنوعة من الفولاذ الخاص، والتروس من فولاذ النيكل-كروم-مولبيديوم المطحون.
الجهاز مزود بنظام إيقاف أداة يضمن توقف الدوران تلقائيًا عند إيقاف التشغيل",{},{},[],true,2024-12-18 02:08:30+00,2025-02-22 03:38:39+00
430,38,3,55,DOUBLE ARMS MIXER,DOUBLE ARMS MIXER,DOUBLE ARMS MIXER,continental-forni-dough-mixer-double-arms-mixer-430,0.00,,"In the double arm mixers, safety guards in PET are mounted, with very high mechanical resistance and protection of the operator from accidental inhalation of flour dust generated during kneading, thus respecting all the hygiene and health regulations currently in force in terms of prevention.

The bowl is made of stainless steel of considerable thickness by turning from a sheet, it is also reinforced at the base to withstand all the mechanical stresses during the kneading process.

The tool-holder arms are made of cast aluminum. The kneading tools are made of 316L stainless steel and can be adjusted in height, an essential function for kneading certain products such as panettone.

It is interesting to underline how every time the machine is stopped, a mechanical device always stops the arms at the upper dead point, making it easier for the operator to unload the product from inside the tank.","مزود بحمايات أمان PET مقاومة ميكانيكيًا وتمنع استنشاق غبار الطحين أثناء العجن.
الحوض مصنوع من الفولاذ المقاوم للصدأ بسُمك كبير ومقاوم للضغوط الميكانيكية أثناء العجن.
الأدوات مصنوعة من الفولاذ المقاوم للصدأ 316L وقابلة للتعديل في الارتفاع.
يتم توقيف الأذرع دائمًا عند النقطة العليا لتسهيل تفريغ المنتج.
",{},{},[],true,2024-12-18 02:18:10+00,2025-02-22 03:38:39+00
431,38,3,56,CROISSANT GROUP,CROISSANT GROUP,CGC3000,continental-forni-dough-sheeter-cgc3000-431,0.00,,"The Continental Forni Croissant Group encompasses within a few centimetres the technology of large lines for the automated production of croissants weighing from 12 to 150 grams.
GRUPPO CROISSANT 3000 E 6000 PZ/H
Infeed calibrator: calibrates the paste to the desired thickness and welds the pastes together, eliminating waste between the tails and heads of the pastes.
Wrapping machine: the opening and closing adjustment of the calibrating cylinders allows you to change the number of turns of the pasta wrapping. The wrapping consistency is adjusted by closing or opening the belts in order to obtain any type of wrapped product. The wrapping belts are easily replaceable for quick cleaning.

Cutting system: the pasta is cut in two stages, preventing it from sticking to the mould. The differentiated speed of the conveyor belts allows for regular conveying of the triangles into the wrapping machine. The cutting rollers can be replaced in a few seconds.","تحتوي مجموعة الكرواسون من Continental Forni على تقنية خطوط الإنتاج الكبيرة ضمن أبعاد صغيرة لإنتاج كرواسون يتراوح وزنه بين 12 و150 جرامًا.
معاير الإدخال: يقوم بمعايرة العجينة إلى السمك المطلوب ويلحم الأطراف معًا لإزالة الفاقد بين نهايات العجينة.
آلة التغليف: تتيح ضبط فتح وإغلاق أسطوانات المعايرة لتغيير عدد لفات تغليف العجينة.
نظام التقطيع: يتم تقطيع العجينة على مرحلتين لمنع الالتصاق بالقالب.
",{},{},[],true,2024-12-18 02:25:12+00,2025-02-22 03:38:39+00
432,38,8,76,RETARDER CABINETS,RETARDER CABINETS,RETARDER CABINETS,continental-forni-commercial-refrigerator-retarder-cabinets-432,0.00,,"Modular structure composed of high-density polyurethane foam panels, covered in anti-corrosion plasticized aluminum The injection steam generator directly introduces steam at 110°C onto the ventilation, drastically reducing the formation of condensation on the walls of the cell. Thanks to the particular type of water control, the necessary maintenance due to limescale is reduced. These advantages are also contributed to by the air-conditioned floor that heats up to the same temperature as the room controlled by a probe that measures the dew point, avoiding the condensation effect.

By preventing the formation of condensation on the floor, you benefit from significant energy savings resulting from the non-continuous operation of the steam generator.","هيكل معياري يتكون من ألواح رغوة بولي يوريثان عالية الكثافة، مغطاة بألومنيوم بلاستيكي مقاوم للتآكل.
يقوم مولد البخار بالحقن مباشرة بإدخال البخار عند درجة حرارة 110°C على التهوية، مما يقلل بشكل كبير من تكوين التكثيف على جدران الخلية.
بفضل النوع الخاص من التحكم في المياه، يتم تقليل الصيانة اللازمة نتيجة التكلس.
تساهم الأرضية المكيفة، التي تسخن إلى نفس درجة حرارة الغرفة ويتم التحكم فيها بواسطة مسبار يقيس نقطة الندى، في تجنب تأثير التكثيف.
من خلال منع تكوين التكثيف على الأرضية، يمكنك الاستفادة من توفير كبير في الطاقة نتيجة التشغيل غير المستمر لمولد البخار",{},{},[],true,2024-12-18 02:32:58+00,2025-02-22 03:38:39+00
433,38,3,54,LEAVENING CABINETS,LEAVENING CABINETS,LEAVENING CABINETS,continental-forni-ovens-leavening-cabinets-433,0.00,,"Continental Forni leavening cabinets allow for excellent heat and humidity control while being truly simple in construction.
All Continental Forni leavening cabinets are designed to be modular and can be made to order, both in terms of size and structure.
The tables highlight the most requested standard sizes. It is possible to make custom cells.","توفر خزانات تخمير العجين من Continental Forni تحكمًا ممتازًا في الحرارة والرطوبة مع تصميم بسيط للغاية.
جميع الخزانات مصممة لتكون معيارية وقابلة للتخصيص من حيث الحجم والهيكل.
تسلط الجداول الضوء على الأحجام القياسية الأكثر طلبًا.
يمكن تصنيع خلايا حسب الطلب.
",{},{},[],true,2024-12-18 02:37:53+00,2025-02-22 03:38:39+00
434,38,3,55,SPIRAL MIXER,SPIRAL MIXER,SPIRAL MIXER,continental-forni-dough-mixer-spiral-mixer-434,0.00,,"In compliance with European regulations, the machines are supplied with a closed PETG guard, equipped with gas springs to facilitate lifting and controlled closing.

The food contact areas (MOCA), including screws, lids and supports, are entirely made of stainless steel, thus ensuring hygiene and ease of cleaning. The structure is painted in food grade, extremely robust and resistant to accidental scratches. The internal carpentry meets the needs of a market increasingly attentive to the robustness of the structures (thickness of the sheet metal, robotic welding and finishes that make our structures easy to clean).","بما يتماشى مع اللوائح الأوروبية، تُزود الآلات بحماية مغلقة من PETG، مجهزة بنوابض غازية لتسهيل الرفع والإغلاق المُحكم.
المناطق الملامسة للأطعمة (MOCA)، بما في ذلك المسامير والأغطية والدعامات، مصنوعة بالكامل من الفولاذ المقاوم للصدأ، مما يضمن النظافة وسهولة التنظيف.
الهيكل مطلي بدرجة غذائية، متين للغاية ومقاوم للخدوش العرضية.
تفي الأعمال المعدنية الداخلية باحتياجات سوق يولي اهتماماً متزايداً لصلابة الهياكل (سُمك الصفائح المعدنية، اللحام الروبوتي والتشطيبات التي تجعل الهياكل سهلة التنظيف).",{},{},[],true,2024-12-18 02:45:43+00,2025-02-22 03:38:39+00
435,38,3,55,FORK MIXER,FORK MIXER,CIF160,continental-forni-dough-mixer-cif160-435,0.00,,"The mechanics of the mixers from the smallest to the largest are characterized by large bearings mounted on extractable supports, shafts in alloyed and heat-treated steel, transmission pulleys in anti-corrosion cast iron and high-quality transmission belts.

In compliance with European regulations, the machines are supplied with a closed guard.

The areas in contact with food (MOCA), including screws, lids and supports, are entirely in stainless steel, thus ensuring hygiene and ease of cleaning. The painting of the structure is food-grade, extremely robust and resistant to accidental scratches.

The internal carpentry meets the needs of a market that is increasingly attentive to the robustness of the structures (thickness of the sheet metal, robotic welding and finishes that make our structures easy to clean).

","يتميز ميكانيك الخلاطات من الأصغر إلى الأكبر بمحامل كبيرة مثبتة على دعامات قابلة للإزالة، وأعمدة من الفولاذ المعالج بالسبائك والمعالجة حرارياً، وبكرات نقل مصنوعة من الحديد الزهر المقاوم للتآكل، وأحزمة نقل عالية الجودة.
بما يتماشى مع اللوائح الأوروبية، تُزود الآلات بحماية مغلقة.
المناطق الملامسة للأطعمة (MOCA)، بما في ذلك المسامير والأغطية والدعامات، مصنوعة بالكامل من الفولاذ المقاوم للصدأ، مما يضمن النظافة وسهولة التنظيف.
الطلاء الهيكلي بدرجة غذائية، متين للغاية ومقاوم للخدوش العرضية.
تفي الأعمال المعدنية الداخلية باحتياجات سوق يولي اهتماماً متزايداً لصلابة الهياكل (سُمك الصفائح المعدنية، اللحام الروبوتي والتشطيبات التي تجعل الهياكل سهلة التنظيف).
",{},{},[],true,2024-12-18 02:49:24+00,2025-02-22 03:38:39+00
436,38,3,72,BAGUETTES MOULDER,BAGUETTES MOULDER,CB700,continental-forni-dough-rounder-cb700-436,0.00,,"The machine is made of stainless steel.

Rollers in extremely hard and non-stick acetal resin, suitable for intensive use and for rolling even very hard dough. This resin is non-toxic and certified for food use. Scrapers in non-stick plastic material (ARNITE) easily removable for daily cleaning without the need to use tools. Synthetic winding belts for food use in accordance with European and American standards, mounted on removable frames and removable even by non-particularly expert personnel.

Both the belts and the three calibrating cylinders are adjustable.

This machine complies with the latest and most restrictive regulations for operator safety.","الآلة مصنوعة من الفولاذ المقاوم للصدأ.
أسطوانات مصنوعة من الراتنج الصلب وغير اللاصق (أسيتال)، مناسبة للاستخدام المكثف وحتى لف العجائن الصلبة جدًا.
هذا الراتنج غير سام ومعتمد للاستخدام الغذائي.
الكاشطات مصنوعة من مادة بلاستيكية غير لاصقة (ARNITE) وقابلة للإزالة بسهولة للتنظيف اليومي دون الحاجة إلى أدوات.
أحزمة لف صناعية للاستخدام الغذائي متوافقة مع المعايير الأوروبية والأمريكية، ومثبتة على إطارات قابلة للإزالة ويمكن فكها حتى من قبل غير الخبراء.
كل من الأحزمة والأسطوانات الثلاثة قابلة للتعديل.
تتوافق هذه الآلة مع أحدث وأشد اللوائح المتعلقة بسلامة المشغلين.
",{},{},[],true,2024-12-18 02:55:47+00,2025-12-08 13:04:47.773379+00
437,39,2,48,CONVECTION STEAMER ELECTRIC,بخار الحمل الحراري الكهربائي,C24ET10,vulcan-cooking-ranges-c24et10-437,170000.00,,"ET Series Convection Steamer, electric, 2 compartments, 24"" cabinet base, (10) 12"" x 20"" x 2-1/2"" deep total pan capacity, dual high output stainless steel steam generators with Smart Drain system & Powerflush, individual professional controls with 60 minute timer, buzzer for each compartment, & constant steam feature, staged water fill, split water line, single drain connection, stainless steel interior & exterior, dual delime ports, leveling feet, 30kW, UL EPH, cULus Listed, ENERGY STAR®		
1 ea	Professional control package includes independent control for each cooking compartment with 60-minute timer, buzzer, constant steam mode, cook & ready lights & power switch. Automatic drain at power down		
1 ea	415v/50/3-ph		
1 ea	SMF620 SYSTEM SCALEBLOCKER™ Water Treatment, field installed by others at job site","التحكم:
تحكم مستقل لكل حجيرة مع مؤقت 60 دقيقة
إنذار لكل حجيرة مع وضع البخار المستمر
أضواء طهي وجاهزية
التصميم الداخلي والخارجي:
مصنوعة بالكامل من الفولاذ المقاوم للصدأ
أرجل قابلة للتسوية
المواصفات الفنية:
الطاقة: 30 كيلوواط
الفولتية: 415 فولت
المرحلة: 3 مراحل
إذا كنت بحاجة إلى ترجمة إضافية أو تنسيق مختلف، فلا تتردد في إخباري!",{},{},[],true,2024-12-30 01:30:10+00,2025-12-08 13:04:47.773379+00
438,39,2,48,Electric Tilting Steam Kettle,غلاية بخارية كهربائية قابلة للإمالة,K40ELT,vulcan-cooking-ranges-k40elt-438,192000.00,,"Width	43.50 Inches
Depth	24.00 Inches
Height	39.70 Inches
Weight	330 Lbs
Capacity	40 Gallons
Installation Type	Floor Model
Voltage	240 Volts
Amperage	43.3 Amps
Wattage	18 KW
Hertz	60 Hertz
Phase	3 Phase
Connection	Hard Wire","40 جالون
المواصفات:

ضغط الغلاف البخاري: 50 psi
الفولتية: 240 فولت
الأمبير: 43.3 أمبير
الطاقة: 18 كيلوواط
الأبعاد:
العرض: 43.5 بوصة
العمق: 24 بوصة
الارتفاع: 39.7 بوصة
الوزن: 330 رطل
",{},{},[],true,2024-12-30 01:46:54+00,2025-02-22 03:38:39+00
439,39,2,48,TILTING SKILLET BRAISING PAN ELECTRIC,مقلاة كهربائية قابلة للإمالة للطهي والتسبيك,VE40,vulcan-cooking-ranges-ve40-439,151000.00,,"Model	VE40
Item Dimensions
Weight	720.00 lbs.
Width	46.00 in.
Depth	36.00 in.
Height	41.00 in.","السعة: 40 جالون
الطاقة: 16 كيلوواط
التقنية: تقنية تسخين FastBatch™ المدمجة
الأبعاد:
العرض: 46 بوصة
العمق: 36 بوصة
الارتفاع: 41 بوصة
الوزن: 720 رطل
",{},{},[],true,2024-12-30 01:55:20+00,2025-02-22 03:38:39+00
440,39,2,48,RANGE HOT TOPS,أفران طهي فرنسية,EV36S-6FP240,vulcan-cooking-ranges-ev36s-6fp240-440,83500.00,,"electric
36""
(6) 2.0 kW French hotplates
infinite controls
standard oversized oven
includes (1) rack
stainless steel front
sides
single-deck high shelf & 6"" legs
240v
Model	EV36S-6FP240
Power Information
Power	240 volts
Item Dimensions
Weight	440.00 lbs.
Width	36.00 in.
Depth	34.00 in.
Height	58.00 in.","الطاقة: 240 فولت
إذا كنت بحاجة إلى أي تعديل إضافي أو معلومات أخرى، فلا تتردد في إخباري!",{},{},[],true,2024-12-30 02:04:50+00,2025-02-22 03:38:39+00
441,40,8,76,TOP MOUNT REFRIGERATOR,ثلاجة علوية التركيب,MPT 601 - GN2/1,precision-refrigeration-commercial-refrigerator-mpt-601---gn21-441,0.00,,"Heavy Duty Brake & Swivel Castors

Waste Heat Recovery Condensate Vaporiser System
Temperature -2 / 10°C 

Width 720 mm 

Depth 860 mm 

Height 2072 mm","نظام التذويب: تذويب بالغاز الساخن
إنذارات صوتية ومرئية: لدرجات الحرارة العالية والمنخفضة
نظام الرفوف: رفوف قياسية GN مع منزلقات مقاومة للانقلاب
الأبواب:
أقفال مثبتة كمعيار
مقابض مدمجة وأبواب ذاتية الغلق
التصميم الإضافي:

عجلات دوارة ثقيلة مع مكابح
نظام تبخير مكثفات استرداد حرارة النفايات
",{},{},[],true,2024-12-31 01:49:26+00,2025-02-22 03:38:39+00
442,40,8,76,TOP MOUNT REFRIGERATOR,ثلاجة علوية التركيب,MPT 1401 - GN2/1,precision-refrigeration-commercial-refrigerator-mpt-1401---gn21-442,0.00,,"Heavy Duty Brake & Swivel Castors 

Waste Heat Recovery Condensate Vaporiser System 
Temperature -2 / 10°C 

Width 1440 mm 

Depth 860 mm 

Height 2072 mm","نظام التذويب: تذويب بالغاز الساخن
إنذارات صوتية ومرئية: لدرجات الحرارة العالية والمنخفضة
الأبواب:
أقفال مثبتة كمعيار
مقابض مدمجة وأبواب ذاتية الغلق
التصميم الإضافي:

نظام تبخير مكثفات استرداد حرارة النفايات
عجلات دوارة ثقيلة مع مكابح
إذا كنت بحاجة إلى مزيد من التعديلات أو التنسيق بلغات أخرى، يرجى إعلامي",{},{},[],true,2024-12-31 01:56:46+00,2025-02-22 03:38:39+00
443,40,8,76,UNDERCOUNTER REFRIGERATOR,ثلاجة تحت الطاولة,HPU 153,precision-refrigeration-commercial-refrigerator-hpu-153-443,0.00,,"Adjustable Levelling Feet At Front 

Rollers At Rear For Easy Positioning  

Waste Heat Recovery Condensate Vaporiser System 

Requires Small Ventilation Gap Above Unit 
Temperature 1 / 4°C 

Width 600mm 

Depth 640mm 

Height 820mm","نظام التذويب: تذويب بالغاز
إنذارات صوتية ومرئية: لدرجات الحرارة العالية والمنخفضة
الأقدام: قابلة للتعديل في الأمام وعجلات خلفية لتسهيل التثبيت
الأبواب:

أقفال الأدراج مثبتة كمعيار
مقابض مدمجة
التصميم الإضافي:

نظام تبخير مكثفات استرداد حرارة النفايات
يتطلب فتحة تهوية صغيرة فوق الوحدة
",{},{},[],true,2024-12-31 20:03:46+00,2025-02-22 03:38:39+00
444,40,8,76,BAKERY COUNTER,منضدة خبز,RBCU 264 - 600 x 400,precision-refrigeration-commercial-refrigerator-rbcu-264---600-x-400-444,0.00,,"Hot Gas Defrost

Door Locks Fitted As Standard

Rifle Bore Coated Evaporator

Integrated Flush Door Handle

600 x 400 Shelving System - Anti Tilt Slides

Hi / Lo Audio Visual Temperature Alarms

Condensing Unit Safety System To Protect Compressor From Blocked Condenser

Self Closing Doors

Heavy Duty Brake & Swivel Castors

Waste Heat Recovery Condensate Vaporiser System","نظام التذويب: تذويب بالغاز الساخن
العزل: بولي يوريثان محقون بدون احتمالية استنفاد الأوزون
رفوف: نظام رفوف 600 × 400 مع منزلقات مقاومة للانقلاب
الأبواب:

أقفال الأبواب مثبتة كمعيار
مقابض أبواب مدمجة ومقاومة للتكثف
أبواب ذاتية الغلق
التصميم الإضافي:

عجلات دوارة ثقيلة مع مكابح
نظام تبخير مكثفات استرداد حرارة النفايات
",{},{},[],true,2024-12-31 20:20:48+00,2025-02-22 03:38:39+00
445,40,8,76,BAKERY COUNTER,منضدة خبز,RBCU 364,precision-refrigeration-commercial-refrigerator-rbcu-364-445,0.00,,"Hot Gas Defrost

Door Locks Fitted As Standard

Rifle Bore Coated Evaporator

Integrated Flush Door Handle

600 x 400 Shelving System - Anti Tilt Slides

Hi / Lo Audio Visual Temperature Alarms

Condensing Unit Safety System To Protect Compressor From Blocked Condenser

Self Closing Doors

Heavy Duty Brake & Swivel Castors

Waste Heat Recovery Condensate Vaporiser System","إنذارات صوتية ومرئية: لدرجات الحرارة العالية والمنخفضة
نظام التذويب: تذويب بالغاز الساخن
العزل: بولي يوريثان محقون بدون احتمالية استنفاد الأوزون
رفوف: نظام رفوف 600 × 400 مع منزلقات مقاومة للانقلاب
الأبواب:

أقفال الأبواب مثبتة كمعيار
مقابض أبواب مدمجة ومقاومة للتكثف
أبواب ذاتية الغلق
التصميم الإضافي:

عجلات دوارة ثقيلة مع مكابح
نظام تبخير مكثفات استرداد حرارة النفايات
إذا كنت بحاجة إلى تعديلات إضافية أو نماذج أخرى، يرجى إعلامي!",{},{},[],true,2024-12-31 20:31:49+00,2025-02-22 03:38:39+00
446,40,8,76,COUNTER REFRIGERATOR,ثلاجة تحت الطاولة,MCU 323 - GN2/3,precision-refrigeration-commercial-refrigerator-mcu-323---gn23-446,0.00,,"Rifle Bore Coated Evaporators & Condensers

Waste Heat Recovery Condensate Vaporiser System

Zero ODP Injected Polyurethane Insulation

Anti-Condensation Door Frame Heaters

GN 2/3 Shelving System

Heavy Duty Nylon Coated Shelves & Anti-Tilt Slides

Interchangeable Doors / Drawers

Self Closing Doors With Integrated Flush handles

Front Mounted Hinges Plates

Removable Worktops

Heavy Duty Brake & Swivel Castors","إنذارات صوتية ومرئية: لدرجات الحرارة العالية والمنخفضة
توزيع درجة الحرارة: قناة هواء مدمجة لتوزيع متساوٍ
نظام التذويب: تذويب بالغاز الساخن
العزل: بولي يوريثان محقون بدون احتمالية استنفاد الأوزون
رفوف GN 2/3: مع أرفف متينة مغلفة بالنايلون ومنزلقات مقاومة للانقلاب
الأبواب:

مقاومة للتكثف مع سخانات إطار الباب
أبواب ذاتية الغلق بمقابض مدمجة
التصميم الإضافي:

أسطح عمل قابلة للإزالة
عجلات دوارة ثقيلة مع مكابح
",{},{},[],true,2024-12-31 20:59:03+00,2025-02-22 03:38:39+00
447,40,8,76,COUNTER REFRIGERATOR,ثلاجة تحت الطاولة,MCU 223 - GN2/3,precision-refrigeration-commercial-refrigerator-mcu-223---gn23-447,0.00,,"Zero ODP Injected Polyurethane Insulation

Anti-Condensation Door Frame Heaters

GN 2/3 Shelving System

Heavy Duty Nylon Coated Shelves & Anti-Tilt Slides

Interchangeable Doors / Drawers

Self Closing Doors With Integrated Flush handles

Front Mounted Hinges Plates

Removable Worktops

Heavy Duty Brake & Swivel Castors","إنذارات صوتية ومرئية: لدرجات الحرارة العالية والمنخفضة
توزيع درجة الحرارة: قناة هواء مدمجة لتوزيع متساوٍ
نظام التذويب: تذويب بالغاز الساخن
العزل: بولي يوريثان محقون بدون احتمالية استنفاد الأوزون
رفوف GN 2/3: مع أرفف متينة مغلفة بالنايلون ومنزلقات مقاومة للانقلاب
الأبواب:

مقاومة للتكثف مع سخانات إطار الباب
أبواب ذاتية الغلق بمقابض مدمجة
التصميم الإضافي:

أسطح عمل قابلة للإزالة
عجلات دوارة ثقيلة مع مكابح",{},{},[],true,2024-12-31 21:05:23+00,2025-02-22 03:38:39+00
448,40,8,76,COUNTER REFRIGERATOR,ثلاجة تحت الطاولة,MCU 411 - GN1/1,precision-refrigeration-commercial-refrigerator-mcu-411---gn11-448,0.00,,"Waste Heat Recovery Condensate Vaporiser System

Zero ODP Injected Polyurethane Insulation

Anti-Condensation Door Frame Heaters

GN 1/1 Shelving System

Heavy Duty Nylon Coated Shelves & Anti-Tilt Slides

Interchangeable Doors / Drawers

Self Closing Doors With Integrated Flush handles

Front Mounted Hinges Plates

Removable Worktops

Heavy Duty Brake & Swivel Castors","إنذارات صوتية ومرئية: لدرجات الحرارة العالية والمنخفضة
توزيع درجة الحرارة: قناة هواء مدمجة لتوزيع متساوٍ
نظام التذويب: تذويب بالغاز الساخن
العزل: بولي يوريثان محقون بدون احتمالية استنفاد الأوزون
رفوف GN 1/1: مع أرفف متينة مغلفة بالنايلون ومنزلقات مقاومة للانقلاب
الأبواب:

مقاومة للتكثف مع سخانات إطار الباب
أبواب ذاتية الغلق بمقابض مدمجة
التصميم الإضافي:

أسطح عمل قابلة للإزالة
عجلات دوارة ثقيلة مع مكابح
",{},{},[],true,2024-12-31 21:10:11+00,2025-02-22 03:38:39+00
449,40,8,76,COUNTER REFRIGERATOR,ثلاجة تحت الطاولة,MCU 311 - GN1/1,precision-refrigeration-commercial-refrigerator-mcu-311---gn11-449,0.00,,"Rifle Bore Coated Evaporators & Condensers

Waste Heat Recovery Condensate Vaporiser System

Zero ODP Injected Polyurethane Insulation

Anti-Condensation Door Frame Heaters

GN 1/1 Shelving System

Heavy Duty Nylon Coated Shelves & Anti-Tilt Slides

Interchangeable Doors / Drawers

Self Closing Doors With Integrated Flush handles

Front Mounted Hinges Plates

Removable Worktops

Heavy Duty Brake & Swivel Castors","إنذارات صوتية ومرئية: لدرجات الحرارة العالية والمنخفضة
توزيع درجة الحرارة: قناة هواء مدمجة لتوزيع متساوٍ
نظام التذويب: تذويب بالغاز الساخن
العزل: بولي يوريثان محقون بدون احتمالية استنفاد الأوزون
رفوف GN 1/1: مع أرفف متينة مغلفة بالنايلون ومنزلقات مقاومة للانقلاب
الأبواب:

مقاومة للتكثف مع سخانات إطار الباب
أبواب ذاتية الغلق بمقابض مدمجة
التصميم الإضافي:

أسطح عمل قابلة للإزالة
عجلات دوارة ثقيلة مع مكابح
",{},{},[],true,2024-12-31 21:14:27+00,2025-02-22 03:38:39+00
450,40,8,78,COUNTER FREEZER,فريزر تحت الطاولة,LCU 211 - GN1/1,precision-refrigeration-freezer-lcu-211---gn11-450,0.00,,"Rifle Bore Coated Evaporators & Condensers

Waste Heat Recovery Condensate Vaporiser System

Zero ODP Injected Polyurethane Insulation

Anti-Condensation Door Frame Heaters

GN 1/1 Shelving System

Heavy Duty Nylon Coated Shelves & Anti-Tilt Slides

Self Closing Doors With Integrated Flush handles

Front Mounted Hinges Plates

Removable Worktops

Heavy Duty Brake & Swivel Castors","إنذارات صوتية ومرئية: لدرجات الحرارة العالية والمنخفضة
توزيع درجة الحرارة: قناة هواء مدمجة لتوزيع متساوٍ
نظام التذويب: تذويب بالغاز الساخن
العزل: بولي يوريثان محقون بدون احتمالية استنفاد الأوزون
رفوف GN 1/1: مع أرفف متينة مغلفة بالنايلون ومنزلقات مقاومة للانقلاب
الأبواب:
مقاومة للتكثف مع سخانات إطار الباب
أبواب ذاتية الغلق بمقابض مدمجة
التصميم الإضافي:
أسطح عمل قابلة للإزالة
عجلات دوارة ثقيلة مع مكابح
إذا كنت بحاجة إلى مزيد من التفاصيل أو التنسيق بلغات أخرى، فلا تتردد في إعلامي!",{},{},[],true,2024-12-31 21:18:30+00,2025-02-22 03:38:39+00
451,40,8,76,COUNTER REFRIGERATOR,ثلاجة تحت الطاولة,MCU 211 - GN1/1,precision-refrigeration-commercial-refrigerator-mcu-211---gn11-451,0.00,,"Rifle Bore Coated Evaporators & Condensers

Waste Heat Recovery Condensate Vaporiser System

Zero ODP Injected Polyurethane Insulation

Anti-Condensation Door Frame Heaters

GN 1/1 Shelving System

Heavy Duty Nylon Coated Shelves & Anti-Tilt Slides

Interchangeable Doors / Drawers

Self Closing Doors With Integrated Flush handles

Front Mounted Hinges Plates

Removable Worktops

Heavy Duty Brake & Swivel Castors","إنذارات صوتية ومرئية: لدرجات الحرارة العالية والمنخفضة
توزيع درجة الحرارة: قناة هواء مدمجة لتوزيع متساوٍ
نظام التذويب: تذويب بالغاز الساخن
العزل: بولي يوريثان محقون بدون احتمالية استنفاد الأوزون
رفوف GN 1/1: مع أرفف متينة مغلفة بالنايلون ومنزلقات مقاومة للانقلاب
الأبواب:
مقاومة للتكثف مع سخانات إطار الباب
أبواب ذاتية الغلق بمقابض مدمجة
أبواب قابلة للتبديل مع الأدراج
التصميم الإضافي:
أسطح عمل قابلة للإزالة
عجلات دوارة ثقيلة مع مكابح
",{},{},[],true,2024-12-31 21:21:44+00,2025-02-22 03:38:39+00
452,40,8,76,UNDERCOUNTER REFRIGERATOR,ثلاجة تحت الطاولة,HPU 150,precision-refrigeration-commercial-refrigerator-hpu-150-452,0.00,,"Hi / Lo Audio Visual Temperature Alarms 

Adjustable Levelling Feet At Front 

Rollers At Rear For Easy Positioning  

Waste Heat Recovery Condensate Vaporiser System

Requires Small Ventilation Gap Above Unit","مقابض الأبواب مدمجة
نظام رفوف Pilaster قابل للتعديل
إنذارات صوتية ومرئية لدرجات الحرارة العالية والمنخفضة
أقدام قابلة للتعديل في الأمام وعجلات في الخلف لتسهيل التحريك
نظام استعادة الحرارة لمكثفات البخار
يتطلب فجوة تهوية صغيرة فوق الوحدة
إذا كنت بحاجة إلى المزيد من التنسيقات أو المعلومات حول منتج معين، فلا تتردد في إعلامي!",{},{},[],true,2025-01-02 01:01:48+00,2025-02-22 03:38:39+00
453,40,8,76,UNDERCOUNTER REFRIGERATOR,ثلاجة تحت الطاولة,HPU 152,precision-refrigeration-commercial-refrigerator-hpu-152-453,0.00,,"Temperature 1 / 4°C 

Width 600mm 

Depth 640mm 

Height 820mm
Integrated Flush Drawer Handle 

Hi / Lo Audio Visual Temperature Alarms 

Adjustable Levelling Feet At Front 

Rollers At Rear For Easy Positioning  

Waste Heat Recovery Condensate Vaporiser System 

Requires Small Ventilation Gap Above Unit","درجة الحرارة: 1 / 4°C
الأبعاد:
العرض: 600 مم
العمق: 640 مم
الارتفاع: 820 مم
مقابض الأدراج مدمجة
إنذارات صوتية ومرئية لدرجات الحرارة العالية والمنخفضة
أقدام قابلة للتعديل في الأمام وعجلات في الخلف لتسهيل الوضعية
نظام استعادة الحرارة لمكثفات البخار
يتطلب فجوة تهوية صغيرة فوق الوحدة
",{},{},[],true,2025-01-02 01:09:49+00,2025-02-22 03:38:39+00
454,40,8,76,UNDERCOUNTER REFRIGERATOR,ثلاجة تحت الطاولة,HPU 153,precision-refrigeration-commercial-refrigerator-hpu-153-454,0.00,,"Off Cycle Gas Defrost 

Drawer Locks Fitted As Standard 

Integrated Flush Drawer Handle 

Hi / Lo Audio Visual Temperature Alarms 

Adjustable Levelling Feet At Front 

Rollers At Rear For Easy Positioning  

Waste Heat Recovery Condensate Vaporiser System 

Requires Small Ventilation Gap Above Unit ","إذابة الجليد بدورة الغاز
أقفال الأدراج مثبتة كمعيار
مقابض الأدراج مدمجة
إنذارات صوتية ومرئية لدرجات الحرارة العالية والمنخفضة
أقدام قابلة للتعديل في الأمام وعجلات في الخلف لتسهيل التحريك
نظام استعادة الحرارة لمكثفات البخار
يتطلب فجوة تهوية صغيرة فوق الوحدة
",{},{},[],true,2025-01-02 01:13:12+00,2025-02-22 03:38:39+00
455,40,8,78,UNDERCOUNTER FREEZER,فريزر تحت الطاولة,LPU 150,precision-refrigeration-freezer-lpu-150-455,0.00,,"Hi / Lo Audio Visual Temperature Alarms 

Adjustable Levelling Feet At Front 

Rollers At Rear For Easy Positioning  

Waste Heat Recovery Condensate Vaporiser System 

Requires Small Ventilation Gap Above Unit 
Castors (Increases Height By 62mm)

Stacking Kit","إذابة الجليد يدويًا
إنذارات مرئية وصوتية لدرجات الحرارة العالية أو المنخفضة
أقدام قابلة للتعديل في الأمام وعجلات في الخلف لتسهيل الوضعية
نظام استعادة الحرارة لمكثفات البخار
يتطلب فجوة تهوية صغيرة فوق الوحدة
عجلات (تزيد الارتفاع بمقدار 62 مم)
إمكانية تكديس باستخدام مجموعة التكديس
إذا كنت بحاجة إلى تنسيق إضافي أو مزيد من المعلومات حول أي منتج، فلا تتردد في إبلاغي",{},{},[],true,2025-01-02 01:17:25+00,2025-02-22 03:38:39+00
456,40,8,76,SPACE SAVER REFRIGERATOR,ثلاجة صغيرة الحجم,HSS 150 - GN1/1,precision-refrigeration-commercial-refrigerator-hss-150---gn11-456,0.00,,"Rifle Bored Coated Evaporators    

Integrated Flush Door Handle 

Gastronorm Shelving System - Anti Tilt Slides 

Hi / Lo Audio Visual Temperature Alarms 

Condensing Unit Safety System To Protect Compressor From Blocked Condensers 

Self Closing Doors 

Adjustable Levelling Feet At Front 

Rollers At Rear For Easy Positioning 

Waste Heat Recovery Condensate Vaporiser System
","إذابة الجليد بالغاز الساخن
المبخرات مطلية بطبقة خاصة للحماية
مقابض الأبواب مدمجة
رفوف Gastronorm بنظام منع الميلان
إنذارات مرئية وصوتية لدرجات الحرارة العالية أو المنخفضة
نظام أمان لوحدة التكثيف لحماية الضاغط من التكثفات المسدودة
أبواب تغلق ذاتيًا
أقدام قابلة للتعديل في الأمام وعجلات في الخلف لتسهيل الوضعية
نظام استعادة الحرارة لمكثفات البخار
",{},{},[],true,2025-01-02 01:25:28+00,2025-02-22 03:38:39+00
457,40,8,76,SPACE SAVER REFRIGERATOR,ثلاجة صغيرة الحجم,HSS 300 - GN1/1,precision-refrigeration-commercial-refrigerator-hss-300---gn11-457,0.00,,"Integrated Flush Door Handle 

Gastronorm Shelving System - Anti Tilt Slides 

Hi / Lo Audio Visual Temperature Alarms 

Condensing Unit Safety System To Protect Compressor From Blocked Condensers 

Self Closing Doors 

Adjustable Levelling Feet At Front 

Rollers At Rear For Easy Positioning 

Waste Heat Recovery Condensate Vaporiser System
Bank of 2 Drawers (150/150mm Depth) 

Bank of 2 Wide Drawers (150mm Depth, H Only) - SS300

Countertop Pan Well - HSS300 - 4 x GN1/3 (150mm) 

Insulated Hinged Lid For Countertop Pan Well 

Castors - Increases Height by 62mm 

Stainless Steel Back 

Extra Std Nylon Coated Shelves / Slides - GN1/1 

Stainless Steel Shelves / Slides - GN1/1 

Precision Connect","إذابة الجليد بالغاز الساخن
المبخرات مطلية بطبقة خاصة للحماية
مقابض الأبواب مدمجة
رفوف Gastronorm بنظام منع الميلان
إنذارات مرئية وصوتية لدرجات الحرارة العالية أو المنخفضة
نظام أمان لوحدة التكثيف لحماية الضاغط من التكثفات المسدودة
أبواب تغلق ذاتيًا
أقدام قابلة للتعديل في الأمام وعجلات في الخلف لتسهيل الوضعية
نظام استعادة الحرارة لمكثفات البخار
Precision Connect
إذا كنت بحاجة إلى مزيد من التفاصيل أو تنسيقات إضافية، فأخبرني بذلك!",{},{},[],true,2025-01-02 01:31:38+00,2025-02-22 03:38:39+00
459,40,8,76,UNDER BROILER REFRIGERATOR,ثلاجة أسفل الشواية,HUBC 411 - GN1/1,precision-refrigeration-commercial-refrigerator-hubc-411---gn11-459,0.00,,"Off Cycle Defrost 

Heat Resistant Worktop Designed to Carry up to 150kg (Evenly Spread)

Rifle Bored Coated Evaporators  

Integrated Flush Drawer Handle 

Gastronorm Sized Drawers  

Hi / Lo Audio Visual Temperature Alarms 

Condensing Unit Safety System To Protect Compressor From Blocked Condensers 

Heavy Duty Brake & Swivel Castors 

Waste Heat Recovery Condensate Vaporiser System","إذابة الجليد عند توقف التشغيل
سطح مقاوم للحرارة مصمم لتحمل ما يصل إلى 150 كجم (منتشر بالتساوي)
المبخرات مطلية بطبقة خاصة لحمايتها
مقابض الأدراج مدمجة ومريحة
أدراج بحجم Gastronorm
إنذارات مرئية وصوتية لدرجات الحرارة العالية أو المنخفضة
نظام أمان لوحدة التكثيف لحماية الضاغط من التكثفات المسدودة
عجلات للخدمة الشاقة مع فرامل
نظام استعادة الحرارة لمكثفات البخار
",{},{},[],true,2025-01-02 01:43:29+00,2025-02-22 03:38:39+00
460,40,8,76,UNDER BROILER REFRIGERATOR,ثلاجة أسفل الشواية,HUBC 412 - GN1/1 / GN2/1,precision-refrigeration-commercial-refrigerator-hubc-412---gn11--gn21-460,0.00,,"Rifle Bored Coated Evaporators  

Integrated Flush Drawer Handle 

Gastronorm Sized Drawers  

Hi / Lo Audio Visual Temperature Alarms 

Condensing Unit Safety System To Protect Compressor From Blocked Condensers 

Heavy Duty Brake & Swivel Castors 

Waste Heat Recovery Condensate Vaporiser System
Single Deep Drawer In Place Of Bank Of 2 Drawers

Stainless Steel Back

Precision Connect","المبخرات مطلية بطبقة خاصة لحمايتها
مقابض الأدراج مدمجة ومريحة
أدراج بحجم Gastronorm
إنذارات مرئية وصوتية لدرجات الحرارة العالية أو المنخفضة
نظام أمان لوحدة التكثيف لحماية الضاغط من التكثفات المسدودة
عجلات للخدمة الشاقة مع فرامل
نظام استعادة الحرارة لمكثفات البخار
درج عميق واحد بدلاً من مجموعة مكونة من درجين
ظهر من الفولاذ المقاوم للصدأ
Precision Connect
إذا كنت بحاجة إلى تعديلات إضافية أو محتوى إضافي، يرجى إبلاغي!",{},{},[],true,2025-01-02 01:48:50+00,2025-02-22 03:38:39+00
461,40,8,76,UNDER BROILER REFRIGERATOR,ثلاجة أسفل الشواية,HUBC 422 - GN2/1,precision-refrigeration-commercial-refrigerator-hubc-422---gn21-461,0.00,,"Heat Resistant Worktop Designed to Carry up to 150kg (Evenly Spread)

Rifle Bored Coated Evaporators    

Integrated Flush Drawer Handle 

Gastronorm Sized Drawers  

Hi / Lo Audio Visual Temperature Alarms 

Condensing Unit Safety System To Protect Compressor From Blocked Condensers 

Heavy Duty Brake & Swivel Castors 

Waste Heat Recovery Condensate Vaporiser System
Single Deep Drawer In Place Of Bank Of 2 Drawers

Stainless Steel Back

Precision Connect","سطح مقاوم للحرارة مصمم لتحمل ما يصل إلى 150 كجم (منتشر بالتساوي)
المبخرات مطلية بطبقة خاصة لحمايتها
مقابض الأدراج مدمجة ومريحة
أدراج بحجم Gastronorm
إنذارات مرئية وصوتية لدرجات الحرارة العالية أو المنخفضة
نظام أمان لوحدة التكثيف لحماية الضاغط من التكثفات المسدودة
عجلات للخدمة الشاقة مع فرامل
نظام استعادة الحرارة لمكثفات البخار
درج عميق واحد بدلاً من مجموعة مكونة من درجين
ظهر من الفولاذ المقاوم للصدأ
",{},{},[],true,2025-01-02 01:52:24+00,2025-02-22 03:38:39+00
462,40,8,76,VARIABLE TEMPERATURE DRAWER,درج ذو درجة حرارة متغيرة,VUBC 121 - GN2/1,precision-refrigeration-commercial-refrigerator-vubc-121---gn21-462,0.00,,"Rifle Bore Coated Evaporators   

Front Breathing & Rear/Side Venting Refrigeration System 

Integrated Flush Drawer Handle 

Hi / Lo Audio Visual Temperature Alarms 

Condensing Unit Safety System To Protect Compressor From Blocked Condensers 

Waste Heat Recovery Condensate Vaporiser System
Castors - Increases Height By 72mm 

Heat Resistant Worktop - Increases Height By 29mm & Depth to 700mm 

Precision Connect","الخصائص التقنية:
مادة التبريد: R290
عزل من البولي يوريثان المحقون
تحكم إلكتروني مع شاشة LCD سهلة القراءة
إذابة الجليد بالغاز الساخن
المبخرات مطلية بطبقة حماية خاصة
مقابض مدمجة ومريحة
عجلات تزيد الارتفاع بمقدار 72 مم
سطح مقاوم للحرارة يزيد العمق إلى 700 مم والارتفاع بمقدار 29 مم
نظام استعادة الحرارة لمكثفات البخار
إنذار مرئي وصوتي لدرجات الحرارة المرتفعة أو المنخفضة
إذا كنت بحاجة إلى تعديلات إضافية، لا تتردد في إعلامي!",{},{},[],true,2025-01-02 02:03:09+00,2025-02-22 03:38:39+00
463,40,8,78,VARIABLE TEMPERATURE STACKED DRAWERS,طاولة تحضير مبردة,VUBC 121-2 - GN2/1,precision-refrigeration-freezer-vubc-121-2---gn21-463,0.00,,"R290 Refrigerant 

Drawer Base Insert (Removable) To Ensure Optimum Air Circulation 

Zero ODP Injected Polyurethane Insulation  

Electronic Controller With Easy Read LCD Screen 

Hot Gas Defrost 

Rifle Bore Coated Evaporators   

Front Breathing & Rear/Side Venting Refrigeration System 

Integrated Flush Door Handle 

Hi / Lo Audio Visual Temperature Alarms 

Condensing Unit Safety System To Protect Compressor From Blocked Condensers 

Waste Heat Recovery Condensate Vaporiser System","الخصائص التقنية:
عزل من البولي يوريثان المحقون
تحكم إلكتروني مع شاشة LCD سهلة القراءة
إذابة الجليد بالغاز الساخن
المبخرات مطلية بطبقة حماية خاصة
ستارة ليلية قابلة للسحب عند عدم استخدام الأواني
التصميم:
مقابض أبواب مدمجة ومريحة
عجلات للخدمة الشاقة مع فرامل
إنذار مرئي وصوتي لدرجات الحرارة المرتفعة أو المنخفضة
نظام استعادة الحرارة لمكثفات البخار
",{},{},[],true,2025-01-02 02:10:32+00,2025-02-22 03:38:39+00
464,40,2,50,REFRIGERATED PREP COUNTER,REFRIGERATED PREP COUNTER,PPC 307 - GN1/1,precision-refrigeration-category-ppc-307---gn11-464,0.00,,"Zero ODP Injected Polyurethane Insulation

Electronic Controller with Easy Read LCD Screen 

Hot Gas Defrost 

Retractable Night Blind When Pans Not In Service 

Rifle Bored Coated Evaporators  

Integrated Flush Door Handle 

Gastronorm GN1/3 Sized Pan Grid 

Hi / Lo Audio Visual Temperature Alarms 

Condensing Unit Safety System To Protect Compressor From Blocked Condensers 

Heavy Duty Brake & Swivel Castors 

Waste Heat Recovery Condensate Vaporiser System","Zero ODP Injected Polyurethane Insulation

Electronic Controller with Easy Read LCD Screen 

Hot Gas Defrost 

Retractable Night Blind When Pans Not In Service 

Rifle Bored Coated Evaporators  

Integrated Flush Door Handle 

Gastronorm GN1/3 Sized Pan Grid 

Hi / Lo Audio Visual Temperature Alarms 

Condensing Unit Safety System To Protect Compressor From Blocked Condensers 

Heavy Duty Brake & Swivel Castors 

Waste Heat Recovery Condensate Vaporiser System",{},{},[],true,2025-01-02 02:25:35+00,2025-02-22 03:38:39+00
465,40,8,76,REFRIGERATED PREP COUNTER,طاولة تحضير مبردة,PPC 410 - GN1/1,precision-refrigeration-commercial-refrigerator-ppc-410---gn11-465,0.00,,"Anti-Drip Worktop  

R290 Refrigerant 

Zero ODP Injected Polyurethane Insulation

Electronic Controller with Easy Read LCD Screen 

Hot Gas Defrost 

Retractable Night Blind When Pans Not In Service 

Rifle Bored Coated Evaporators    

Integrated Flush Door Handle 

Gastronorm GN1/3 Sized Pan Grid 

Hi / Lo Audio Visual Temperature Alarms 

Condensing Unit Safety System To Protect Compressor From Blocked Condensers 

Heavy Duty Brake & Swivel Castors 

Waste Heat Recovery Condensate Vaporiser System","الخصائص التقنية:
عزل من البولي يوريثان المحقون
تحكم إلكتروني مع شاشة LCD سهلة القراءة
إذابة الجليد بالغاز الساخن
المبخرات مطلية بطبقة حماية خاصة
ستارة ليلية قابلة للسحب عند عدم استخدام الأواني
التصميم:
شبكة أواني بحجم Gastronorm GN1/3
إنذار مرئي وصوتي لدرجات الحرارة المرتفعة أو المنخفضة
مقابض أبواب مدمجة ومريحة
عجلات بفرامل للخدمة الشاقة
نظام استعادة الحرارة لمكثفات البخار
إذا كنت بحاجة إلى أي تعديلات إضافية أو ترجمة لمنتجات أخرى، لا تتردد في إخباري!",{},{},[],true,2025-01-02 02:37:38+00,2025-02-22 03:38:39+00
466,40,8,76,PREP COUNTER,طاولة تحضير مبردة,HSS 340,precision-refrigeration-commercial-refrigerator-hss-340-466,0.00,,"Zero ODP Injected Polyurethane Insulation

Electronic Controller With Easy Read LCD Screen 

Hot Gas Defrost 

Rifle Bored Coated Evaporators   

Integrated Flush Door Handle 

Stainless Steel Perforated Shelves - Anti Tilt Slides 

Hi / Lo Audio Visual Temperature Alarms 

Condensing Unit Safety System To Protect Compressor From Blocked Condensers 

Self Closing Doors 

72mm Castors 

Waste Heat Recovery Condensate Vaporiser System","الخصائص التقنية:
عزل من البولي يوريثان المحقون
تحكم إلكتروني مع شاشة LCD سهلة القراءة
إذابة الجليد بالغاز الساخن
المبخرات مطلية بطبقة حماية خاصة
نظام استعادة الحرارة لمكثفات البخار
التصميم:
مقابض أبواب مريحة ومخفية
أرفف مثقبة من الفولاذ المقاوم للصدأ - مضادة للانزلاق
إنذار مرئي وصوتي لدرجات الحرارة المرتفعة أو المنخفضة
أبواب تغلق تلقائيًا
عجلات بفرامل للخدمة الشاقة
",{},{},[],true,2025-01-02 02:52:04+00,2025-02-22 03:38:39+00
467,40,8,76,WALL MOUNTED REFRIGERATOR,ثلاجة معلقة على الحائط,HWU 211 - GN1/1,precision-refrigeration-commercial-refrigerator-hwu-211---gn11-467,0.00,,"Gastronorm GN1/1 Shelving System - Anti Tilt Slides 

Interior LED Lights

Hi / Lo Audio Visual Temperature Alarms 

Wall Mounting Kit Provided 

Self Closing Glass Doors 

Waste Heat Recovery Condensate Vaporiser System
Solid Doors

Extra Std Nylon Coated Shelves / Slides - GN1/1 

Precision Connect","الخصائص التقنية:
عزل من البولي يوريثان المحقون
نظام إذابة تلقائي
المبخرات مغطاة بطبقة خاصة للحماية
التصميم:
مقابض أبواب مريحة ومخفية
أرفف Gastronorm GN1/1 - مضادة للانزلاق
إضاءة LED داخلية
أبواب زجاجية تغلق تلقائيًا
نظام أمان للوحدة المكثفة لحماية الضاغط من الانسدادات
أرجل قابلة للتعديل
نظام استعادة الحرارة لمكثفات البخار",{},{},[],true,2025-01-02 03:04:20+00,2025-02-22 03:38:39+00
468,40,8,77,BLAST CHILLER / FREEZER UNDERCOUNTER," ثلاجة / مجمدة تبريد سريع تحت الطاولة",PCF 15 - 15KG,precision-refrigeration-blast-chiller-pcf-15---15kg-468,0.00,,"R452A Refrigerant 

Zero ODP Injected Polyurethane Insulation

Ergonomic Flush Door Handle 

Gastronorm Shelving System - Anti Tilt Slides 

Condensing Unit Safety System To Protect Compressor From Blocked Condensers 

Self Closing Door 

Heavy Duty Brake & Swivel Castors 

Automatic Condensate Vaporiser System 

*All Quoted Times/Weights Depend On Product, Water Content & Density 
Nylon Coated Shelves - GN1/1 

Stainless Steel Shelves - GN1/1 

GN1/1 Pan Set - 40mm Deep 

Stainless Steel Back 

Adjustable Legs","خصائص إضافية:
تخزين تلقائي في نهاية كل دورة تبريد
إذابة الجليد تلقائيًا في نهاية كل دورة تبريد
مادة التبريد: R452A
عزل من البولي يوريثان المحقون
التصميم:
مقابض أبواب مريحة ومتدفقة
نظام أرفف Gastronorm - مضاد للانزلاق
نظام أمان للوحدة المكثفة لحماية الضاغط من الانسدادات
أبواب تغلق تلقائيًا
عجلات مع فرامل للخدمة الشاقة وقابلة للدوران
نظام تبخير ذاتي للمكثفات
",{},{},[],true,2025-01-02 03:13:06+00,2025-02-22 03:38:39+00
469,40,8,77,BLAST CHILLER/FREEZER,لاجة / مجمدة تبريد سريع,PCF 40 - 40KG,precision-refrigeration-blast-chiller-pcf-40---40kg-469,0.00,,"Automatic Storage At End Of Each Blast Cycle 

Automatic Defrost At End Of Each Blast Cycle 

Thawing Mode For Controlled Defrosting Of Frozen Food 

R452A Refrigerant 

Zero ODP Injected Polyurethane Insulation

Ergonomic Flush Door Handle 

Gastronorm Shelving System - Anti Tilt Slides 

Condensing Unit Safety System To Protect Compressor From Blocked Condensers 

Self Closing Door 

Heavy Duty Brake & Swivel Castors 

Automatic Condensate Vaporiser System 

*All Quoted Times/Weights Depend On Product, Water Content & Density","خصائص إضافية:
التخزين التلقائي في نهاية كل دورة تبريد
إذابة الجليد تلقائيًا في نهاية كل دورة تبريد
وضع إزالة الثلج للأطعمة المجمدة
مادة التبريد: R452A
عزل من البولي يوريثان المحقون
التصميم:
مقابض أبواب مريحة ومتدفقة
نظام أرفف Gastronorm - مضاد للانزلاق
نظام أمان للوحدة المكثفة لحماية الضاغط من الانسدادات
أبواب تغلق تلقائيًا
عجلات مع فرامل للخدمة الشاقة وقابلة للدوران
نظام تبخير ذاتي للمكثفات
",{},{},[],true,2025-01-02 03:18:15+00,2025-02-22 03:38:39+00
470,40,8,76,RETRO REFRIGERATOR," ثلاجة بتصميم كلاسيكي (HRU1",HRU1,precision-refrigeration-commercial-refrigerator-hru1-470,0.00,,"Automatic Defrost 

Rifle Bore Coated Evaporators 

Retro Styled Ultra Heavy Duty Chrome Handles & Hinges 

LED Lighting (6500K Daylight White)

Adjustable Perforated Stainless Steel Shelves 

Hi/Lo Audio Visual Temperature Alarms 

Condensing Unit Safety System To Protect Compressor From Blocked Condensers 

Adjustable Legs Covered By Colour Coded Covers
Glass Door - Clear or Reeded Glass 

Painted Exterior (To Any RAL Colour)

Meat Hanging Rail 

Meat Ageing Model 

Precision Connect","الخصائص التقنية:
عزل من البولي يوريثان المحقون.
نظام إذابة تلقائي.
المبخرات مغطاة بطبقة خاصة للحماية.
التصميم:
مقابض ومفصلات كرومية فائقة التحمل بأسلوب كلاسيكي.
إضاءة LED بيضاء نهارية (6500K).
أبواب زجاجية - زجاج شفاف أو مزخرف.
أرفف من الفولاذ المقاوم للصدأ قابلة للتعديل.
أرجل قابلة للتعديل مغطاة بأغطية ملونة.
إمكانية تخصيص الطلاء الخارجي حسب أي لون RAL.
إضافات:
سكة لتعليق اللحوم.
تصميم يناسب عملية تعتيق اللحوم.
نظام أمان للوحدة المكثفة لحماية الضاغط من الانسداد.",{},{},[],true,2025-01-02 03:32:46+00,2025-02-22 03:38:39+00
471,40,8,76,RETRO REFRIGERATOR,ثلاجة بتصميم كلاسيكي,HRU2,precision-refrigeration-commercial-refrigerator-hru2-471,0.00,,"Automatic Defrost 

Rifle Bore Coated Evaporators 

Retro Styled Ultra Heavy Duty Chrome Handles & Hinges 

LED Lighting (6500K Daylight White)

Adjustable Perforated Stainless Steel Shelves

Hi / Lo Audio Visual Temperature Alarms 

Condensing Unit Safety System to Protect Compressor from Blocked Condensers  

Adjustable Legs Covered By Colour Coded Covers
Glass Doors - Clear or Reeded Glass 

Castors (No Covers)

Freezer Compartment In Bottom Left Section - See HLRU2 

Painted Exterior (To Any RAL Colour)

Meat Hanging Rail 

Meat Ageing Model 

Precision Connect","الخصائص التقنية:
عزل من البولي يوريثان المحقون.
نظام إذابة تلقائي.
المبخرات مغطاة بطبقة خاصة للحماية.
التصميم:
مقابض ومفصلات كرومية فائقة التحمل بأسلوب كلاسيكي.
إضاءة LED بيضاء نهارية (6500K).
أبواب زجاجية - زجاج شفاف أو مزخرف.
أرفف من الفولاذ المقاوم للصدأ قابلة للتعديل.
أرجل قابلة للتعديل مغطاة بأغطية ملونة.
إمكانية تخصيص الطلاء الخارجي حسب أي لون RAL.
عجلات (بدون أغطية).
إضافات:
قسم فريزر في الجانب السفلي الأيسر.
سكة لتعليق اللحوم.
تصميم يناسب عملية تعتيق اللحوم.
نظام أمان للوحدة المكثفة لحماية الضاغط من الانسداد.
",{},{},[],true,2025-01-02 03:38:13+00,2025-02-22 03:38:39+00
472,40,8,78,RETRO REFRIGERATOR FREEZER,ثلاجة وفريزر بتصميم كلاسيكي,HLRU2,precision-refrigeration-freezer-hlru2-472,0.00,,"Electronic Controller with LED Display Discreetly Positioned Inside the Cabinet for Ease of Access 

Automatic Defrost 

Rifle Bore Coated Evaporators 

Retro Styled Ultra Heavy Duty Chrome Handles & Hinges 

LED Lighting (6500K Daylight White)

Adjustable Perforated Stainless Steel Shelves

Hi / Lo Audio Visual Temperature Alarms 

Condensing Unit Safety System to Protect Compressor from Blocked Condensers  

Adjustable Legs Covered By Colour Coded Covers
Glass Doors (Refrigerator Sections Only) - Clear or Reeded Glass 

Painted Exterior (To Any RAL Colour)

Meat Hanging Rail 

Meat Ageing Model 

Precision Connect","نظام التبريد:
وحدة تبريد سفلية مصممة للعمل في بيئة 43ºC.
نظام توزيع هواء خلفي يضمن توزيع متساوي للحرارة.
الخصائص التقنية:
مادة التبريد: R290.
عزل البولي يوريثان المحقون.
إضافات:
تحكم إلكتروني بشاشة LED داخلية.
نظام إذابة تلقائي.
أبواب زجاجية مع خيارات زجاج شفاف أو مزخرف.
أرفف قابلة للتعديل.
أقدام قابلة للتعديل مغطاة بأغطية ملونة.
مقابض ومفصلات كرومية فائقة التحمل.
إمكانية تخصيص الطلاء الخارجي حسب أي لون RAL.",{},{},[],true,2025-01-02 03:42:52+00,2025-02-22 03:38:39+00
473,40,8,76,MEAT AGEING CABINET,خزانة لتعتيق اللحوم,MA600-1950,precision-refrigeration-commercial-refrigerator-ma600-1950-473,0.00,,"Waste Heat Recovery Condensate Vaporiser System 

Front Breathing / Venting - Can Be Built-In
Temperature 1 / 4ºC 

Width 600 

Depth 500 

Height 1950
Temperature can be accurately set from 1ºC and 4ºC with humidity between 70-90% - without the need for a water supply. ","نظام استرداد الحرارة المهدورة:
يقوم بتبخير المكثفات.
تصميم عملي:
تهوية أمامية، يمكن تثبيته داخل أماكن مدمجة.
التحكم الإلكتروني:
مع شاشة LCD سهلة القراءة.
تنبيه:
إنذارات صوتية ومرئية للارتفاع والانخفاض في درجة الحرارة.
الخصائص الإضافية:
لا يتطلب مصدر مياه.
درجة حرارة دقيقة من 1 إلى 4°C مع نسبة رطوبة بين 70-90%.
",{},{},[],true,2025-01-02 03:48:26+00,2025-02-22 03:38:39+00
474,9,2,63,Mefra Citrus Juicer,عصارة حمضيات ميفرا,71C,santos-juicer-71c-474,0.00,,"Delivered with one squeezer for oranges, lemons, limes, and grapefruits.

Easy to clean: removable bowl and squeezer. 
Spout height: 135 mm (5""), to make juice by glass.
Average output: 15l/h","شامل: مزودة بعصارة تناسب البرتقال، الليمون، والجريب فروت.
سهولة التنظيف: وعاء وعصارة قابلة للإزالة.
ارتفاع الصنبور: 135 مم (5"") لتحضير العصير مباشرة في كوب.
الإنتاجية: 15 لتر/ساعة.
",{},{},[],true,2025-01-02 18:21:43+00,2025-02-22 03:38:39+00
475,9,2,63,Classic citrus juicer 11," عصارة حمضيات كلاسيكية 11",Classic citrus juicer 11,santos-juicer-classic-citrus-juicer-11-475,0.00,,"Commercial juicer, built to last, with a heavy duty and quiet induction motor. 

Delivered with 3 removable squeezers for oranges, lemons, limes and grapefruits.

Easy to clean: removable bowl, grid and squeezer.
Spout height: 125 mm (5""), to make juice in a glass.
Average output: 30l/h","مبني ليصمد طويلاً: عصارة تجارية مع محرك حثي هادئ وقوي.
شامل: مزود بـ 3 عصارات قابلة للإزالة تناسب البرتقال والليمون والجريب فروت.
سهولة التنظيف: وعاء وشبكة وعصارة قابلة للإزالة.
ارتفاع الصنبور: 125 مم (5"") لتحضير العصير في كوب.
الإنتاجية: 30 لتر/ساعة.",{},{},[],true,2025-01-02 18:26:46+00,2025-02-22 03:38:39+00
477,9,2,63,High output citrus juicer 52," عصارة حمضيات عالية الإنتاجية 52",High output citrus juicer 52,santos-juicer-high-output-citrus-juicer-52-477,0.00,,"Commercial juicer adapted to intensive use thanks to its powerful induction motor and its high output. 

Delivered with 3 removable squeezers for oranges, lemons, limes and grapefruits.

Easy to clean: removable bowl, grid and squeezer.
Spout height: 212 mm (8""), to make juice in a glass or in a jug.
Average output: 40l/h","
مناسب للاستخدام المكثف: مزود بمحرك حثي قوي وإنتاجية عالية.
شامل: مزود بـ 3 عصارات قابلة للإزالة تناسب البرتقال والليمون والجريب فروت.
سهولة التنظيف: وعاء وشبكة وعصارة قابلة للإزالة.
ارتفاع الصنبور: 212 مم (8"") لتحضير العصير في كوب أو إبريق.
الإنتاجية: 40 لتر/ساعة.
",{},{},[],true,2025-01-02 18:34:58+00,2025-02-22 03:38:39+00
478,9,2,63,Citrus juicer with lever 10,عصارة حمضيات بذراع 10,Citrus juicer with lever 10,santos-juicer-citrus-juicer-with-lever-10-478,0.00,,"Delivered with one squeezer for oranges, lemons and limes. 

Easy to use: automatic start when we push the lever (special clutch system). 
Spout height: 135 mm (5""), to make juice in a glass. 
Average output: 30l/h","شامل: مزود بعصر البرتقال والليمون.
سهولة الاستخدام: بدء تلقائي عند الضغط على الذراع (نظام قابض خاص).
ارتفاع الصنبور: 135 مم (5"") لتحضير العصير في كوب.
الإنتاجية: 30 لتر/ساعة.",{},{},[],true,2025-01-02 18:41:49+00,2025-02-22 03:38:39+00
479,9,2,63,Lever juicer Evolution 70,"70 - عصارة بذراع Evolution ",Lever juicer Evolution 70,santos-juicer-lever-juicer-evolution-70-479,0.00,,"Commercial juicer adapted to intensive use thanks to its powerful induction motor and its high output.

Delivered with one squeezer for oranges, lemons, limes and grapefruits.

Easy to use: automatic start when we push the lever (patented clutch system).
Easy to clean: Removable stainless steel bowl, cone, and cup.
Spout height: 220mm (8.6""), to make juice in a glass or in a jug.
Average output: 50 l/h","مناسب للاستخدام المكثف: مزود بمحرك حثي قوي وإنتاجية عالية.
شامل: مزود بعصر البرتقال والليمون والجريب فروت.
سهولة الاستخدام: بدء تلقائي عند الضغط على الذراع (نظام القابض الحاصل على براءة اختراع).
سهولة التنظيف: وعاء وقمع وكوب من الفولاذ المقاوم للصدأ قابل للإزالة.
ارتفاع الصنبور: 220 مم (8.6"") لتحضير العصير في كوب أو إبريق.
الإنتاجية: 50 لتر/ساعة.
",{},{},[],true,2025-01-02 18:46:26+00,2025-02-22 03:38:39+00
480,9,2,63,Juice extractor Miracle Edition 68,مستخلص عصير إصدار المعجزة 68,Juice extractor Miracle Edition 68,santos-juicer-juice-extractor-miracle-edition-68-480,0.00,,"The Miracle edition offers a high efficiency and is adapted to intensive use.

Perfect filtration for a high quality juice : large basket with very fine sieve (0.5 mm / 0.02''). 
Full stainless steel food-zone (no aluminum).
Wide feeding chute (79,5 mm diameter): no need to cut fruits and vegetables.
New generation patented Ezy-clean™ system II: removable bowl, basket and cover (no tool needed). Extremely sturdy: shifter all in metal.
Spout height: 228 mm (9""), to make juice in a glass or in a jug.
Exceptional output: 140 l/h.","كفاءة عالية: مناسب للاستخدام المكثف.
ترشيح مثالي: سلة كبيرة بمنخل ناعم جدًا (0.5 مم) لعصير عالي الجودة.
منطقة طعام بالكامل من الفولاذ المقاوم للصدأ: بدون استخدام الألمنيوم.
فتحة تغذية واسعة: بقطر 79.5 مم، لا حاجة لتقطيع الفواكه والخضروات.
نظام Ezy-clean™ الجيل الجديد: وعاء وسلة وغطاء قابل للإزالة بدون الحاجة لأدوات.
متين للغاية: محول مصنوع بالكامل من المعدن.
ارتفاع الصنبور: 228 مم (9"") لتحضير العصير في كوب أو إبريق.
الإنتاجية: 140 لتر/ساعة.
",{},{},[],true,2025-01-02 18:51:07+00,2025-02-22 03:38:39+00
481,9,2,63,Santos juicer 50,عصارة سانتوس 50,Santos juicer 50,santos-juicer-santos-juicer-50-481,4800.00,,"Perfect filtration: large basket with very fine sieve (0.5 mm / 0.02'') offering a high quality juice.
Maximum juice extraction: excellent yield.
Extra wide feeding chute (79.5 mm): no need to cut apples, carrots, tomatoes...
Silent: perfect to make juice in front of the customer.
Safety: Electric cut off and motor braking stopping the basket when opening the handle.
Exclusive Ezy-clean™ system: Removable bowl, basket and cover (no tool needed).
Spout height: 200 mm (8.6""), to make juice in glasses, jugs, and blender jars.
Output: 100 l/h","ترشيح مثالي: سلة كبيرة بمنخل ناعم جدًا (0.5 مم / 0.02'') لعصير عالي الجودة.
استخراج عصير كحد أقصى: عائد ممتاز.
فتحة تغذية عريضة للغاية: 79.5 مم، لا حاجة لتقطيع التفاح والجزر والطماطم...
هادئ: مثالي لتحضير العصير أمام العملاء.
آمن: نظام إيقاف كهربائي وفرملة للمحرك عند فتح المقبض.
نظام Ezy-clean™ الحصري: وعاء وسلة وغطاء قابل للإزالة بدون أدوات.
ارتفاع الصنبور: 200 مم (8.6"")، لتحضير العصير في الأكواب أو الأباريق أو أوعية الخلاط.
الإنتاجية: 100 لتر/ساعة.",{},{},[],true,2025-01-05 01:48:35+00,2025-12-08 13:04:47.773379+00
482,9,2,63,Juice extractor 28,مستخلص عصير 28,Juice extractor 28,santos-juicer-juice-extractor-28-482,0.00,,"Maximum juice extraction: excellent yield.
Perfect filtration: large basket with very fine sieve (0.5 mm / 0.02'') offering a high quality juice.
Delivered with a special key for screwing and unscrewing the basket.
Introduction: 68 mm diameter.
Spout height: 222 mm (9"") to make juice in a glass or in a jug.
Output: 100 l/h","
استخراج عصير كحد أقصى: عائد ممتاز.
ترشيح مثالي: سلة كبيرة مع منخل ناعم جدًا (0.5 مم / 0.02'') لتقديم عصير عالي الجودة.
سهولة الصيانة: مزود بمفتاح خاص للربط وفك السلة.
فتحة إدخال: بقطر 68 مم.
ارتفاع الصنبور: 222 مم (9"") لتحضير العصير في كوب أو إبريق.
الإنتاجية: 100 لتر/ساعة.
",{},{},[],true,2025-01-05 01:55:12+00,2025-02-22 03:38:39+00
483,9,2,63,Cold Press Juicer Nutrisantos 65," 65 - عصارة ضغط بارد Nutrisantos 65",Cold Press Juicer Nutrisantos 65,santos-juicer-cold-press-juicer-nutrisantos-65-483,0.00,,"Commercial cold press juicer: Aluminum body and stainless steel food zone. Equipped with a reliable induction motor. Heavy duty.
A new way of juicing: set your speed (5 to 80rpm) to get the juice you want.
Fresh cold pressed juice made on-demand, in front of the customer. Cold pressed juice retains the maximum amount of nutrients, enzymes minerals and vitamins.
XL chute: Wide chute Ø79.5mm to juice whole fruits and vegetables.
No pre-cutting needed.
Easy to clean: Removable pusher and juicing system for an easy cleaning (dishwasher safe).
Exceptional yield: Maximum juice extraction.","عصارة تجارية بضغط بارد: جسم مصنوع من الألمنيوم ومنطقة طعام من الفولاذ المقاوم للصدأ.
محرك حثي موثوق: متين وقوي.
عملية عصير جديدة: اضبط السرعة للحصول على العصير المطلوب.
احتفاظ بالعناصر الغذائية: يحافظ العصير البارد المضغوط على العناصر الغذائية والمعادن والفيتامينات.
فتحة XL: فتحة واسعة بقطر 79.5 مم للعصر بدون تقطيع مسبق.
سهولة التنظيف: نظام عصر قابل للإزالة وآمن للغسل في غسالة الصحون.
عائد استثنائي: أقصى استخراج للعصير.",{},{},[],true,2025-01-05 01:58:49+00,2025-02-22 03:38:39+00
484,9,2,64,Expert Brushless Blender 62,خلاط بدون فرشاة احترافي 62,Expert Brushless Blender 62,santos-blender-expert-brushless-blender-62-484,0.00,,"The Brushless Blender is the ideal appliance for juice bars, coffee shops, fast food chains, hotels... It makes any kind of cocktails, smoothies, milkshakes, granitas, iced coffee, thanks to its 30 pre-programmed recipes.

First blender in the world equipped with a Brushless motor, which is a revolution on the blenders' market. Unlike universal motors it has no carbon brushes giving it extensive life expectancy and excellent energy efficiency. It is also extremely quiet.

DUAL CRUSHING ACTION: Patented two-way rotation of the blade, unique on the market, perfect for all your frozen drinks. The new blade and new ''Dual Crushing Action'' programs, turning both ways, crush and blend any kind of ingredients in a few second: hard ice cubes, frozen fruits...

Very quiet thanks to its new soundproof hood, brushless motor and vibration-proof jar mat. 

Easy to use: 30 pre-programmed cycles + possibility to create its own recipes (free software + USB port).","محرك بدون فرشاة: أول خلاط في العالم مجهز بمحرك بدون فرشاة، يوفر كفاءة طاقة عالية وعمر افتراضي طويل.
عمل مزدوج للشفرة: دورات الشفرة ثنائية الاتجاه تسحق وتخلط أي مكونات في ثوانٍ.
هادئ للغاية: غطاء عازل للصوت ومحرك بدون فرشاة ووسادة مقاومة للاهتزاز.
برامج متعددة: 30 وصفة مبرمجة مسبقًا مع إمكانية إنشاء وصفات خاصة (برنامج مجاني + منفذ USB).
سهولة التنظيف: مصمم بشكل يجعل التنظيف والصيانة أمرًا سهلاً.
",{},{},[],true,2025-01-05 02:03:22+00,2025-02-22 03:38:39+00
485,9,2,64,Compact Brushless Blender 66," خلاط مدمج بدون فرشاة 66",Compact Brushless Blender 66,santos-blender-compact-brushless-blender-66-485,0.00,,"Brushless motor: low consumption, high performance, silent, durable. It can be used intensively without overheating.
Lid detection: the motor stops when the lid is removed from the jar and when the jar is removed from the base.
Quiet blending technology: it is the quietest blender without sound enclosure on the market.
TiN coated blade: high resistance, adapted to intensive use.
Dual Crushing Action: Patented two-way rotation of the blade.
Programs: Quick blend thanks to 9 optimized programs.
Touchpad: Easy-use touchpad control panel with LCD display.
Stackable jars, graduated in milliliters and ounces, adapted to right-handers and left-handers.","
محرك بدون فرشاة: استهلاك منخفض للطاقة، أداء عالٍ، صامت وطويل العمر. مصمم للاستخدام المكثف دون ارتفاع درجة الحرارة.
تقنية المزج الهادئ: الخلاط الأكثر هدوءًا في السوق بدون غطاء عازل للصوت.
شفرة مغلفة بالتيتانيوم: مقاومة عالية، مناسبة للاستخدام المكثف.
عمل مزدوج للشفرة: دوران ثنائي الاتجاه حاصل على براءة اختراع.
البرامج: 9 برامج محسّنة للحصول على نتائج سريعة.
شاشة لمس: لوحة تحكم بشاشة LCD لسهولة الاستخدام.
أوعية قابلة للتكديس: مدرجة بالمليليترات والأوقيات، تناسب اليد اليمنى واليسرى.
",{},{},[],true,2025-01-05 02:07:14+00,2025-02-22 03:38:39+00
486,9,2,64,Drink Mixer 54,خلاط مشروبات 54,Drink Mixer 54,santos-blender-drink-mixer-54-486,0.00,,"This mixer is a long lasting equipment for commercial use and is equipped with a powerful motor.

Easy to use: the drink mixer has an automatic motor activation with bowl detection.
Speed variation from 8000 to 16000 rpm.
It is delivered with:

2 bowls (24 fl oz/ 0.675 l): 1 stainless steel bowl and 1 transparent bowl.
3 stirrers : 1 universal spherical stirrer, 1 rubber stirrer, 1 winged deep stirrer.","محرك قوي: مصمم للاستخدام التجاري طويل الأمد.
سهولة الاستخدام: يحتوي على نظام تنشيط تلقائي للمحرك عند اكتشاف الوعاء.
سرعة متغيرة: من 8000 إلى 16000 دورة/دقيقة لتلبية متطلبات التحضير المختلفة.
ملحقات متعددة:
وعاءان (0.675 لتر): 1 وعاء من الفولاذ المقاوم للصدأ و1 وعاء شفاف.
3 محركات خلط: 1 محرك كروي عالمي، 1 محرك مطاطي، 1 محرك عميق بجناحين.",{},{},[],true,2025-01-05 02:18:32+00,2025-02-22 03:38:39+00
487,9,2,64,Bar Blender 33,خلاط بار 33,Bar Blender 33,santos-blender-bar-blender-33-487,0.00,,"2 speeds (13 000 rpm and 16 000 rpm), for an easy control of your preparation.
Strong stainless steel blades.
Easy cleaning: removable bowl, cover, bowl base, blade.
Filler-cap to add ingredients while blending.","
سهلة الاستخدام: سرعتان (13000 و16000 دورة/دقيقة) للتحكم السهل في الإعدادات.
شفرات من الفولاذ المقاوم للصدأ: متينة وقوية لتحضير مثالي.
سهولة التنظيف: وعاء قابل للإزالة، غطاء، قاعدة الوعاء، وشفرات.
إضافة المكونات أثناء الخلط: مزود بغطاء يمكن فتحه لإضافة المكونات بسهولة أثناء التشغيل",{},{},[],true,2025-01-05 02:22:18+00,2025-02-22 03:38:39+00
490,9,2,63,Cold Drink Dispenser 34,موزع المشروبات الباردة 34,Cold Drink Dispenser 34,santos-juicer-cold-drink-dispenser-34-490,0.00,,"Easy to use: just press the glass or the jug against the tap to get the drink.
Equipped with a stirring paddle to avoid foaming and oxidation of the beverages.
Reliable refrigeration system: Wide air-cooling condenser to continuously chill the drinks. High pressure hermetically sealed compressor giving the guarantee of a high quality, efficient and long-lasting applince. Compressor designed for tropical countries.
 
A large range of dispensers available:

34-1 (single bowl)  - 12 liter capacity
34-2 (twin bowl)  - 2x12 liter capacity
34-3 (triple bowl)  - 3x12 liter capacity","سهولة الاستخدام: فقط اضغط بالكوب أو الإبريق على الصنبور للحصول على المشروب.
نظام تحريك داخلي: مزود بشفرة تحريك لتجنب الرغوة وأكسدة المشروبات.
نظام تبريد موثوق: مكثف تبريد واسع لتبريد المشروبات باستمرار.
ضاغط عالي الضغط: محكم الإغلاق، مصمم للعمل في المناطق الاستوائية.
سعات متعددة:
وعاء واحد: سعة 12 لتر.
وعاءان: 2 × 12 لتر.
ثلاثة أوعية: 3 × 12 لتر.
",{},{},[],true,2025-01-05 02:34:03+00,2025-02-22 03:38:39+00
491,9,2,64,Kitchen Blender 37,خلاط مطبخ 37,Kitchen Blender 37,santos-blender-kitchen-blender-37-491,0.00,,"High quality blending: variable speed (from 0 to 15000 rpm) creating a powerful vortex. Pulse function (18000 rpm) for an optimal results.
Exclusive patented Santosafe® locking system for bowl and cover, which allows a hands free use.
Filler cap to add ingredients while blending. 
A complete range of bowls is available: 2 liters and 4 liters, stainless steel or transparent (without byshpenol A).","مزج عالي الجودة: سرعة متغيرة (من 0 إلى 15,000 دورة/دقيقة) لإنشاء دوامة قوية.
وظيفة النبض: (18,000 دورة/دقيقة) للحصول على نتائج مثالية.
نظام القفل Santosafe® الحصري: نظام براءة اختراع لقفل الوعاء والغطاء، يسمح بالاستخدام دون استخدام اليدين.
غطاء التعبئة: لإضافة المكونات أثناء المزج.
مجموعة واسعة من الأوعية المتوفرة: سعات 2 لتر و4 لترات، من الفولاذ المقاوم للصدأ أو الشفاف (خالية من مادة Bisphenol A).",{},{},[],true,2025-01-05 02:38:42+00,2025-02-22 03:38:39+00
492,9,3,55,10 Liter Dough Mixer 18,عجانة عجين سعة 10 لتر 18,10 Liter Dough Mixer 18,santos-dough-mixer-10-liter-dough-mixer-18-492,0.00,,"Equipped with a 10 liter stainless steel bowl, it is perfect for pizzerias and bakeries wishing to knead small quanitties of dough.

Its helical fork is designed for a powerful and efficient mixing and offers a perfect oxygenation of the dough.
The mixer has a transparent cover to work in complete safety (machine stops when opening the cover) and there is a side gap to add ingredients safely during kneading. 

Easy to clean: all parts in contact with food are removable.","وعاء من الفولاذ المقاوم للصدأ: مزود بوعاء سعة 10 لتر، مثالي للاستخدام في المطاعم الصغيرة والمخابز لعجن كميات صغيرة من العجين.
شوكة حلزونية: مصممة لمزج قوي وفعال مع توفير أكسجة مثالية للعجين.
غطاء شفاف: للعمل بأمان كامل (يتوقف الجهاز عند فتح الغطاء).
فتحة جانبية: لإضافة المكونات بأمان أثناء العجن.
سهولة التنظيف: جميع الأجزاء الملامسة للطعام قابلة للإزالة للتنظيف السريع.
",{},{},[],true,2025-01-05 02:44:48+00,2025-12-08 13:04:47.773379+00
493,9,2,51,Grater 02,مبشرة 02,Grater 02,santos-food-processor-grater-02-493,0.00,,"A wide range of discs is available to grate hard and soft cheese, chocolate, peanuts and dried fruits...

Its new design facilitates cleaning and maintenance (removable housing and disc).

Safety switch: the machine stops when opening the drawer or lever.

Delivered with 1 standard disc with ø 3 mm holes (other discs available on demand).

Average output: 50kg/hour.","مجموعة واسعة من الأقراص: متوفرة لبشر الجبن الصلب واللين، الشوكولاتة، الفول السوداني والفواكه المجففة...
تصميم جديد: يسهل التنظيف والصيانة (هيكل وقرص قابلان للإزالة).
سلامة الاستخدام: الجهاز يتوقف تلقائيًا عند فتح الدرج أو الرافعة.
ملحقات التوصيل: مزود بقرص قياسي بفتحات ø 3 مم (أقراص أخرى متوفرة حسب الطلب).
متوسط الإنتاج: 50 كجم/ساعة.",{},{},[],true,2025-01-05 02:49:35+00,2025-12-08 13:04:47.773379+00
494,9,2,51,Meat Mincer 12,ماكينة فرم اللحوم 12,Meat Mincer 12,santos-food-processor-meat-mincer-12-494,0.00,,"This is the ideal appliance for the preparation of ground beef, hamburger steak, sausages, pâtés...

It can mince all kinds of meat, including the most difficult ones. 

Mincer body in stainless steel (ø 70 mm).

Reverse mode in case of jamming.

Delivered with 3 different mincing plates: ø 3mm, 4.5mm, and 8mm holes. 

A set of 3 sausages cones is available in option, to use with a special plate with Ø20 mm holes. 

Easy to assemble, dismantle and to clean: all removable parts are dishwasher safe.","الاستخدام المثالي: لتحضير اللحم المفروم، البرغر، النقانق، الباتيه...
مرونة في الاستخدام: يمكن فرم جميع أنواع اللحوم، بما في ذلك الأصعب.
المكونات: جسم المفرمة مصنوع من الفولاذ المقاوم للصدأ (قطر 70 مم).
وضع العكس: للتعامل مع التعطل.
ملحقات: يتم التوصيل مع 3 أقراص فرم مختلفة: ø 3 مم، 4.5 مم، و 8 مم.
خيارات إضافية: مجموعة من 3 أقماع للنقانق، للاستخدام مع صفيحة خاصة بقطر 20 مم.
سهولة التنظيف: يمكن تجميع وفك جميع الأجزاء بسهولة، كما أنها آمنة للغسل في غسالة الصحون.
",{},{},[],true,2025-01-05 02:53:32+00,2025-12-08 13:04:47.773379+00
495,9,4,60,On-demand coffee grinder 59,59 - مطحنة قهوة حسب الطلب 59,On-demand coffee grinder 59,santos-coffee-grinder-on-demand-coffee-grinder-59-495,0.00,,"Integrated LCD display: easy customization of the grinder according to your needs: dose adjustment, statistics, brightness, etc.
Pulse function for a customized dose adjustment.
Easy adjustment: optimal grinding adjustment nut for easy grip.
Portafilter holder for a safe attachment of the portafilter holder. 
Quick: 1 dose dispensed in less than 1 second.
Tamper included, compatible with all portafilters (only versions #59T and #59TW).
Santos manufactured grinding burrs: Ø 63,5 mm grinding discs which are designed and manufactured by Santos for a high quality grinding, precise and fine.
Durability: Availability of spare parts more than 10 years after the manufacture of our appliances.
Fully automatic: the precise dose of coffee for 1 or 2 espressos is directly dispensed when the filter holder is detected.
No dispenser: extra fresh ground coffee.
Silent: 63 dB.
Powerful: commercial reliable induction motor.
Hopper: 1 Kg.
Average output: 25 kg/h.","شاشة LCD مدمجة: تخصيص سهل للطاحونة بناءً على احتياجاتك: تعديل الجرعة، الإحصائيات، السطوع، إلخ.
وظيفة النبض: لتعديل الجرعة حسب الطلب.
تعديل سهل: صامولة ضبط الطحن مصممة لسهولة الاستخدام.
حامل مرشح القهوة: لضمان ثبات المرشح أثناء الاستخدام.
سريعة: جرعة واحدة يتم توزيعها في أقل من ثانية.
طحن دقيق: أقراص طحن بقطر Ø 63.5 مم مصممة ومصنعة من قبل سانتوس لضمان طحن عالي الجودة ودقيق.
التحمل: توفر قطع الغيار لأكثر من 10 سنوات بعد التصنيع.
تلقائية بالكامل: يتم توزيع الجرعة الدقيقة من القهوة لإسبريسو واحد أو اثنين تلقائيًا عند اكتشاف حامل الفلتر.
صامتة: 63 ديسيبل.
قوية: محرك استقرائي تجاري موثوق.
سعة الحاوية: 1 كجم.
متوسط الإنتاج: 25 كجم/ساعة.",{},{},[],true,2025-01-05 02:58:15+00,2025-02-22 03:38:39+00
496,9,4,60,Silent Espresso Coffee Grinder 40A,مطحنة قهوة إسبريسو صامتة 40A,Silent Espresso Coffee Grinder 40A,santos-coffee-grinder-silent-espresso-coffee-grinder-40a-496,0.00,,"Precision grinding: Ø 63,5 mm grinding discs which are designed and manufactured by Santos for a high quality grinding, precise and fine.
Constant dose: precise volumetric dispenser. Easy to adjust the dose (from 6.5g to 9g).
Silent : 63 dB
Powerful: commercial reliable induction motor.
Hopper capacity: 2.2 Kg.
Average output: 8 kg/h","طحن د��يق: أقراص طحن بقطر Ø 63.5 مم، مصممة ومصنعة من قبل سانتوس لضمان جودة طحن عالية ودقيقة.
جرعة ثابتة: موزع جرعات دقيق من النوع الحجمي.
سهولة التعديل: تعديل الجرعة بسهولة من 6.5 غرام إلى 9 غرام.
صامتة: مستوى الضوضاء 63 ديسيبل.
قوية: محرك استقرائي تجاري موثوق.
سعة حاوية الحبوب: 2.2 كجم.
متوسط الإنتاج: 8 كجم/ساعة.",{},{},[],true,2025-01-05 03:03:43+00,2025-02-22 03:38:39+00
497,9,4,60,On-Demand Silent Coffee Grinder 55,مطحنة قهوة صامتة عند الطلب,On-Demand Silent Coffee Grinder 55,santos-coffee-grinder-on-demand-silent-coffee-grinder-55-497,0.00,,"Portafilter holder for a safe attachment of the portafilter. (Version #55BAR et #55W)
Tamper included for the #55BF's version. 
Fully automatic: the precise dose of coffee for 1 or 2 espressos is directly dispensed when the filter holder is detected.
No dispenser: extra fresh ground coffee.
Quick: 1 dose dispensed in less than 1 second.
Precision grinding: Ø 63,5 mm grinding discs which are designed and manufactured by Santos for a high quality grinding, precise and fine.
Silent : 63 dB
Powerful: commercial reliable induction motor.
Hopper: 1 Kg.
Average output: 25 kg/h","حامل مرشح القهوة: لثبات المرشح أثناء الاستخدام (النسخة #55BAR و #55W).
المكبس: مضمن في نسخة #55BF.
تلقائي بالكامل: الجرعة الدقيقة من القهوة لإسبريسو 1 أو 2 يتم توزيعها مباشرة عند الكشف عن مرشح القهوة.
بدون موزع: القهوة المطحونة طازجة للغاية.
سريعة: جرعة واحدة يتم توزيعها في أقل من ثانية.
طحن دقيق: أقراص طحن بقطر Ø 63.5 مم، مصممة ومصنعة من قبل سانتوس لضمان جودة طحن عالية ودقيقة.
صامتة: 63 ديسيبل.
قوية: محرك استقرائي تجاري موثوق.
حاوية الحبوب: سعة 1 كجم.
متوسط الإنتاج: 25 كجم/ساعة.
",{},{},[],true,2025-01-05 03:08:06+00,2025-02-22 03:38:39+00
498,9,4,60,Shop Coffee Grinder With Drawer 01,مطحنة قهوة للمحال مع درج 01,Shop Coffee Grinder With Drawer 01,santos-coffee-grinder-shop-coffee-grinder-with-drawer-01-498,0.00,,"Powerful: commercial reliable induction motor.

Hopper: 1 Kg.

Capacity of the plastic drawer: 800 g (1,8 lbs).

 

Average output: 14 Kg / hour

 

Choose the appropriate version of the grinder #01 and grind all sorts of
coffee and dry spices :
• Coffee grinder with drawer: reference 01
• Coffee grinder with bag holder: reference 01PS
• Pepper grinder with drawer: reference 01P
• Poppy grinder with drawer: reference 01PV","قوية: محرك استقرائي تجاري موثوق.
حاوية الحبوب: سعة 1 كجم.
سعة الدرج البلاستيكي: 800 غرام (1.8 رطل).
متوسط الإنتاج: 14 كجم/ساعة.
اختر النسخة المناسبة من المطحنة رقم 01 لطحن جميع أنواع القهوة والتوابل الجافة:
مطحنة قهوة مع درج: مرجع 01.
مطحنة قهوة مع حامل أكياس: مرجع 01PS.
مطحنة فلفل مع درج: مرجع 01P.
مطحنة بذور الخشخاش مع درج: مرجع 01PV.",{},{},[],true,2025-01-05 03:14:00+00,2025-02-22 03:38:39+00
499,9,4,60,Shop Coffee Grinder With Bag Holder 04," مطحنة قهوة للمحال مع حامل أكياس 04",Shop Coffee Grinder With Bag Holder 04,santos-coffee-grinder-shop-coffee-grinder-with-bag-holder-04-499,0.00,,"Bag Holder: 280 mm (11"") high.

Grinding adjustments: from extra fine to extra coarse.

Horizontal axis grinding discs, with feeding screw.

Simple direct dispensing of the coffee: fresh ground coffee.

 

Precision grinding: Ø 63,5 mm grinding discs which are designed and manufactured by Santos for a high quality grinding, precise and fine.

Powerful: commercial reliable induction motor.

Hopper Capacity: 1 Kg.","حامل أكياس: ارتفاع 280 مم (11"").
إعدادات الطحن: من ناعم جدًا إلى خشن جدًا.
أقراص طحن بمحور أفقي مع برغي تغذية.
توزيع مباشر للقهوة: قهوة طازجة مطحونة.
طحن دقيق: أقراص طحن بقطر Ø 63.5 مم مصممة ومصنعة من قبل سانتوس لضمان جودة طحن عالية ودقيقة.
قوية: محرك استقرائي تجاري موثوق.
حاوية الحبوب: سعة 1 كجم.
",{},{},[],true,2025-01-05 03:18:27+00,2025-02-22 03:38:39+00
500,9,4,60,Silent Shop Coffee Grinder With Bag Holder 43,43 - مطحنة قهوة هادئة للمحال مع حامل أكياس 43,Silent Shop Coffee Grinder With Bag Holder 43,santos-coffee-grinder-silent-shop-coffee-grinder-with-bag-holder-43-500,0.00,,"Bag Holder: 360 mm (11"") high. Accepts bags from 250 gr to 1 kg.



Grinding adjustments: from extra fine to extra coarse.

Horizontal axis grinding discs, with feeding screw.

Simple direct dispensing of the coffee: fresh ground coffee.

Precision grinding: Ø 63,5 mm grinding dics which are designed and manufactured by Santos for a high quality grinding, precise and fine.

Powerful: commercial reliable induction motor.

Silent: 70.4 dBA

Hopper: 1.7 Kg.","حامل أكياس: ارتفاع 360 مم (11"")، يدعم أكياسًا من 250 غرام إلى 1 كجم.
إعدادات الطحن: من ناعم جدًا إلى خشن جدًا.
أقراص طحن بمحور أفقي مع برغي تغذية.
توزيع مباشر للقهوة: قهوة طازجة مطحونة.
طحن دقيق: أقراص طحن بقطر Ø 63.5 مم مصممة ومصنعة من قبل سانتوس لضمان جودة طحن عالية ودقيقة.
قوية: محرك استقرائي تجاري موثوق.
هادئة: مستوى الضوضاء 70.4 ديسيبل.
حاوية الحبوب: سعة 1.7 كجم.
",{},{},[],true,2025-01-05 03:22:32+00,2025-02-22 03:38:39+00
501,9,4,60,Coffee Grinder - Barista Edition 01BAR," مطحنة قهوة - إصدار باريستا 01BAR",Coffee Grinder - Barista Edition 01BAR,santos-coffee-grinder-coffee-grinder---barista-edition-01bar-501,0.00,,"Exclusive santos ø 63,5 mm grinding discs: Santos manufactures its own grinding discs since 1954 to ensure a high quality grinding
Direct dispensing of coffee and ergonomic coffee grinder spout
Micrometric adjustment: Precise micrometric scale to adjust the grinding size: espresso, filter,French press…
Horizontal axis feeding screw.
Powerful: commercial reliable induction motor.
Average output: 14 Kg / hour","أقراص طحن سانتوس ø 63.5 مم الحصرية: سانتوس تصنع أقراصها منذ عام 1954 لضمان طحن عالي الجودة.
توزيع مباشر للقهوة وفتحة مطحنة قهوة مريحة.
ضبط ميكرومتري: مقياس ميكرومتري دقيق لضبط حجم الطحن: إسبرسو، قهوة مرشحة، فرينش بريس...
برغي تغذية بمحور أفقي.
قوية: محرك استقرائي تجاري موثوق.
إنتاج متوسط: 14 كجم/ساعة.",{},{},[],true,2025-01-05 03:27:30+00,2025-02-22 03:38:39+00
502,9,4,60,Coffee Shop Grinder 63,مطحنة مقهى 63,Coffee Shop Grinder 63,santos-coffee-grinder-coffee-shop-grinder-63-502,0.00,,"Perfect to make turkish coffee. 

Stepless micrometric grinding adjustments: from extra fine to extra coarse.

Simple direct dispensing of the coffee: fresh ground coffee.

Bag Holder: 400 mm high. Accepts bags from 250gr to 1 kg.

Vibrating plate: for a better distribution of ground coffee into the bag.

 

Powerful: commercial reliable induction motor.

Silent: 65 dBA

Hopper: 1.2 Kg.

 ","مثالية لتحضير القهوة التركية.
ضبط طحن ميكرومتري متدرج: من ناعم جدًا إلى خشن جدًا.
توزيع مباشر وبسيط للقهوة: قهوة مطحونة طازجة.
حامل أكياس: 400 مم ارتفاع، يدعم أكياس من 250 غرام إلى 1 كجم.
لوحة اهتزاز: لتوزيع أفضل للقهوة المطحونة داخل الكيس.
قوية: محرك استقرائي موثوق تجاريًا.
هادئة: 65 ديسيبل.
سعة الحاوية: 1.2 كجم.
",{},{},[],true,2025-01-05 03:32:37+00,2025-02-22 03:38:39+00
506,36,3,70,Gravity water chillers,Gravity water chillers,Gravity water chillers,macpan-water-chillers-gravity-water-chillers-506,0.00,,"The MR/ECO is cooling equipment directed to the bakery and pastry industries, that allows water conservation at certain temperatures defined by the professionals, providing them with a favourable control in the execution of their recipes. The rigour in monitoring the water temperature as well as the modular construction, which allows the addition of more coolers (for greater cooling capacity), are the main advantages provided by the water cooler MAC.PAN.","The MR/ECO is cooling equipment directed to the bakery and pastry industries, that allows water conservation at certain temperatures defined by the professionals, providing them with a favourable control in the execution of their recipes. The rigour in monitoring the water temperature as well as the modular construction, which allows the addition of more coolers (for greater cooling capacity), are the main advantages provided by the water cooler MAC.PAN.",{},{},[],true,2025-01-06 15:40:39+00,2025-02-22 03:38:39+00
507,36,8,77,Accumulation water chillers,Accumulation water chillers,Accumulation water chillers,macpan-blast-chiller-accumulation-water-chillers-507,0.00,,"The standard equipment includes the electronic regulation of the temperature, the electrical level control with solenoid valve for automatic filling, the water circulation system inside the tank by means of pumps, which serves to accelerate the cooling process, the discharge towards the control unit dosing or directly into the mixer takes place through an electric pump equipped with electronic pressure control, with body completely in brass or stainless steel depending on the size of the machine.","The standard equipment includes the electronic regulation of the temperature, the electrical level control with solenoid valve for automatic filling, the water circulation system inside the tank by means of pumps, which serves to accelerate the cooling process, the discharge towards the control unit dosing or directly into the mixer takes place through an electric pump equipped with electronic pressure control, with body completely in brass or stainless steel depending on the size of the machine.",{},{},[],true,2025-01-06 15:42:55+00,2025-02-22 03:38:39+00
508,36,8,77,Fast water chillers with meters,مبردات مياه سريعة مع عدادات,Fast water chillers with meters,macpan-blast-chiller-fast-water-chillers-with-meters-508,0.00,,"The water chillers are designed to cool the water destined to the creation of mixtures for food products such as bread, pasta etc. They are constructed of stainless steel, the tank and the evaporator coil 304, with fittings and materials from only the European market. The standard equipment includes the electronic regulation of the temperature, the electrical level control with solenoid valve for automatic filling, the water circulation system inside the tank by means of pumps, which serves to accelerate the cooling process, the discharge towards the control unit dosing or directly into the mixer takes place through an electric pump to manual control in the model CWR50D or with an electronic pressure control, with a completely made of brass, in the CWR100D model.",تم تصميم مبردات المياه لتبريد المياه المستخدمة في خلط المنتجات الغذائية مثل الخبز والمعكرونة. يتم تصنيعها بالكامل من الفولاذ المقاوم للصدأ، مع خزان وملف تبريد مصنوعين من الفولاذ المقاوم للصدأ 304. تحتوي المعدات القياسية على تنظيم إلكتروني لدرجة الحرارة، وتحكم كهربائي في مستوى الماء مع صمام تعبئة تلقائي، ونظام تدوير الماء داخل الخزان بواسطة مضخات لتسريع عملية التبريد. يتم التصريف إلى وحدة التحكم أو مباشرة إلى الخلاط عبر مضخة كهربائية تعمل بالتحكم اليدوي أو التحكم الإلكتروني.,{},{},[],true,2025-01-06 15:44:45+00,2025-02-22 03:38:39+00
509,36,3,70,Constant flow water chillers,مبردات مياه بتدفق مستمر,Constant flow water chillers,macpan-water-chillers-constant-flow-water-chillers-509,0.00,,"The constant flow water chillers series CWC they serve to cool the water destined to the creation of mixtures for food products such as bread, pasta, etc. They represent the most high guarantee of hygiene cooling because the water that will be used for food production does not come into contact and never stops inside the cooling tank cause passes inside the tubular stainless exchanger which in turn and 'immersed in a bath full of water cooled by a coil, said evaporator, also made of stainless steel, inside which passes the Freon gas. In this way there is a guarantee that even in the event of breakage of the evaporator tube does not pollute the water to be used for the production, also there will be no problems of deposit on the bottom of the tank or stagnation due to periods of inactivity of the machine.","تم تصميم سلسلة مبردات المياه ذات التدفق المستمر (CWC) لتبريد المياه المستخدمة في صنع المنتجات الغذائية مثل الخبز والمعكرونة. توفر المبردات ضمانًا عاليًا للنظافة حيث لا تتلامس المياه المستخدمة للإنتاج الغذائي مع الخزان مباشرةً، بل تمر عبر مبدل حراري مصنوع من الفولاذ المقاوم للصدأ. هذا التصميم يضمن عدم تلوث المياه حتى في حالة تلف أنبوب المبادل الحراري. كما يمنع تراكم الرواسب أو الركود داخل الخزان أثناء فترات عدم الاستخدام.
",{},{},[],true,2025-01-06 15:49:55+00,2025-02-22 03:38:39+00
511,36,3,55,Spiral mixer with fixed bowl,خلاط حلزوني مع وعاء ثابت مدعم,Spiral mixer with fixed bowl,macpan-dough-mixer-spiral-mixer-with-fixed-bowl-511,0.00,,"The body of the mixer is made of steel, the central tool, spiral arm and protective grid and bowl are all in stainless steel. This type of mixer is suitable for bakeries and cake shops and allows for shorter working times to be obtained. The work cycle can be manual or automatic with 2 speeds, both having programmable timers. It is also possible to change the rotation of bowl during the automatic cycle. Belt drivers eliminate vibration and noise: this system gives a considerable saving in maintenance costs. The low voltage electrical system (24 volts) has an automatic protection system with a very simple control panel for use in automatic or manual mode. The mixer complies with the latest CE regulations.","أفضل طراز في مجموعة MAC.PAN للخلاطات الحلزونية. تم تصميمه للسوق الأمريكية لخلط العجائن المصنوعة من محتوى عالي من الجلوتين أو بنسبة منخفضة من السوائل. كل جزء في الماكينة مدعم، سواء من حيث البنية أو الأجزاء. تتميز بمحركين، ونظام دفع خاص لتقليل الضغط وحلزون كبير، مع إمكانية تركيب محركات أكبر في بعض الطرازات.
",{},{},[],true,2025-01-06 15:56:17+00,2025-02-22 03:38:39+00
512,36,3,55,Spiral mixer with fixed bowl REINFORCED,Spiral mixer with fixed bowl REINFORCED,Spiral mixer with fixed bowl REINFORCED,macpan-dough-mixer-spiral-mixer-with-fixed-bowl-reinforced-512,0.00,,"Top of the MAC.PAN range of spiral mixers. Designed for the US market for mixing doughs made with a high gluten content or with a low percentage of liquid. Every part of the machine is reinforced, both in terms of its structure and its parts. It features 2 motors, a special drive to reduce stress and a large spiral, with possibility of installing larger motors in some models.","Top of the MAC.PAN range of spiral mixers. Designed for the US market for mixing doughs made with a high gluten content or with a low percentage of liquid. Every part of the machine is reinforced, both in terms of its structure and its parts. It features 2 motors, a special drive to reduce stress and a large spiral, with possibility of installing larger motors in some models.",{},{},[],true,2025-01-06 16:01:40+00,2025-02-22 03:38:39+00
513,36,3,55,Spiral mixer with lifter for table,خلاط حلزوني مع رافع للطاولة,Spiral mixer with lifter for table,macpan-dough-mixer-spiral-mixer-with-lifter-for-table-513,0.00,,"The body of the mixer is made of steel, the central tool, spiral arm and protective grid and bowl are all in stainless steel. This type of mixer is suitable for bakeries and cake shops and allows for shorter working times to be obtained. The work cycle can be manual or automatic with 2 speeds, both having programmable timers. It is also possible to change the rotation of bowl during the automatic cycle. Belt drivers eliminate vibration and noise: this system gives a considerable saving in maintenance costs. The low voltage electrical system (24 volts) has an automatic protection system with a very simple control panel for use in automatic or manual mode. The mixer complies with the latest CE regulations.",الجسم مصنوع من الفولاذ، والأداة المركزية، الذراع الحلزوني، شبكة الحماية، والوعاء جميعها مصنوعة من الفولاذ المقاوم للصدأ. هذا النوع من الخلاطات مناسب للمخابز ومتاجر الحلويات، مما يوفر أوقات عمل أقصر. يمكن أن يكون العمل يدويًا أو أوتوماتيكيًا بسرعتين مع مؤقتات قابلة للبرمجة. يمكن أيضًا تغيير دوران الوعاء أثناء الدورة الأوتوماتيكية. نظام التشغيل بالحزام يقلل الاهتزاز والضوضاء، مما يوفر تكاليف صيانة كبيرة. النظام الكهربائي بجهد منخفض (24 فولت) مزود بنظام حماية تلقائي ولوحة تحكم بسيطة للاستخدام اليدوي أو الأوتوماتيكي. يتوافق الخلاط مع أحدث لوائح CE.,{},{},[],true,2025-01-06 16:05:13+00,2025-02-22 03:38:39+00
514,36,3,55,Spiral mixer with lifter for divider,خلاط حلزوني مع رافع لمقسم العجين,Spiral mixer with lifter for divider,macpan-dough-mixer-spiral-mixer-with-lifter-for-divider-514,0.00,,"The body of the mixer is made of steel, the central tool, spiral arm and protective grid and bowl are all in stainless steel. This type of mixer is suitable for bakeries and cake shops and allows for shorter working times to be obtained. The work cycle can be manual or automatic with 2 speeds, both having programmable timers. It is also possible to change the rotation of bowl during the automatic cycle. Belt drivers eliminate vibration and noise: this system gives a considerable saving in maintenance costs. The low voltage electrical system (24 volts) has an automatic protection system with a very simple control panel for use in automatic or manual mode. The mixer complies with the latest CE regulations.","الجسم مصنوع من الفولاذ، والأداة المركزية، الذراع الحلزوني، شبكة الحماية، والوعاء جميعها مصنوعة من الفولاذ المقاوم للصدأ. هذا النوع من الخلاطات مناسب للمخابز ومتاجر الحلويات، مما يوفر أوقات عمل أقصر. يمكن أن يكون العمل يدويًا أو أوتوماتيكيًا بسرعتين مع مؤقتات قابلة للبرمجة. يمكن أيضًا تغيير دوران الوعاء أثناء الدورة الأوتوماتيكية. نظام التشغيل بالحزام يقلل الاهتزاز والضوضاء، مما يوفر تكاليف صيانة كبيرة. النظام الكهربائي بجهد منخفض (24 فولت) مزود بنظام حماية تلقائي ولوحة تحكم بسيطة للاستخدام اليدوي أو الأوتوماتيكي. يتوافق الخلاط مع أحدث لوائح CE.
",{},{},[],true,2025-01-06 16:07:20+00,2025-02-22 03:38:39+00
515,36,3,55,Spiral mixer with removable bowl,خلاط حلزوني مع وعاء قابل للإزالة,Spiral mixer with removable bowl,macpan-dough-mixer-spiral-mixer-with-removable-bowl-515,0.00,,"The automatic spiral mixer with removable bowl is equipped with automatic lifting and coupling. The bowl drive eliminates noise and maintenance. The mixer’s two speeds enable the user to obtain a mixture which is well blended and of a high quality. The body of the mixer is made of heavy duty coated steel. The mixer complies with the latest CE regulations. MSPA 300 and 400 models was designed for industrial production. As well as being totally reconceived from a structural point of view, the greatest novelty can be found in the bowl transmission which is completely new mechanically with two friction wheels, and no longer one as with the other models.The spiral transmission fitted is the same used for the other models.
","الخلاط الحلزوني الأوتوماتيكي مع وعاء قابل للإزالة مزود برفع وتثبيت تلقائي. نظام تشغيل الوعاء يضمن تقليل الضوضاء والصيانة. يوفر الخلاط بسرعتيه مزيجًا متجانسًا وعالي الجودة. الجسم مصنوع من الفولاذ المطلي الثقيل. يتوافق الخلاط مع أحدث لوائح CE. تم تصميم طرازي MSPA 300 و400 للإنتاج الصناعي. من الناحية الهيكلية، تم إعادة تصميم ناقل الحركة للوعاء ليصبح بنظام عجلات احتكاك مزدوجة، بدلاً من واحدة كما في الطرازات الأخرى.
",{},{},[],true,2025-01-06 16:10:18+00,2025-02-22 03:38:39+00
516,36,3,55,Tilting lifter for table,رافع هيدروليكي للطاولة,Tilting lifter for table,macpan-dough-mixer-tilting-lifter-for-table-516,0.00,,"The tilting lift for the removable bowl saves the operator time and efort when removing the dough from the bowl. Thanks to the oil-hydraulic system, all operations can be carried out safely and silently.","يوفّر الرافع المائل للوعاء القابل للإزالة الوقت والجهد للمشغل عند إزالة العجين من الوعاء.
بفضل النظام الهيدروليكي بالزيت، يمكن تنفيذ جميع العمليات بأمان وهدوء.",{},{},[],true,2025-01-06 16:13:53+00,2025-02-22 03:38:39+00
517,36,3,55,Fork mixer,خلاط شوكي,Fork mixer,macpan-dough-mixer-fork-mixer-517,0.00,,"VL 40 and VL 80: Ideal mixer for artisan bakery and pizzeria workshops, with a dough capacity of 40 kg or in the version with a dough capacity of 80 kg.It is equipped with a fixed stainless steel bowl, transmissions with double gearbox in oil bath for bowl movement and tool movement and wheels as standard.Among the options we have the stainless steel scraper and two digital timers on the 80 kg model.

VL 160 and VL 200: Ideal mixer for medium to large bakery, pizzeria and fresh pasta laboratories. Conceived and built in thick carpentry and highly reliable mechanical transmissions. The two versions have a maximum mixing capacity of 160 kg and 200 kg. both versions are equipped with transmission with gearmotor in oil bath for both the movement of the fork tool and the bowl. Machine movement wheels are standard. Among the options we have the stainless steel scraper and two digital timers from 0 to 99 minutes, with memory.","VL 40 وVL 80: مثالية للمخابز الحرفية وورش البيتزا، بسعة عجين 40 كجم أو 80 كجم.

مزودة بوعاء ثابت من الفولاذ المقاوم للصدأ.
نقل الحركة عبر علبة تروس مزدوجة مغمورة بالزيت لحركة الوعاء والأداة.
عجلات قياسية.
الخيارات تشمل مكشطة من الفولاذ المقاوم للصدأ ومؤقتين رقميين على طراز 80 كجم.
VL 160 وVL 200: مثالية للمخابز المتوسطة والكبيرة ومعامل البيتزا والمكرونة الطازجة.

مصممة بمتانة عالية ونقل حركة ميكانيكي موثوق.
السعات القصوى للخلط هي 160 كجم و200 كجم.
كلا الطرازين مزودان بعلبة تروس مغمورة بالزيت لحركة أداة الخلط والوعاء.
عجلات حركة الماكينة قياسية.
الخيارات تشمل مكشطة من الفولاذ المقاوم للصدأ ومؤقتين رقميين من 0 إلى 99 دقيقة مع ميزة الحفظ.
",{},{},[],true,2025-01-06 16:18:11+00,2025-02-22 03:38:39+00
518,36,3,55,French style fork mixer,خلاط شوكي بالطراز الفرنسي,French style fork mixer,macpan-dough-mixer-french-style-fork-mixer-518,0.00,,"This mixer is suitable for medium/soft dough for baguettes and other types of traditional French bread. Equipped with bowl locking system to keep the speed constant.
Can be supplied with manual, semiautomatic and automatic controls.","هذا الخلاط مناسب للعجين المتوسط/الطري مثل عجائن الباجيت وأنواع أخرى من الخبز الفرنسي التقليدي.
مزود بنظام تثبيت للوعاء للحفاظ على ثبات السرعة.
يمكن توفيره بتحكم يدوي، شبه أوتوماتيكي، وأوتوماتيكي.",{},{},[],true,2025-01-06 16:22:56+00,2025-02-22 03:38:39+00
519,36,3,55,Twin arm mixer,خلاط ذو ذراعين مزدوجين,Twin arm mixer,macpan-dough-mixer-twin-arm-mixer-519,0.00,,"• 2 Speeds
• No Timers
INV
• With inverter (BPM display)
• With digital timer
• Man/auto functions


INV/PROG
• With inverter
• 5 programmable steps (speed + timer)
• 99 Recipes
• Man/auto functions
• With bowl impulse button","سرعتان.
بدون مؤقت.
مع عاكس (عرض BPM).
مع مؤقت رقمي.
وظائف يدوية/أوتوماتيكية.
مع عاكس.
5 خطوات قابلة للبرمجة (سرعة + مؤقت).
99 وصفة.
وظائف يدوية/أوتوماتيكية.
زر لدفع وعاء الخلط.
",{},{},[],true,2025-01-06 16:26:10+00,2025-02-22 03:38:39+00
520,36,3,71,Manual dividers,مقسّمات العجين اليدوية,Manual dividers,macpan-dividers-manual-dividers-520,0.00,,"The simplicity of handling combined with the robustness that characterizes it, make the MAC.PAN manual divider an equipment up to the most demanding challenges.
Don't think it's a model outdated model in time, this is timeless equipment with fans all over the world.
Ideal for cutting bakery and pastry doughs, the SMTAs are suitable for different realities, recipes and operators.
Built with a maximum capacity of 3 and 8 kg, in divisions 8, 15, 20, 30 units.","البساطة في الاستخدام إلى جانب المتانة التي تميزها تجعل مقسّم العجين اليدوي MAC.PAN جهازًا يمكنه مواجهة أصعب التحديات.
ليست نموذجًا قديمًا بل هو معدات خالدة تحظى بشعبية حول العالم.
مثالية لتقطيع عجائن الخبز والمعجنات.
مناسبة لاحتياجات مختلفة، وصفات، والمشغلين.
السعات المتاحة: 3 و 8 كجم، مقسمة إلى 8، 15، 20، 30 وحدة.
",{},{},[],true,2025-01-07 15:34:43+00,2025-02-22 03:38:39+00
521,36,3,71,Dough dividers and rounders,ماكينات تقسيم وتدوير العجين,Dough dividers and rounders,macpan-dividers-dough-dividers-and-rounders-521,0.00,,"ROUNDERS
Bun rounding divider is a machine that cut a piece of raw dough into small portions and, using an oscillating plate, subsequently roll each piece to obtain balls of the same weight and shape, all in a few seconds.

MANUAL ROUNDERS
Mechanically driven machine. The step of pressing, cutting and end rounding is carried out with the levers of the forming chamber while the adjustment is made by means of a yoke with a numerical scale.","ماكينة تدوير وتقسيم الكعك تقسم قطعة من العجين الخام إلى أجزاء صغيرة.
باستخدام لوحة متأرجحة، يتم تدوير كل قطعة لاحقًا للحصول على كرات ذات وزن وشكل موحد، وكل ذلك في غضون ثوانٍ.
MANUAL ROUNDERS

ماكينة تعمل ميكانيكيًا.
تتم خطوات الضغط، التقطيع، والتدوير النهائي باستخدام روافع غرفة التشكيل.
يتم إجراء الضبط باستخدام مشبك مع مقياس رقمي.",{},{},[],true,2025-01-07 15:37:39+00,2025-02-22 03:38:39+00
522,36,3,71,Automatic dough dividers and rounders,ماكينات تقسيم وتدوير العجين الأوتوماتيكية,Automatic dough dividers and rounders,macpan-dividers-automatic-dough-dividers-and-rounders-522,0.00,,"ROUNDERS
Bun rounding divider is a machine that cut a piece of raw dough into small portions and, using an oscillating plate, subsequently roll each piece to obtain balls of the same weight and shape, all in a few seconds.

AUTOMATIC ROUNDERS
Control panel with the possibility of adjusting the pressing, rounding and opening time of the molding chamber. Possibility to save 9 different programs.","ROUNDERS

ماكينة تدوير وتقسيم الكعك تقسم قطعة من العجين الخام إلى أجزاء صغيرة.
باستخدام لوحة متأرجحة، يتم تدوير كل قطعة لاحقًا للحصول على كرات ذات وزن وشكل موحد، وكل ذلك في غضون ثوانٍ.
AUTOMATIC ROUNDERS

لوحة تحكم توفر إمكانية ضبط الضغط، التدوير، ووقت فتح غرفة التشكيل.
إمكانية حفظ 9 برامج مختلفة.
",{},{},[],true,2025-01-07 15:40:02+00,2025-02-22 03:38:39+00
523,36,3,71,Manual dough dividers,Manual dough dividers,Manual dough dividers,macpan-dividers-manual-dough-dividers-523,0.00,,"DIVIDERS
Divider is a fast and reliable machine that cut a piece of raw dough into various and deired portions, also offers the possibility of creating different forms, without spoiling the product's characteristics.

MANUAL DIVIDERS
Mechanical machine. Pressing, cutting andknife cleaning are carried out using levers.","DIVIDERS
Divider is a fast and reliable machine that cut a piece of raw dough into various and deired portions, also offers the possibility of creating different forms, without spoiling the product's characteristics.

MANUAL DIVIDERS
Mechanical machine. Pressing, cutting andknife cleaning are carried out using levers.",{},{},[],true,2025-01-07 15:42:33+00,2025-02-22 03:38:39+00
524,36,3,71,Semi-automatic dough dividers,Semi-automatic dough dividers,Semi-automatic dough dividers,macpan-dividers-semi-automatic-dough-dividers-524,0.00,,"SEMI AUTOMATIC DIVIDERS
Mechanical Hydraulic machine, with one double-acting cylinder for pressing and cutting. All functions are carried out using a joystick, which allows very simple and rapid pressing, pressing and cutting and knife cleaning.","SEMI AUTOMATIC DIVIDERS
Mechanical Hydraulic machine, with one double-acting cylinder for pressing and cutting. All functions are carried out using a joystick, which allows very simple and rapid pressing, pressing and cutting and knife cleaning.",{},{},[],true,2025-01-07 15:46:44+00,2025-02-22 03:38:39+00
525,36,3,71,Automatic dough dividers,Automatic dough dividers,Automatic dough dividers,macpan-dividers-automatic-dough-dividers-525,0.00,,"AUTOMATIC DIVIDERS
Hydraulic machine, with one double- acting cylinder for pressing and cutting. Control panel that allows adjustment of pressing and cutting. Knife cleaning button. Can store up to 9 different programs.","AUTOMATIC DIVIDERS
Hydraulic machine, with one double- acting cylinder for pressing and cutting. Control panel that allows adjustment of pressing and cutting. Knife cleaning button. Can store up to 9 different programs.",{},{},[],true,2025-01-07 15:50:44+00,2025-02-22 03:38:39+00
526,36,3,71,Volumetric divider vacuum system," ماكينة تقسيم حجمية بنظام تفريغ",Volumetric divider vacuum system sv 80,macpan-dividers-volumetric-divider-vacuum-system-sv-80-526,12000.00,,"Volumetric vacuum divider with short or long conveyor belt. It's also available in the version with one or two pistons, or with rounding device, or with forming baguettes plate on an independent motorized exit belt. A line for the production of pizza and/ or panettone is available with pressure hopper and touch screen machine.
","ماكينة تقسيم حجمية تعمل بنظام تفريغ مع حزام ناقل قصير أو طويل.
متوفرة بنسخة تحتوي على مكبس واحد أو اثنين، أو مع جهاز تشكيل، أو مع لوح تشكيل خبز الباجيت على حزام خروج بمحرك مستقل.
يمكن تجهيز خط إنتاج للبيتزا و/أو البانيتوني مع قادوس ضغط وماكينة تعمل بنظام شاشة لمس.",{},{},[],true,2025-01-07 15:53:25+00,2025-02-22 03:38:39+00
527,36,3,72,Conical rounder," ماكينة تشكيل مخروطية",Conical rounder,macpan-dough-rounder-conical-rounder-527,0.00,,"Ideal for rounding both medium and soft dough with up to 70% water to flour ratio. The rounding effect is achieved by means of a cone that, while rotating, rolls the dough along a concave spiral-shaped channel, thus producing spherical loaves.
It can be equipped with a hot and cold air ventilation system which allows, with the slight drying of the surface, to perfectly process even the most humid doughs.
The standard equipment includes an automatic flourduster. The channels are Teflon-coated to help dough slide, thus ensuring easiest operation.
MPCR: The channels distance from the cone can be adjusted in order to get the same accuracy of form over the 30 gr. - 1600 gr. range. Thanks to this system it is also possible to calibrate the rounding force and the pieces tightness.

","
مثالية لتشكيل العجين المتوسط والناعم بنسبة ماء إلى دقيق تصل إلى 70%.
يتم تحقيق تأثير التشكيل من خلال مخروط يدور ويلف العجين على طول قناة حلزونية مقعرة، مما ينتج عنه أرغفة كروية الشكل.
يمكن تجهيز الماكينة بنظام تهوية للهواء الساخن والبارد، مما يسمح بمعالجة العجين الرطب بشكل مثالي عن طريق تجفيف خفيف للسطح.
تشمل المعدات القياسية رشاش دقيق أوتوماتيكي.
القنوات مطلية بالتفلون لتسهيل انزلاق العجين، مما يضمن سهولة التشغيل.
MPCR: يمكن ضبط المسافة بين القنوات والمخروط للحصول على دقة تشكيل متساوية في النطاق من 30 جرامًا إلى 1600 جرامًا.
يتيح هذا النظام أيضًا إمكانية ضبط قوة التشكيل وثبات القطع.
",{},{},[],true,2025-01-07 15:57:31+00,2025-02-22 03:38:39+00
528,36,3,72,Belt rounder for soft doughs,ماكينة تشكيل عجين بالحزام للعجين الطري,Belt rounder for soft doughs,macpan-dough-rounder-belt-rounder-for-soft-doughs-528,0.00,,"The band rounder is the appropriate machine for rounding soft dough. There are two lenghts available, 1400 mm and 1900 mm","تعتبر ماكينة الحزام المستدير الخيار الأمثل لتشكيل العجين الطري.
متوفرة بطولين: 1400 مم و1900 مم.",{},{},[],true,2025-01-07 16:00:12+00,2025-02-22 03:38:39+00
529,36,3,72,Rounding machine for pizza balls,ماكينة تشكيل كرات البيتزا**,Rounding machine for pizza balls,macpan-dough-rounder-rounding-machine-for-pizza-balls-529,0.00,,"This machine is very innovative because it exploits the force of gravity and causes the dough to roll up through the natural rising movement of the auger. Indispensable tool for pizzerias and bakeries, it facilitates work by reducing preparation times.","تعتمد هذه الماكينة على الجاذبية لتدوير العجين من خلال الحركة التصاعدية الطبيعية للمثقب.
أداة لا غنى عنها في المطاعم والمخابز، تسهل العمل وتقلل من أوقات التحضير.
",{},{},[],true,2025-01-07 16:02:26+00,2025-02-22 03:38:39+00
530,36,3,72,Rounding machine for dough balls 50gr - 1kg," Rounding Machine for Dough Balls 50g - 1kg - ماكينة تشكيل كرات العجين (50 جم - 1 كجم)**",Rounding machine for dough balls 50gr - 1kg,macpan-dough-rounder-rounding-machine-for-dough-balls-50gr---1kg-530,0.00,,"This machine is very innovative because it exploits the force of gravity and causes the dough to roll up through the natural rising movement of the auger. Make perfect dough balls the easy way with MAC.PAN's Heavy Duty Dough Baller! Thanks to our rounder we can prepare portions of: Pizza/Tortillas/Bread Rolls/ Roti/Pita Bread/Chipote/Ethnic Foods.

A rounder allows you to be much more efficient and maintain consistent results for every ball of dough. Thanks to the STANDARD inverter it is possible to adjust the speed of the machine according to the hydration of the dough and the required production.","تستفيد هذه الماكينة من قوة الجاذبية لتدوير العجين بشكل طبيعي من خلال الحركة التصاعدية للمثقب.
مثالية لتشكيل كرات عجين البيتزا/التورتيلا/خبز البرغر/روتي/خبز البيتا/الإثنيات الغذائية.
تعمل الماكينة على تحقيق الكفاءة والحفاظ على نتائج متسقة لكل كرة عجين.
بفضل العاكس القياسي، يمكن ضبط سرعة الماكينة وفقًا لترطيب العجين ومتطلبات الإنتاج.
",{},{},[],true,2025-01-07 16:04:45+00,2025-02-22 03:38:39+00
531,36,3,73,Dynamic intermediate proofer,جهاز تخمير وسيط ديناميكي,Dynamic intermediate proofer,macpan-proofers-dynamic-intermediate-proofer-531,0.00,,The Intermediate proofer model IP1500 is a dynamic type model (the dough pieces change of pocket several times inside the proofer). It is robust and reliable and it can load pieces up to 2500g.,"
نموذج جهاز التخمير الوسيط IP1500 هو نموذج ديناميكي (تتغير قطع العجين مكانها عدة مرات داخل الجهاز).
يتميز بالقوة والموثوقية ويمكنه تحميل قطع العجين التي يصل وزنها إلى 2500 جم.",{},{},[],true,2025-01-07 16:07:45+00,2025-02-22 03:38:39+00
532,36,3,73,Static intermediate proofers,Name: Static Intermediate Proofers - جهاز تخمير وسيط ثابت,Static intermediate proofers,macpan-proofers-static-intermediate-proofers-532,0.00,,"The intermediate proofer model IP 93 is an accurate and reliable machine, with so reduced size that it passes totally erected through a standard 2,10 m height and 0,8 m width door.
Its function is to give the necessary resting time to the recently divided dough portions, in order to let them lose the tensions acquired in that process and ease its lengthing in the next step of the productive process: the forming.

Double security photosensor at the loading
Protection grid at the loading hopper of approx 800mm
Crouzet PLC controller
Fast change intermediate relays
Reliable thermical overload relays of first brands only
Stainless steel pannels
Felt, polyethylene or independent baskets
Super strong baskets made of soldered stainelss steel structural profile
CE Certificate","نموذج جهاز التخمير الوسيط IP 93 هو جهاز دقيق وموثوق، بحجم صغير جداً بحيث يمكنه المرور بالكامل عبر باب قياسي بارتفاع 2.10 م وعرض 0.8 م.
وظيفته إعطاء العجين المقسّم حديثاً الوقت اللازم للراحة لتقليل التوترات المكتسبة خلال هذه العملية وتسهيل تمدده في الخطوة التالية من العملية الإنتاجية: التشكيل.
ميزات أمان مزدوجة:
مستشعر صور مزدوج عند التحميل.
شبكة حماية في قادوس التحميل بطول حوالي 800 مم.
وحدة تحكم PLC Crouzet.
تغييرات سريعة في مرحلات التوسط.
مرحلات حرارية موثوقة لحماية الزائد من علامات تجارية أولى فقط.
ألواح من الفولاذ المقاوم للصدأ.
سلال فائقة القوة مصنوعة من ملف هيكلي من الفولاذ المقاوم للصدأ الملحوم.
شهادة CE.
",{},{},[],true,2025-01-07 16:10:26+00,2025-02-22 03:38:39+00
533,36,3,73,Intermediate proofer for baguettes,جهاز تخمير وسيط للباكيت,Intermediate proofer for baguettes,macpan-proofers-intermediate-proofer-for-baguettes-533,0.00,,"Capacity indicated are approximate. Many factors come into play such as kind of dough, resting, moulding, placement... those informations can change the number of loaf per gutters. *Bread de 100g, **Bread de 945g","السعة الموضحة تقريبية وتعتمد على عوامل مثل نوع العجين، الراحة، التشكيل، والتنسيق.
*خبز وزن 100 جم، *خبز وزن 945 جم.",{},{},[],true,2025-01-07 16:12:42+00,2025-02-22 03:38:39+00
534,36,3,74,Sandwiches slicer,Sandwiches Slicer - قاطع شطائر,Sandwiches slicer,macpan-bread-slicers-sandwiches-slicer-534,0.00,,"OP is an horizontal slicer. It allows the full or partial slicing of loaves (sandwiches, buns). The cutting height and also the cutting depth are adjustable.
* Possibility to have the base","
آلة تقطيع أفقية OP تتيح تقطيع الأرغفة بشكل كامل أو جزئي (شطائر، كعك).
يمكن ضبط ارتفاع وعمق التقطيع.
إمكانية تخصيص القاعدة حسب الطلب.
",{},{},[],true,2025-01-08 00:12:36+00,2025-02-22 03:38:39+00
535,36,3,74,Manual bread slicer," قاطع خبز يدوي",Manual bread slicer,macpan-bread-slicers-manual-bread-slicer-535,0.00,,"MINI
The table top bread slicer is a semi automatic bread slicer which means that it can be operated by pulling the lever. Our machines are long lasting products with low vibration and noise level.

MPT
State of art design with robust structure and long lifetime. Easier operation by pulling the lever. Optimal solution for bakery shops, supermarkets and small / medium bakeries.

","MINI: قاطع خبز شبه أوتوماتيكي يمكن تشغيله بسحب الرافعة. تتميز الماكينات بالمتانة والاهتزاز والضوضاء المنخفضة.
MPT: تصميم حديث وهيكل قوي وعمر افتراضي طويل. تشغيل أسهل عن طريق سحب الرافعة. الحل الأمثل لمتاجر المخابز والسوبرماركت والمخابز الصغيرة / المتوسطة.
",{},{},[],true,2025-01-08 00:15:58+00,2025-02-22 03:38:39+00
536,36,3,74,Bread Slicer Model - MPT 500,قاطع خبز أوتوماتيكي,Bread Slicer Model - MPT 500,macpan-bread-slicers-bread-slicer-model---mpt-500-536,19500.00,,High quality bread slicer which do the slicing cycle after pushing the start button. The machine can also be equipped with a sensor which start the slicing after the operator place the bread on the back table. There is also possible the order the machine with the regulation of the bread pushing speed.,"قاطع خبز أوتوماتيكي عالي الجودة يقوم بدورة التقطيع بعد الضغط على زر التشغيل.
يمكن تجهيز الجهاز بمستشعر يبدأ التقطيع تلقائيًا عند وضع الخبز على الطاولة الخلفية.
يمكن طلب الجهاز بخيار تنظيم سرعة دفع الخبز.",{},{},[],true,2025-01-08 00:18:06+00,2025-12-08 13:04:47.773379+00
537,36,3,74,Automatic bread slicer,Automatic Bread Slicer - قاطع خبز أوتوماتيكي,Automatic bread slicer,macpan-bread-slicers-automatic-bread-slicer-537,0.00,,"DUAL model: with two different or two similar slice thicknesses. Two machines in one body + 50% speed!
Motorized height adjustment of the upper belt
MPT AUT:
Our industrial series of bread slicers are designed for intensive working environment. Durability, high capacity and low maintenance were the most important viewpoints when we designed this machine.
","نموذج DUAL: يتيح تقطيع الخبز بسماكتين مختلفتين أو متشابهتين. جهازان في هيكل واحد + سرعة إضافية بنسبة 50%!
ضبط ارتفاع الحزام العلوي بشكل آلي.
MPT AUT: سلسلة صناعية من قواطع الخبز مصممة لبيئات العمل المكثفة. تم تصميم هذه الآلة مع التركيز على المتانة، السعة العالية، والصيانة المنخفضة.
",{},{},[],true,2025-01-08 00:25:41+00,2025-02-22 03:38:39+00
538,36,3,74,Bread sticks machine,Bread Sticks Machine - آلة صنع أعواد الخبز,Bread sticks machine,macpan-bread-slicers-bread-sticks-machine-538,0.00,,"MGRA25 / MGRA25L / MGRA40L
It’s mass-supplied with adjustable press so as to make even the thickness of dough when entering in the die.
The cut of dough can be carried out by manual electric control or through programming by timer for continuous duty.
All surfaces in touch with dough are in Stainless Steel.
Diese are easily interchangeable with the only intervention on two knobs.
The speed of the exit belt is regulable for being adapted to every type of product in order to avoid stretching or accumulation of dough.
The assembling system on the trolley has been studied so as to obtain a minimum volume of space in rest position.","MGRA25 / MGRA25L / MGRA40L:
مزود بضاغط قابل للتعديل لتوحيد سماكة العجين قبل دخول القالب.
يمكن قطع العجين يدويًا، عبر التحكم الكهربائي، أو من خلال البرمجة بواسطة مؤقت للعمل المستمر.
جميع الأسطح التي تلامس العجين مصنوعة من الفولاذ المقاوم للصدأ.
القوالب قابلة للتبديل بسهولة عبر استخدام مقبضين فقط.
سرعة حزام الإخراج قابلة للتعديل لتلائم جميع أنواع المنتجات ولتجنب تمدد أو تراكم العجين.
نظام التركيب على العربة مصمم لتوفير الحد الأدنى من المساحة عند الوضع في وضعية الراحة.",{},{},[],true,2025-01-08 00:28:42+00,2025-02-22 03:38:39+00
539,36,3,74,Bread grinder,Bread Grinder - مطحنة الخبز,Bread grinder,macpan-bread-slicers-bread-grinder-539,0.00,,"The bread mills are machines that are used to produce bread crumbs starting from dried bread.

There granulometry of the product that comes out of the machine is variable depending on the size of the holes of the filter network which is mounted in the machine and is easily replaceable. The range of machines available from the engine 1 HP three phase for the model 100 kg / hour, 3 HP for 300 kg / hour and 5 HP for 500 Kg/hour. Recently, the market also requires fresh breadcrumbs, we designed and implemented a sharp group stainless steel which is mounted on the machine from 5 HP to make it suitable also for this production.","تُستخدم مطاحن الخبز لإنتاج فتات الخبز بدءًا من الخبز المجفف.
يتم تحديد حجم الحبيبات الناتجة حسب حجم ثقوب شبكة الفلتر المثبتة في الجهاز، ويمكن استبدالها بسهولة.
متوفرة بعدة موديلات: محرك بقوة 1 حصان للموديل 100 كجم/ساعة، 3 حصان لـ 300 كجم/ساعة، و5 حصان لـ 500 كجم/ساعة.
لتلبية الطلب على فتات الخبز الطازج، تم تصميم مجموعة شفرات مصنوعة من الفولاذ المقاوم للصدأ لتناسب إنتاج الخبز الطازج مع الماكينة بقوة 5 حصان.
",{},{},[],true,2025-01-08 00:32:02+00,2025-02-22 03:38:39+00
540,30,8,78,DFSG 500 AF - Scooping Ice cream freezer,DFSG 500 AF - فريزر سكوب آيس كريم,DFSG 500 AF - Scooping Ice cream freezer,klimasan--freezer-dfsg-500-af---scooping-ice-cream-freezer-540,0.00,,"Mechanical thermostat, digital thermometer, white body, 8 PP
Containers, class 5, prepainted inner, R404/R290 gas, no sticker,
with castors, UK plug, Temperature -15/-230C, Embraco/Cubigel
compressor, Voltage 220-240/50hz, made in Turkey
Capacity : 467 Ltrs",ثرموستات ميكانيكي، مقياس حرارة رقمي، هيكل أبيض، 8 حاويات PP، فئة 5، طلاء داخلي مسبق الطلاء، غاز R404/R290، بدون ملصق، مع عجلات، قابس بريطاني، درجة حرارة -15/-23 درجة مئوية، ضاغط Embraco/Cubigel، جهد التشغيل 220-240/50 هرتز، صنع في تركيا، السعة: 467 لتر,{},{},[],true,2025-01-08 01:00:27+00,2025-02-22 03:38:39+00
544,30,8,78,DFSG 400 AF - Scooping Ice cream freezer,DFSG 400 AF - فريزر آيس كريم سكوب,DFSG 400 AF - Scooping Ice cream freezer,klimasan--freezer-dfsg-400-af---scooping-ice-cream-freezer-544,0.00,,"Mechanical thermostat, digital thermometer , white body, 7 PP
Containers, class 5, prepainted inner, R404 gas, no sticker, with
castors, UK plug , Temperature -15/-230C, Embraco/Cubigel
compressor, Voltage 220-240/50hz, made in Turkey
Capacity : 381 Ltrs","ثرموستات ميكانيكي، مقياس حرارة رقمي، هيكل أبيض، 7 حاويات PP، فئة 5، طلاء داخلي مسبق الطلاء، غاز R404، بدون ملصق، مع عجلات، قابس بريطاني، درجة حرارة -15/-23 درجة مئوية، ضاغط Embraco/Cubigel، جهد التشغيل 220-240/50 هرتز، صنع في تركيا، السعة: 381 لتر

",{},{},[],true,2025-01-08 01:30:13+00,2025-02-22 03:38:39+00
547,30,8,78,400 DFSG - Horizontal Ice cream freezer,400 DFSG - فريزر آيس كريم أفقي,400 DFSG - Horizontal Ice cream freezer,klimasan--freezer-400-dfsg---horizontal-ice-cream-freezer-547,0.00,,"4/5 Baskets, Lid -AC Aluminium lid, Lid Lock,
R404/R290, Mechanical controller, Digital Thermometer,
Metallic Inner Body, Temperature -18/-230C, Uk plug, Class ,
Embraco/Cubigel compressor, Voltage 220-240/50hz, made in Turkey
Capacity : 410 Ltrs","4/5 سلال، غطاء AC من الألومنيوم، قفل الغطاء، غاز R404/R290، وحدة تحكم ميكانيكية، مقياس حرارة رقمي، هيكل داخلي معدني، درجة حرارة -18/-23 درجة مئوية، قابس بريطاني، ضاغط Embraco/Cubigel، جهد التشغيل 220-240/50 هرتز، صنع في تركيا، السعة: 410 لتر
",{},{},[],true,2025-01-08 01:40:41+00,2025-02-22 03:38:39+00
548,30,8,78,300 DFSG - Horizontal Ice cream freezer,300 DFSG - فريزر آيس كريم أفقي,300 DFSG - Horizontal Ice cream freezer,klimasan--freezer-300-dfsg---horizontal-ice-cream-freezer-548,0.00,,"4 baskets, Lid - FF, Aluminum frame, Lids Lock, white inner body and
outer body, metallic type inner body, R290, Temperature-18/-230C,
Mechanical Controller,Digital Thermometer, Uk plug, Class 5,
Castors, 1xLed, 2 adjustable separators/each basket,made in Turkey
Capacity : 303 Ltrs","4 سلال، غطاء FF بإطار ألومنيوم، قفل الغطاء، هيكل داخلي وخارجي أبيض، نوع هيكل معدني داخلي، غاز R290، درجة حرارة -18/-23 درجة مئوية، وحدة تحكم ميكانيكية، مقياس حرارة رقمي، قابس بريطاني، فئة 5، عجلات، إضاءة LED، فواصل قابلة للتعديل لكل سلة، صنع في تركيا، السعة: 303 لتر
",{},{},[],true,2025-01-08 01:42:27+00,2025-02-22 03:38:39+00
554,32,8,76,Chef Base Refrigerator,ثلاجة بقاعدة للطهاة,HDSCB-36-2,hds-commercial-refrigerator-hdscb-36-2-554,0.00,,"• Electronic control system makes it easy to adjust temperature set point and defrost frequency.
• Slide out refrigeration condensing unit makes it easy to access condenser for cleaning and service.
• Heavy-duty pull handles.
• These units use HYDROCARBON R290 refrigerant, which is environmentally friendly and more efficient than R134a/R404a refrigerant.","نظام تحكم إلكتروني: يسهل ضبط درجة الحرارة وتكرار إذابة الجليد.
وحدة تبريد قابلة للسحب: تسهل الوصول إلى المكثف للتنظيف والصيانة.
مقابض قوية ومتينه.
استخدام غاز التبريد R290 الصديق للبيئة: الأكثر كفاءة من R134a/R404a.
",{},{},[],true,2025-01-09 01:44:54+00,2025-02-22 03:38:39+00
556,32,5,68,Horizontal Bottle Cooler,مبرد الزجاجات الأفقي,HDSBC-26,hds-ice-maker-hdsbc-26-556,0.00,,"• Electronic control system makes it easy to adjust temperature set point and defrost frequency.
• Slide out refrigeration condensing unit makes it easy to access condenser for cleaning and service.
• Adjustable coated-steel dividers included.
• These units use HYDROCARBON R290 refrigerant, which is environmentally friendly and more efficient than R134a/R404a refrigerant.","نظام تحكم إلكتروني: يسهل ضبط درجة الحرارة وتكرار إذابة الجليد.
وحدة تبريد قابلة للسحب: تسهل الوصول إلى المكثف للتنظيف والصيانة.
فواصل فولاذية مغلفة قابلة للتعديل مضمنة.
استخدام غاز التبريد R290 الصديق للبيئة: الأكثر كفاءة من R134a/R404a.",{},{},[],true,2025-01-09 01:46:33+00,2025-02-22 03:38:39+00
557,32,5,68,Glass Froster,مبرّد الأكواب الزجاجية,HDSGF-26,hds-ice-maker-hdsgf-26-557,0.00,,"• Electronic control system makes it easy to adjust temperature set point and defrost frequency.
• Slide out refrigeration condensing unit makes it easy to access condenser for cleaning and service.
• These units use HYDROCARBON R290 refrigerant, which is environmentally friendly and more efficient than R134a/R404a refrigerant.","نظام تحكم إلكتروني: يسهل ضبط درجة الحرارة وتكرار إذابة الجليد.
وحدة تبريد قابلة للسحب: تسهل الوصول إلى المكثف للتنظيف والصيانة.
استخدام غاز التبريد R290 الصديق للبيئة: الأكثر كفاءة من R134a/R404a.
",{},{},[],true,2025-01-09 01:47:48+00,2025-02-22 03:38:39+00
558,32,5,68,Direct Draw Beer Dispenser – 27’’ Depth Series," موزع البيرة المباشر - عمق 27 بوصة",HDSDD-27,hds-ice-maker-hdsdd-27-558,0.00,,"• Preinstalled 4” heavy-duty casters with brakes.
• Option of leveling feet available.
• Self-Closing doors with locks.
• LED interior lighting.
• Slide out refrigeration condensing unit makes it easy to access condenser for cleaning and service.
• These units use HYDROCARBON R290 refrigerant, which is environmentally friendly and more efficient than R134a/R404a refrigerant.","عجلات ثقيلة مدمجة 4 بوصات مع فرامل.
خيارات أقدام قابلة للتسوية متوفرة.
أبواب ذاتية الإغلاق مع أقفال.
إضاءة داخلية LED.
وحدة تبريد قابلة للسحب: تسهل الوصول إلى المكثف للتنظيف والصيانة.
استخدام غاز التبريد R290 الصديق للبيئة: الأكثر كفاءة من R134a/R404a.**
",{},{},[],true,2025-01-09 01:50:16+00,2025-02-22 03:38:39+00
559,32,5,68,Direct Draw Beer Dispenser – 24’’ Depth Series,موزع البيرة المباشر - عمق 24 بوصة,HDSDD-24,hds-ice-maker-hdsdd-24-559,0.00,,"• Preinstalled 4” heavy-duty casters with brakes.
• Option of leveling feet available.
• Self-Closing doors with locks.
• LED interior lighting.
• Slide out refrigeration condensing unit makes it easy to access condenser for cleaning and service.
• These units use HYDROCARBON R290 refrigerant, which is environmentally friendly and more efficient than R134a/R404a refrigerant.","• عجلات ثقيلة بقطر 4 بوصات مثبتة مسبقًا مع فرامل.
• خيار إضافة أقدام قابلة للتسوية متوفر.
• أبواب تغلق ذاتيًا ومزودة بأقفال.
• إضاءة LED داخلية.
• وحدة التبريد القابلة للسحب تسهل الوصول إلى المكثف للتنظيف والصيانة.
• هذه الوحدات تستخدم المبرد HYDROCARBON R290، وهو صديق للبيئة وأكثر كفاءة من المبردات R134a/R404a.
",{},{},[],true,2025-01-09 01:51:58+00,2025-02-22 03:38:39+00
561,32,5,68,Granular Ice – Undercounter,آلة جليدية حبيبية – تحت المنضدة,HDSIGV-130,hds-ice-maker-hdsigv-130-561,0.00,,"• Intuitive Diagnostics and Controls – For ease of maintenance, a built-in diagnostic system will identify problems that your ice machine may be having and will display the issue on the digital controller so it can be repaired accordingly.
• Stainless Steel Construction – Constructed of durable type 304 stainless steel with a polyethylene interior, HDS ice machines are built to last in the busiest commercial environments. They are also non-corrosive, making them ideal for settings that are high in moisture and humidity.
• Included Ice Scoop & Blue LED Lights – Included with each unit is an ice scoop and a hook to hang it on, so it is always within convenient reach when you need it. Blue LED Lights illuminate the interior of the ice bin, providing a clear view of the ice. This makes it easier to monitor ice levels and scoop out the ice.","التشخيص الذكي والتحكم – لسهولة الصيانة، يتيح النظام المدمج التشخيص الفوري للمشكلات عبر الشاشة الرقمية.
• هيكل من الفولاذ المقاوم للصدأ – مصمم من الفولاذ المقاوم للصدأ عالي الجودة من نوع 304 مع تصميم داخلي من البولي إيثيلين، مما يجعله متينًا في البيئات التجارية المزدحمة وغير قابل للتآكل.
• مغرفة ثلج مدمجة وإضاءة LED زرقاء – يتضمن كل جهاز مغرفة ثلج وخطاف لتعليقها، مما يجعلها سهلة الوصول. تضيف الإضاءة الزرقاء LED رؤية واضحة لمراقبة مستويات الثلج واستخدامه بسهولة.",{},{},[],true,2025-01-09 01:54:54+00,2025-02-22 03:38:39+00
562,32,5,68,Granular Ice – Modular,آلة جليدية حبيبية – وحدات,HDSIGM-550,hds-ice-maker-hdsigm-550-562,0.00,,"• Intuitive Diagnostics and Controls – For ease of maintenance, a built-in diagnostic system will identify problems that your ice machine may be having and will display the issue on the digital controller so it can be repaired accordingly.
• Stainless Steel Construction – Constructed of durable type 304 stainless steel with a polyethylene interior, HDS ice machines are built to last in the busiest commercial environments. They are also non-corrosive, making them ideal for settings that are high in moisture and humidity.
• Included Ice Scoop & Blue LED Lights – Included with each unit is an ice scoop and a hook to hang it on, so it is always within convenient reach when you need it. Blue LED Lights illuminate the interior of the ice bin, providing a clear view of the ice. This makes it easier to monitor ice levels and scoop out the ice.","التشخيص الذكي والتحكم – لسهولة الصيانة، يتيح النظام المدمج التشخيص الفوري للمشكلات عبر الشاشة الرقمية.
• هيكل من الفولاذ المقاوم للصدأ – مصمم من الفولاذ المقاوم للصدأ عالي الجودة من نوع 304 مع تصميم داخلي من البولي إيثيلين، مما يجعله متينًا في البيئات التجارية المزدحمة وغير قابل للتآكل.
• مغرفة ثلج مدمجة وإضاءة LED زرقاء – يتضمن كل جهاز مغرفة ثلج وخطاف لتعليقها، مما يجعلها سهلة الوصول. تضيف الإضاءة الزرقاء LED رؤية واضحة لمراقبة مستويات الثلج واستخدامه بسهولة.
",{},{},[],true,2025-01-09 01:56:15+00,2025-02-22 03:38:39+00
563,32,5,68,Flake Ice – Modular," آلة جليدية رقائقية – وحدات",HDSIFM-660,hds-ice-maker-hdsifm-660-563,0.00,,"• Intuitive Diagnostics and Controls – For ease of maintenance,a built-in diagnostic system will identify problems that your ice machine may be having and will display the issue on the digital controller so it can be repaired accordingly.
• Stainless Steel Construction – Constructed of durable type 304 stainless steel with a polyethylene interior, HDS ice machines are built to last in the busiest commercial environments. They are also non-corrosive, making them ideal for settings that are high in moisture and humidity.
• Included Ice Scoop & Blue LED Lights – Included with each unit is an ice scoop and a hook to hang it on, so it is always within convenient reach when you need it. Blue LED Lights illuminate the interior of the ice bin, providing a clear view of the ice. This makes it easier to monitor ice levels and scoop out the ice.","• التشخيص الذكي والتحكم – لسهولة الصيانة، يتيح النظام المدمج التشخيص الفوري للمشكلات عبر الشاشة الرقمية.
• هيكل من الفولاذ المقاوم للصدأ – مصمم من الفولاذ المقاوم للصدأ عالي الجودة من نوع 304 مع تصميم داخلي من البولي إيثيلين، مما يجعله متينًا في البيئات التجارية المزدحمة وغير قابل للتآكل.
• مغرفة ثلج مدمجة وإضاءة LED زرقاء – يتضمن كل جهاز مغرفة ثلج وخطاف لتعليقها، مما يجعلها سهلة الوصول. تضيف الإضاءة الزرقاء LED رؤية واضحة لمراقبة مستويات الثلج واستخدامه بسهولة",{},{},[],true,2025-01-09 01:57:42+00,2025-02-22 03:38:39+00
565,32,5,68,Cube Ice – Modular,مكعبات الثلج – وحدة مستقلة,HDSICM-350,hds-ice-maker-hdsicm-350-565,0.00,,"• Intuitive Diagnostics and Controls – For ease of maintenance, a built-in diagnostic system will identify problems that your ice machine may be having and will display the issue on the digital controller so it can be repaired accordingly.
• This easy-to-use controller can also be used to monitor the current stage of ice production that your machine is in. It also allows you to adjust the thickness of the ice, so that you can produce ice to your exact requirements, and initiate the cleaning cycle (and displays what stage of the cycle you’re in).
• Stainless Steel Construction – Constructed of durable type 304 stainless steel with a polyethylene interior, HDS ice machines are built to last in the busiest commercial environments. They are also non-corrosive, making them ideal for settings that are high in moisture and humidity.
• Included Ice Scoop & Blue LED Lights – Included with each unit is an ice scoop and a hook to hang it on, so it is always within convenient reach when you need it. Blue LED Lights illuminate the interior of the ice bin, providing a clear view of the ice. This makes it easier to monitor ice levels and scoop out the ice.","تشخيص وتحكم ذكي:
يتميز الجهاز بنظام تشخيص مدمج لتحديد المشكلات بسهولة. يعرض النظام المشكلة على وحدة التحكم الرقمية لإصلاحها بسرعة. كما يمكن استخدام وحدة التحكم لمراقبة مرحلة إنتاج الثلج الحالية وضبط سمك الثلج لتلبية احتياجاتك. بالإضافة إلى ذلك، يمكن بدء دورة التنظيف ومراقبة مرحلتها الحالية.
هيكل من الفولاذ المقاوم للصدأ:
مصنوعة من الفولاذ المقاوم للصدأ عالي التحمل (نوع 304) مع تصميم داخلي من البولي إيثيلين، مما يجعل الجهاز متينًا ومقاومًا للتآكل حتى في البيئات ذات الرطوبة العالية.
مغرفة ثلج وإضاءة LED زرقاء مدمجة:
يحتوي الجهاز على مغرفة ثلج وخطاف لتعليقها في مكان يسهل الوصول إليه. كما توفر مصابيح LED الزرقاء إضاءة واضحة لداخل صندوق الثلج، مما يسهل مراقبة مستويات الثلج واستخراجها.

",{},{},[],true,2025-01-09 02:00:46+00,2025-02-22 03:38:39+00
566,32,5,68,Cube Ice – Dispenser,مكعبات الثلج – موزع,HDSICD-350,hds-ice-maker-hdsicd-350-566,0.00,,"• Intuitive Diagnostics and Controls – For ease of maintenance, a built-in diagnostic system will identify problems that your ice machine may be having and will display the issue on the digital controller so it can be repaired accordingly.
• This easy-to-use controller can also be used to monitor the current stage of ice production that your machine is in. It also allows you to adjust the thickness of the ice, so that you can produce ice to your exact requirements, and initiate the cleaning cycle (and displays what stage of the cycle you’re in).
• Stainless Steel Construction – Constructed of durable type 304 stainless steel with a polyethylene interior, HDS ice machines are built to last in the busiest commercial environments. They are also non-corrosive, making them ideal for settings that are high in moisture and humidity.
• Included Ice Scoop & Blue LED Lights – Included with each unit is an ice scoop and a hook to hang it on, so it is always within convenient reach when you need it. Blue LED Lights illuminate the interior of the ice bin, providing a clear view of the ice. This makes it easier to monitor ice levels and scoop out the ice.","تشخيص وتحكم ذكي:
تم تجهيز الجهاز بنظام تشخيص مدمج يعرض المشاكل ويتيح إصلاحها بسرعة عبر الشاشة الرقمية. يمكن استخدام وحدة التحكم أيضًا لمراقبة مرحلة إنتاج الثلج وضبط سمك الثلج لتلبية احتياجاتك الخاصة.
هيكل مقاوم للرطوبة:
مصنوعة من الفولاذ المقاوم للصدأ عالي الجودة (نوع 304) والمناسب للاستخدام في البيئات الرطبة والرطبة.
مغرفة ثلج وإضاءة LED زرقاء:
تأتي مغرفة الثلج مع خطاف لتعليقها بسهولة. الإضاءة الزرقاء LED توفر رؤية واضحة داخل صندوق الثلج لتسهيل مراقبة الكمية وسحب الثلج.
",{},{},[],true,2025-01-09 02:01:45+00,2025-02-22 03:38:39+00
567,32,5,68,Crescent Ice – Modular,مكعبات الثلج الهلالية – وحدة مستقلة,HDSICSM-320,hds-ice-maker-hdsicsm-320-567,0.00,,"• Intuitive Diagnostics and Controls – For ease of maintenance, a built-in diagnostic system will identify problems that your ice machine may be having and will display the issue on the digital controller so it can be repaired accordingly.
• This easy-to-use controller can also be used to monitor the current stage of ice production that your machine is in. It also allows you to adjust the thickness of the ice, so that you can produce ice to your exact requirements, and initiate the cleaning cycle (and displays what stage of the cycle you’re in).
• Stainless Steel Construction – Constructed of durable type 304 stainless steel with a polyethylene interior, HDS ice machines are built to last in the busiest commercial environments. They are also non-corrosive, making them ideal for settings that are high inmoisture and humidity.
• Included Ice Scoop & Blue LED Lights – Included with each unit is an ice scoop and a hook to hang it on, so it is always within
convenient reach when you need it. Blue LED Lights illuminate the interior of the ice bin, providing a clear view of the ice. This
makes it easier to monitor ice levels and scoop out the ice.","تشخيص وتحكم ذكي:
يتيح النظام المدمج تشخيص المشكلات بسهولة عبر الشاشة الرقمية. يمكن ضبط سمك الثلج حسب الحاجة ومراقبة دورة التنظيف الحالية.
مواد متينة وعالية الجودة:
مصنوعة من الفولاذ المقاوم للصدأ (نوع 304) مع تصميم داخلي غير قابل للتآكل، مما يجعلها مناسبة للبيئات الرطبة مع متطلبات إنتاج مكثفة.
ملحقات مفيدة:
تتضمن مغرفة ثلج مع خطاف لتعليقها بشكل منظم، وإضاءة LED زرقاء توفر رؤية واضحة داخل صندوق الثلج لتسهيل الاستخدام.",{},{},[],true,2025-01-09 02:03:28+00,2025-02-22 03:38:39+00
568,32,5,68,Chewblet Ice – Modular," ثلج قابض – وحدة مستقلة",HDSICWM-550,hds-ice-maker-hdsicwm-550-568,0.00,,"• Intuitive Diagnostics and Controls – For ease of maintenance, a built-in diagnostic system will identify problems that your ice machine may be having and will display the issue on the digital controller so it can be repaired accordingly.
• Stainless Steel Construction – Constructed of durable type 304 stainless steel with a polyethylene interior, HDS ice machines are built to last in the busiest commercial environments. They are also non-corrosive, making them ideal for settings that are high in moisture and humidity.
• Included Ice Scoop & Blue LED Lights – Included with each unit is an ice scoop and a hook to hang it on, so it is always within convenient reach when you need it. Blue LED Lights illuminate the interior of the ice bin, providing a clear view of the ice. This makes it easier to monitor ice levels and scoop out the ice.","تشخيص وتحكم ذكي:
تم تجهيز الجهاز بنظام تشخيص مدمج يعرض المشاكل على وحدة التحكم الرقمية لتسهيل صيانته. يمكن للنظام مراقبة مرحلة إنتاج الثلج وضبط سماكة الثلج حسب الحاجة.
هيكل من الفولاذ المقاوم للصدأ:
الهيكل مصنوع من الفولاذ المقاوم للصدأ عالي الجودة (نوع 304) مع تصميم داخلي من البولي إيثيلين، مما يجعله متينًا ومقاومًا للرطوبة العالية.
مغرفة ثلج وإضاءة LED زرقاء:
يحتوي الجهاز على مغرفة ثلج وخطاف لتعليقها، مع إضاءة LED زرقاء توفر رؤية واضحة داخل صندوق الثلج، مما يسهل مراقبة كمية الثلج وسحبه.
",{},{},[],true,2025-01-09 02:04:11+00,2025-02-22 03:38:39+00
569,32,8,76,Bullet Ice – Undercounter,ثلج رصاصي – تحت الطاولة,HDSIBV-55,hds-commercial-refrigerator-hdsibv-55-569,0.00,,"• Intuitive Diagnostics and Controls – For ease of maintenance, a built-in diagnostic system will identify problems that your ice
machine may be having and will display the issue on the digital controller so it can be repaired accordingly.
• This easy-to-use controller can also be used to monitor the current stage of ice production that your machine is in. It
also allows you to adjust the thickness of the ice, so that you can produce ice to your exact requirements, and initiate the cleaning cycle (and displays what stage of the cycle you’re in).
• Stainless Steel Construction – Constructed of durable type 304 stainless steel with a polyethylene interior, HDS ice machines are built to last in the busiest commercial environments. They are also non-corrosive, making them ideal for settings that are high in moisture and humidity.
• Included Ice Scoop & Blue LED Lights – Included with each unit is an ice scoop and a hook to hang it on, so it is always within convenient reach when you need it. Blue LED Lights illuminate the interior of the ice bin, providing a clear view of the ice. This makes it easier to monitor ice levels and scoop out the ice.","تشخيص وتحكم ذكي:
يتيح النظام المدمج تشخيص المشكلات بسهولة عبر الشاشة الرقمية. يمكن ضبط سمك الثلج حسب الحاجة ومراقبة دورة التنظيف.
هيكل مقاوم للرطوبة:
مصنوعة من الفولاذ المقاوم للصدأ عالي الجودة (نوع 304) مع تصميم داخلي من البولي إيثيلين، مما يجعلها مناسبة للاستخدام في البيئات ذات الرطوبة العالية.
ملحقات مفيدة:
تتضمن مغرفة ثلج مع خطاف لتعليقها بشكل منظم، وإضاءة LED زرقاء توفر رؤية واضحة داخل صندوق الثلج لتسهيل الاستخدام.",{},{},[],true,2025-01-09 02:05:46+00,2025-02-22 03:38:39+00
570,39,2,48,"Vulcan C24EA5 5 Pan Electric Countertop Convection Steamer "," فولكان C24EA5 – جهاز تبخير كهربائي كونفيكشن مع 5 صواني على سطح العمل",C24EA5?PLUS,vulcan-cooking-ranges-c24ea5plus-570,67000.00,,"Stainless steel exterior and cooking compartment with coved interior corners.
Leveling feet.
Manual control with 60 minute timer.
High output stainless steel steam generator with manual drain Smart Drain System (timed drain) with PowerFlush.
Heavy duty door and door latch mechanisms with gasket guard.
Shipped for 208/60-50/3 electrical service. Can be field converted to 208/60-50/1 and 240/60-50/3 and 240/60-50/1.
Split water line connection. 1-1/2"" NPT drain connection.
One year limited parts and labor warranty","
تصميم خارجي وحجرة طهي من الفولاذ المقاوم للصدأ بزوايا داخلية منحنية.
مزود بأرجل قابلة للتعديل.
تحكم يدوي مع مؤقت 60 دقيقة.
مولد بخار عالي الكفاءة من الفولاذ المقاوم للصدأ مع تصريف يدوي.
نظام تصريف ذكي (تصريف مُجدول) مع PowerFlush.
آلية باب متينة مع حارس مانع للتسرب.
مصمم للتشغيل بخدمة كهربائية 208/60-50/3.
قابل للتحويل ميدانيًا إلى 208/60-50/1 و240/60-50/3 و240/60-50/1.
اتصال خط مياه مزدوج.
وصلة تصريف بحجم 1-1/2 بوصة NPT.
ضمان محدود لمدة عام واحد على الأجزاء والعمل.
",{},{},[],true,2025-01-14 11:58:38+00,2025-02-22 03:38:39+00
571,39,2,48,"Vulcan STAND-28YSGL Stand for Vulcan "," حامل فولكان STAND-28YSGL لفولكان",STAND-28YSGL,vulcan-cooking-ranges-stand-28ysgl-571,16900.00,,"If your establishment is currently facing space constraints, we have just the solution for your ovens. Take a look a this Vulcan STAND-28YSGL Stand for Vulcan Ovens. It measures 24""L x 27-7/16""W x 28""H and can support 12""L x 20""W food pans or 18""L x 26""W sheet pans (sold separately).

This equipment stand features a sturdy stainless-steel frame and removable pan slides that are highly durable and can resist rust and corrosion. This convection oven stand measures 28"" in height but there is also a taller height option to suit the needs of your business operations.",إذا كان مكان عملك يواجه حاليًا قيودًا في المساحة، لدينا الحل المناسب لأفرانك. ألق نظرة على حامل فولكان STAND-28YSGL الخاص بأفران فولكان. أبعاده 24 بوصة طول × 27-7/16 بوصة عرض × 28 بوصة ارتفاع، ويمكنه دعم أوعية طعام مقاس 12 بوصة × 20 بوصة أو صواني مقاس 18 بوصة × 26 بوصة (تُباع بشكل منفصل). يتميز حامل المعدات بإطار قوي من الفولاذ المقاوم للصدأ وألواح قابلة للإزالة للأوعية، وهي متينة للغاية ومقاومة للصدأ والتآكل. يبلغ ارتفاع هذا الحامل 28 بوصة، ولكن هناك أيضًا خيار ارتفاع أطول لتلبية احتياجات عملياتك التشغيلية.,{},{},[],true,2025-01-14 12:05:08+00,2025-02-22 03:38:39+00
572,41,5,68,Scotsman Meridian Series Ice and Water Dispenser,موزع الماء والثلج سلسلة سكوتسمان ميريديان,HID312 Meridian,scotsman-ice-maker-hid312-meridian-572,36000.00,,"Performance - Up to 260 lbs. of ice production in 24 hours, with storage capacity of up to 12 lbs.
Smarter Construction - Durable stainless steel evaporator and exterior panels.  Greaseless bearings for reduced maintenance.  Larger sink opening and dispensing area.  Antimicrobial AquaArmor with AgION is molded into key components.
Space maximizing design - The industry's smallest operational footprint relative to capacity.  Featuring specially designed contoured sides for enhanced breathability and an external air filter.
More convenient front access - Removable front panels allow ease of access and service to all key internal components.  Including a removable storage bin for better cleaning and maintenance access.
Enhanced service features - Intuitive LED diagnostic lights reduce service time.  Unit specific QR code for quick access to service manuals and warranty history. ","الأداء: إنتاج يصل إلى 260 رطل من الثلج خلال 24 ساعة، مع سعة تخزين تصل إلى 12 رطل.
البنية الذكية: مبخر متين وألواح خارجية مصنوعة من الفولاذ المقاوم للصدأ. محامل خالية من الشحم لتقليل الصيانة. فتحة مغسلة أوسع ومنطقة توزيع أكبر. مضاد للميكروبات AquaArmor مع AgION مدمج في المكونات الرئيسية.
تصميم موفر للمساحة: أصغر حجم تشغيل نسبيًا مقارنة بالسعة في الصناعة، مع جوانب مصممة خصيصًا لتحسين التهوية وفلتر هواء خارجي.
وصول أمامي أكثر سهولة: ألواح أمامية قابلة للإزالة تتيح سهولة الوصول إلى جميع المكونات الداخلية الرئيسية وصيانتها، بما في ذلك صندوق تخزين قابل للإزالة لتنظيف وصيانة أفضل.
ميزات خدمة محسّنة: أضواء تشخيصية LED بديهية تقلل من وقت الخدمة. رمز QR مخصص للوصول السريع إلى أدلة الخدمة وسجل الضمان.
",{},{},[],true,2025-01-17 12:21:16+00,2025-12-08 13:04:47.773379+00
573,41,5,68,HST16-A," إتش إس تي 16-",HST16-A,scotsman-ice-maker-hst16-a-573,5950.00,,This stand makes it easy to access your machine (sold separately) so you can keep your unit from taking up your precious counter space. The stand is designed to provide a sturdy operating base for your ice machine and water dispenser that's out of the way of you and your staff. Made of durable stainless steel for easy cleaning and maintenance.,"هذا الحامل يسهل الوصول إلى الماكينة (تُباع بشكل منفصل) بحيث يمكنك إبقاء الجهاز بعيدًا عن مساحة المنضدة الثمينة لديك. تم تصميم الحامل لتوفير قاعدة تشغيل قوية لماكينة الثلج وموزع الماء، مما يتيح لك وللعاملين لديك المساحة للعمل. مصنوع من الفولاذ المقاوم للصدأ المتين لسهولة التنظيف والصيانة.
",{},{},[],true,2025-01-17 16:09:36+00,2025-12-08 13:04:47.773379+00
574,32,2,48,THS Electric Waffle Maker Double 620 X 380 X 285mm,لاسم: ماكينة صنع الوافل الكهربائية المزدوجة,D-HF-4-4(D-HF-4-2),hds-cooking-ranges-d-hf-4-4d-hf-4-2-574,1800.00,,"Prepare two waffles simultaneously for efficient cooking, perfect for any gathering or personal indulgence
Boasts a powerful 4KW rating and works with 220-240V/50Hz for quick and efficient waffle-making
Compact dimensions of 620 x 380 x 285 mm ensure it fits seamlessly in your kitchen without taking up excessive space
Proudly manufactured in China, it's built to last with high-quality materials, ensuring durability and consistent performance
Experiment with various waffle types, from classic Belgian to creative dessert variations, thanks to its versatile design","
إعداد مزدوج: تحضر قطعتين من الوافل في نفس الوقت، مما يزيد من كفاءة التحضير
طاقة قوية: يعمل بقوة 4 كيلوواط لضمان طهي سريع ومتساوٍ
تصميم مضغوط: يوفر مساحة في المطبخ دون الحاجة إلى مساحة كبيرة
مواد عالية الجودة: مصنوعة من مواد متينة لضمان الاستمرارية والأداء الفعال
متعددة الاستخدامات: يمكنك تحضير مختلف أنواع الوافل، من البلجيكي إلى وصفات الحلوى المبتكرة",{},{},[],true,2025-01-21 13:46:46+00,2025-02-22 03:38:39+00
575,32,2,52,Knife Cupboard,الاسم: خزانة تعقيم السكاكين بالأشعة فوق البنفسجية,M2-10NP,hds-category-m2-10np-575,1300.00,,"  MZ10P     
   MZ20P (  ):

: 1060 
: 150 
: 646 
: 20 
 : 8000 
 : 50 
   MZ20SP ( ):

  MZ20P     
","Specifications MZ10P Not Lockable

Width (mm) 580
Height (mm) 150
Depth (mm) 646
Weight (kg) 12
Lamp: lifespan 8000 h
25 blades
Specifications MZ10SP Lockable

Width (mm) 580
Height (mm) 150
Depth (mm) 646
Weight (kg) 12
Lamp: lifespan 8000 h
25 blades
Specifications MZ20P Not Lockable

Width (mm) 1060
Height (mm) 150
Depth (mm) 646
Weight (kg) 20
Lamp: lifespan 8000 h
50 blades
Specifications MZ20SP Lockable

Width (mm) 1060
Height (mm) 150
Depth (mm) 646
Weight (kg) 20
Lamp: lifespan 8000 h
50 blades",{},{},[],true,2025-01-21 13:55:32+00,2025-02-22 03:38:39+00
576,32,2,48,Milan Toast Toaster 6 Slots,الاسم: محمصة خبز ميلان توست 6 فتحات,7260,hds-cooking-ranges-7260-576,2250.00,,"230V / 4.8 kW
Timer
Indicator light
Separate on / off switch per slot
Manual lever","الوصف:

إعداد مزدوج: تحضر قطعتين من الوافل في نفس الوقت، مما يزيد من كفاءة التحضير
طاقة قوية: يعمل بقوة 4 كيلوواط لضمان طهي سريع ومتساوٍ
تصميم مضغوط: يوفر مساحة في المطبخ دون الحاجة إلى مساحة كبيرة
مواد عالية الجودة: مصنوعة من مواد متينة لضمان الاستمرارية والأداء الفعال
متعددة الاستخدامات: يمكنك تحضير مختلف أنواع الوافل، من البلجيكي إلى وصفات الحلوى المبتكرة",{},{},[],true,2025-01-21 14:02:19+00,2025-02-22 03:38:39+00
577,32,2,48,burners commercial induction cooker,الاسم: موقد حثي تجاري بموقدين,ALP-CX002,hds-cooking-ranges-alp-cx002-577,1250.00,,"application	Household
housing material	Metal
voltage (v)	220
place of origin	Guangdong, China
after-sales service provided	Free spare parts
warranty	1 Year
model number	ALP-CX002
brand name	AILIPU
Product Name	Commercial Induction cooker
Control type	Sensor Touch
Body material	Stainless steel
Bottom case material	Stainless steel
Product Size(mm)(L*H*W)	750*430*145
Glass plate size(mm)	280*280
Loading quantity(pcs) (20''/ 40'')	385/935
Gift box	3 layer
Carton box	5 layer
Timer	Yes","الاستخدام: منزلي وتجاري
الخامة: مصنوع بالكامل من الفولاذ المقاوم للصدأ، مع قاعدة سفلية فولاذية مقاومة للحرارة
ضمان: سنة واحدة (قطع غيار مجانية لما بعد البيع)
التغليف: صندوق هدايا مكون من 3 طبقات، كرتون حماية من 5 طبقات
المؤقت: نعم، مزود بمؤقت زمني
سهل التنظيف: سطح زجاجي مقاوم للبقع
تصميم أنيق: مناسب للمطابخ الاحترافية والفنادق ",{},{},[],true,2025-01-21 14:12:53+00,2025-02-22 03:38:39+00
578,32,2,48,Flat Induction Cooker,الاسم: موقد الحث الكهربائي المسطح,C3514-S,hds-cooking-ranges-c3514-s-578,875.00,,"Power: 1.8kW-3kW

Voltage: 120V-240V

Net Weight: 6Kg

Temperature: 60-240 Degrees

Dimension: 350mm x 130mm x 450mm

Product Code: PK-C3514-S","الطاقة: من 1.8kW إلى 3kW
الجهد الكهربائي: 120V - 240V
درجة الحرارة: تتراوح من 60 إلى 240 درجة مئوية
كود المنتج: PK-C3514-S
تصميم أنيق: مصنوع من زجاج كريستالي أسود عالي الجودة
سهل التنظيف: سطح الطهي مقاوم للبقع وسهل المسح
مثالي للاستخدام التجاري: مطاعم، فنادق، وكافيتريات
",{},{},[],true,2025-01-21 14:21:06+00,2025-02-22 03:38:39+00
579,55,3,54,"Menumaster Microwave Oven, 34 L, 1000 W, 55.9 x 43.8 x 34.9 cm",الاسم: فرن ميكروويف Menumaster - 34 لتر، 1000 واط,RCS511TSU,menu-master-ovens-rcs511tsu-579,2500.00,,"A versatile microwave oven suitable for commercial kitchens, cafes, and restaurants, ideal for reheating, cooking, and defrosting a variety of foods.
Features a spacious 34-liter capacity, stainless steel exterior and interior for easy cleaning and durability.
Offers 20 programmable timing pads, digital display, and 4 power levels for precise control over cooking times and power levels.
Designed for high-volume use, with a powerful 1000W output and 230V power supply.
Measures 55.9 cm x 43.8 cm x 34.9 cm in size.","مثالي للمطابخ التجارية والمقاهي والمطاعم
يتميز بسعة كبيرة تبلغ 34 لترًا
تصميم مقاوم للصدأ: سهل التنظيف ومتين
شاشة رقمية وأزرار تحكم سهلة الاستخدام
يوفر طاقة عالية تصل إلى 1000 واط، مما يجعله مناسبًا للاستخدام المكثف
يعمل على تسخين الطعام وإذابة الثلج بفعالية وسرعة
مثالي للمطابخ ذات الأحجام الكبيرة بفضل سعته الواسعة وأدائه القوي",{},{},[],true,2025-01-21 14:28:34+00,2025-02-22 03:38:39+00
580,41,5,68,Self Contained Ice Machine 25 kg,الاسم: ماكينة صنع الثلج ذاتية التشغيل – 25 كجم,AC 47,scotsman-ice-maker-ac-47-580,0.00,,"• Produces individual Gourmet crystal clear ice cubes.
• Resistant stainless steel exterior.
• Advanced diagnostics computerized controls.
• Front panel in and out airflow (air-cooled model only) for built-in installation.
• Front access condenser air filter, removable and washable (air cooled
model only).
• Ergonomically designed ice storage access, with disappearing door. Door-closing movement dampening system.
• Water system protected by patented anti-scale system.
• Legs are not included and must be ordered separately as an accessory","تنتج مكعبات ثلج كريستالية شفافة بجودة عالية
هيكل مقاوم للصدأ: مصنوع من الفولاذ المقاوم للصدأ
تحكم إلكتروني متقدم: نظام تشخيص ذاتي لمراقبة الأداء
تدفق هواء أمامي وخلفي: يسمح بالتثبيت المدمج (للطرازات المبردة بالهواء فقط)
فلتر مكثف أمامي قابل للإزالة والغسيل
تصميم مريح: مع باب تخزين منزلق يختفي عند الفتح
آلية إغلاق الباب المخففة للصدمات
نظام حماية المياه من التكلس باستخدام تقنية مقاومة الترسبات
",{},{},[],true,2025-01-23 01:53:33+00,2025-02-22 03:38:39+00
581,41,5,68,AC 57 Self Contained Ice Machine 33 kg,الاسم: ماكينة صنع الثلج ذاتية التشغيل AC 57 – 33 كجم,AC 57,scotsman-ice-maker-ac-57-581,0.00,,"Produces individual Gourmet crystal clear Ice Cubes
- Up to 33kg of daily ice cube production
- Up to 12kg of internal ice storage capacity
- Resistant stainless steel exterior
- Simple and reliable electromechanical controls
- Front panel in and out airflow (air cooled model) for built-in installation
- Routine maintenance visible alarm light on front panel
- Ergonomically designed ice-storage access, with disappearing door.
- Door-closing movement dampening system
- Water system protected by pateneted anti-scale system
- R290 Refrigerant Gas
- Operates in rooms of 10c to 43c
- Water of 1bar to 5 bar pressure required","تنتج مكعبات ثلج كريستالية شفافة بجودة عالية
إنتاج يصل إلى 33 كجم من الثلج يوميًا
سعة تخزين داخلية تصل إلى 12 كجم
هيكل مقاوم للصدأ: مصنوع من الفولاذ المقاوم للصدأ
تحكم إلكتروني بسيط وموثوق
تدفق هواء أمامي وخلفي: يسمح بالتثبيت المدمج (للطرازات المبردة بالهواء فقط)
إنذار مرئي للصيانة الدورية
تصميم مريح: مع باب تخزين منزلق يختفي عند الفتح
آلية إغلاق الباب المخففة للصدمات
نظام حماية المياه من التكلس باستخدام تقنية مقاومة الترسبات
يستخدم غاز التبريد R290 الصديق للبيئة
يعمل في درجات حرارة الغرفة من 10°C إلى 43°C
يتطلب ضغط مياه بين 1 بار و5 بار
",{},{},[],true,2025-01-23 02:03:20+00,2025-02-22 03:38:39+00
582,41,5,68,AC 87 Self Contained Ice Machine 44 kg,الاسم: ماكينة صنع الثلج ذاتية التشغيل AC 87 – 44 كجم,AC 87,scotsman-ice-maker-ac-87-582,0.00,,"Produces individual Gourmet crystal clear Ice Cubes
- Up to 45kg of daily ice cube production
- Up to 19kg of internal ice storage capacity
- Resistant stainless steel exterior
- Simple and reliable electromechanical controls
- Front panel in and out airflow (air cooled model) for built-in installation
- Routine maintenance visible alarm light on front panel
- Ergonomically designed ice-storage access, with disappearing door.
- Door-closing movement dampening system
- Water system protected by pateneted anti-scale system
- R290 Refrigerant Gas
- Operates in rooms of 10c to 43c
- Water of 1bar to 5 bar pressure required","تنتج مكعبات ثلج كريستالية شفافة بجودة عالية
إنتاج يصل إلى 45 كجم من الثلج يوميًا
سعة تخزين داخلية تصل إلى 19 كجم
هيكل مقاوم للصدأ: مصنوع من الفولاذ المقاوم للصدأ
تحكم إلكتروني بسيط وموثوق
تدفق هواء أمامي وخلفي: يسمح بالتثبيت المدمج (للطرازات المبردة بالهواء فقط)
إنذار مرئي للصيانة الدورية
تصميم مريح: مع باب تخزين منزلق يختفي عند الفتح
آلية إغلاق الباب المخففة للصدمات
نظام حماية المياه من التكلس باستخدام تقنية مقاومة الترسبات
يستخدم غاز التبريد R290 الصديق للبيئة
يعمل في درجات حرارة الغرفة من 10°C إلى 43°C
",{},{},[],true,2025-01-23 02:06:43+00,2025-02-22 03:38:39+00
583,41,5,68,Self Contained Ice Machine 53 kg,الاسم: ماكينة صنع الثلج ذاتية التشغيل – 53 كجم,AC 107,scotsman-ice-maker-ac-107-583,0.00,,"• Produces individual Gourmet crystal clear ice cubes.
• Resistant stainless steel exterior.
• Advanced diagnostics computerized controls.
• Front panel in and out airflow (air-cooled model only) for built-in installation.
• Routine maintenance visible alarm light on front panel.
• Ergonomically designed ice-storage access, with disappearing door. Door-closing movement dampening system.
• Water system protected by patented anti-scale system.","
تنتج مكعبات ثلج كريستالية شفافة بجودة عالية
هيكل مقاوم للصدأ: مصنوع من الفولاذ المقاوم للصدأ
تحكم إلكتروني متقدم: نظام تشخيص ذاتي لمراقبة الأداء
تدفق هواء أمامي وخلفي: يسمح بالتثبيت المدمج (للطرازات المبردة بالهواء فقط)
إنذار مرئي للصيانة الدورية
تصميم مريح: مع باب تخزين منزلق يختفي عند الفتح
آلية إغلاق الباب المخففة للصدمات
نظام حماية المياه من التكلس باستخدام تقنية مقاومة الترسبات
",{},{},[],true,2025-01-23 02:12:35+00,2025-02-22 03:38:39+00
584,41,5,68,AC 127 Self Contained Ice Machine 75 kg," ماكينة صنع الثلج ذاتية التشغيل AC 127 – 75 كجم",AC 127,scotsman-ice-maker-ac-127-584,0.00,,"• Produces individual Gourmet crystal clear ice cubes.
• Resistant stainless steel exterior.
• Advanced diagnostics computerized controls.
• Front panel in and out airflow (air-cooled model only) for built-in installation.
• Front access condenser air filter, removable and washable (air cooled
version only).
• Routine maintenance visible alarm light on front panel. Water system
protected by patented anti-scale system.
• Ergonomically designed ice storage access, with disappearing door. Door-closing movement dampening system.","تنتج مكعبات ثلج كريستالية شفافة بجودة عالية، مثالية للفنادق والمطاعم الفاخرة
هيكل مقاوم للصدأ: مصنوع من الفولاذ المقاوم للصدأ
تدفق هواء أمامي وخلفي: يسمح بالتثبيت المدمج (للطرازات المبردة بالهواء فقط)
فلتر مكثف هواء أمامي: قابل للإزالة والغسيل لسهولة الصيانة
إنذار مرئي للصيانة الدورية
نظام حماية من الترسبات الكلسية
باب تخزين منزلق بمخفف للصدمات",{},{},[],true,2025-01-23 13:16:35+00,2025-02-22 03:38:39+00
585,41,5,68,Self Contained Ice Machine 84 kg,ماكينة صنع الثلج ذاتية التشغيل – 84 كجم,AC 177,scotsman-ice-maker-ac-177-585,0.00,,"Produces individual Gourmet crystal clear ice cubes.
• Resistant stainless steel exterior.
• Advanced diagnostics computerized controls.
• Front panel in and out airflow (air-cooled model only) for built-in installation.
• Front access condenser air filter, removable and washable (air cooled
version only).
• Water system protected by patented anti-scale system.
• Ergonomically designed ice storage access, with disappearing door. Door-closing movement dampening system.","تنتج مكعبات ثلج كريستالية شفافة بجودة عالية
هيكل مقاوم للصدأ: مصنوع من الفولاذ المقاوم للصدأ
تدفق هواء أمامي وخلفي: يسمح بالتثبيت المدمج (للطرازات المبردة بالهواء فقط)
فلتر مكثف هواء أمامي: قابل للإزالة والغسيل لسهولة الصيانة
نظام حماية من الترسبات الكلسية
باب تخزين منزلق بمخفف للصدمات
",{},{},[],true,2025-01-23 13:24:57+00,2025-02-22 03:38:39+00
586,41,5,68,Self Contained Ice Machine 130 kg,ماكينة صنع الثلج ذاتية التشغيل – 130 كجم,AC 206,scotsman-ice-maker-ac-206-586,0.00,,"• Produces individual Gourmet crystal clear ice cubes.
• Resistant stainless steel exterior.
• Front panel in and out airflow (air-cooled model only) for built-in installation.
• Front access condenser air filter, removable and washable (air cooled
version only)
• Easily accessible front panel mount ON-OFF Switch
• Routine maintenance visible alarm light on front pane
• Ergonomically designed ice-storage access, with disappearing door. Door-closing movement dampening sys","تنتج مكعبات ثلج كريستالية شفافة بجودة عالية
هيكل مقاوم للصدأ: مصنوع من الفولاذ المقاوم للصدأ
تدفق هواء أمامي وخلفي: يسمح بالتثبيت المدمج (للطرازات المبردة بالهواء فقط)
فلتر مكثف هواء أمامي: قابل للإزالة والغسيل لسهولة الصيانة
زر تشغيل/إيقاف في الواجهة الأمامية: سهل الوصول
إنذار مرئي للصيانة الدورية
تصميم مريح: مع باب تخزين منزلق يختفي عند الفتح
آلية إغلاق الباب المخففة للصدمات
",{},{},[],true,2025-01-23 18:10:05+00,2025-02-22 03:38:39+00
587,41,5,68,Self Contained Ice Machine 165 kg," ماكينة صنع الثلج ذاتية التشغيل – 165 كجم",AC 227,scotsman-ice-maker-ac-227-587,0.00,,"• Produces individual Gourmet crystal clear ice cubes.
• Resistant stainless steel exterior.
• Advanced diagnostics computerized control.
• Front panel in and out airflow (air-cooled model only) for built-in installation.
• Front access condenser air filter, removable and washable (air cooled
version only).
• Easily accessible front panel mount ON-OFF Switch.
• Routine maintenance visible alarm light on front panel.
• Ergonomically designed ice storage access, with disappearing door. Door-closing movement dampening system","تنتج مكعبات ثلج كريستالية شفافة بجودة عالية
هيكل مقاوم للصدأ: مصنوع من الفولاذ المقاوم للصدأ
تحكم إلكتروني متقدم: يتيح تشخيص دقيق وتحكم كامل
تدفق هواء أمامي وخلفي: يسمح بالتثبيت المدمج (للطرازات المبردة بالهواء فقط)
فلتر مكثف هواء أمامي: قابل للإزالة والغسيل لسهولة الصيانة
زر تشغيل/إيقاف في الواجهة الأمامية: سهل الوصول
إنذار مرئي للصيانة الدورية
تصميم مريح: مع باب تخزين منزلق يختفي عند الفتح
آلية إغلاق الباب المخففة للصدمات",{},{},[],true,2025-01-23 18:22:06+00,2025-02-22 03:38:39+00
588,41,5,68,Self Contained Ice Machine 25 kg," ماكينة صنع الثلج ذاتية التشغيل – 25 كجم",EC 47,scotsman-ice-maker-ec-47-588,0.00,,"• Produces individual Gourmet crystal clear ice cubes.
• Resistant stainless steel exterior.
• Advanced diagnostics computerized controls.
• Front panel in and out airflow (air-cooled model only) for built-in installation.
• Front access condenser air filter, removable and washable (air cooled
model only).
• Ergonomically designed ice storage access, with disappearing door. Door-closing movement dampening system.
• Water system protected by patented anti-scale system.
• PWD - Progressive Water Discharge: pumps excess residual water up to a
distance of 15 meters.
• Legs are not included and must be ordered separately as an accessory.
• XSafe: natural sanitation system, integrated inside the ice maker and operating automatically 24/7 to keep equipment clean & safe.","مكعبات ثلج كريستالية شفافة بجودة عالية
هيكل مقاوم للصدأ من الفولاذ المقاوم للصدأ
تدفق هواء أمامي: يسمح بالتثبيت المدمج دون الحاجة إلى ترك مساحات خلفية (لطرازات التبريد بالهواء فقط)
نظام تصريف المياه PWD: يضخ المياه العادمة لمسافة تصل إلى 15 مترًا
باب تخزين منزلق بمخفف للصدمات: يوفر سهولة في الوصول للثلج
فلتر مكثف هواء أمامي: قابل للإزالة والغسيل لسهولة الصيانة
نظام حماية من الترسبات الكلسية
XSafe: نظام تعقيم طبيعي مدمج يعمل تلقائيًا للحفاظ على نظافة الجهاز
ملاحظة: الأرجل غير مشمولة ويجب طلبها بشكل منفصل
",{},{},[],true,2025-01-23 18:27:00+00,2025-02-22 03:38:39+00
589,41,5,68,EC 57 Self Contained Ice Machine 33 kg,EC 57 ماكينة صنع الثلج ذاتية التشغيل – 33 كجم,EC 57,scotsman-ice-maker-ec-57-589,0.00,,"• Produces individual Gourmet crystal clear ice cubes.
• Resistant stainless steel exterior.
• Advanced diagnostics computerized controls.
• Front panel in and out airflow (air-cooled model only) for built-in installation.
• Front access condenser air filter, removable and washable (air cooled
model only).
• Ergonomically designed ice storage access, with disappearing door. Door-closing movement dampening system.
• Water system protected by patented anti-scale system.
• PWD - Progressive Water Discharge: pumps excess residual water up to a
distance of 15 meters.
• Legs are not included and must be ordered separately as an accessory.
• XSafe: natural sanitation system, integrated inside the ice maker and operating automatically 24/7 to keep equipment clean & safe.","إنتاج مكعبات ثلج كريستالية شفافة وفاخرة
هيكل من الفولاذ المقاوم للصدأ
تقنية التشخيص المتقدم مع التحكم الإلكتروني
تدفق الهواء من الأمام للخارج والداخل (للطرازات المبردة بالهواء فقط)
فلتر مكثف هواء أمامي قابل للإزالة والغسيل
تصميم مريح مع باب تخزين منزلق ومخفف للصدمات
نظام حماية المياه من الترسبات الكلسية
PWD - Progressive Water Discharge: يضخ المياه العادمة لمسافة تصل إلى 15 مترًا
XSafe: نظام تعقيم طبيعي مدمج يعمل تلقائيًا
الأرجل غير مشمولة ويجب طلبها بشكل منفصل كإكسسوار",{},{},[],true,2025-01-23 18:32:18+00,2025-02-22 03:38:39+00
590,41,5,68,EC 87 Self Contained Ice Machine 44 kg,"  EC 87 ماكينة صنع الثلج ذاتية التشغيل – 44 كجم",EC87,scotsman-ice-maker-ec87-590,0.00,,"Front panel in and out airflow (air-cooled model only) for built-in installation.
• Front access condenser air filter, removable and washable (air cooled
model only).
• Ergonomically designed ice storage access, with disappearing door. Door-closing movement dampening system.
• Water system protected by patented anti-scale system.
• PWD - Progressive Water Discharge: pumps excess residual water up to a
distance of 15 meters.
• XSafe: natural sanitation system, integrated inside the ice maker and operating automatically 24/7 to keep equipment clean & safe.","
تدفق الهواء من الأمام للخارج والداخل (للطرازات المبردة بالهواء فقط)
فلتر مكثف هواء أمامي قابل للإزالة والغسيل
تصميم مريح مع باب تخزين منزلق ومخفف للصدمات
نظام حماية المياه من الترسبات الكلسية
PWD - Progressive Water Discharge: يضخ المياه العادمة لمسافة تصل إلى 15 مترًا
XSafe: نظام تعقيم طبيعي مدمج يعمل تلقائيًا
",{},{},[],true,2025-01-24 17:10:10+00,2025-02-22 03:38:39+00
591,41,5,68,Self Contained Ice Machine 53 kg," ماكينة صنع الثلج ذاتية التشغيل – 53 كجم",EC 107,scotsman-ice-maker-ec-107-591,0.00,,"More Information
Depth (mm)	600
Height (mm)	930
Width (mm)	531
Power Type	13 Amp (Plug)
Waste Type	Drain Pump
Total Power (kW)	0.58
Amps	10
Model Number	ECM 107 AS
Weight (Kg)	49.00","الأبعاد (العرض × العمق × الارتفاع): 531 × 600 × 930 مم
مصدر الطاقة: 13 أمبير (قابس كهربائي)
نوع التصريف: مضخة تصريف
إجمالي الطاقة: 0.58 كيلو واط
الأمبير: 10 أمبير
رقم الموديل: ECM 107 AS
الوزن الصافي: 49 كجم
",{},{},[],true,2025-01-24 17:13:56+00,2025-02-22 03:38:39+00
592,41,5,68,EC 127 Self Contained Ice Machine 75 kg," EC 127 ماكينة صنع الثلج ذاتية التشغيل – 75 كجم",EC127,scotsman-ice-maker-ec127-592,0.00,,"Front access condenser air filter, removable and washable
Water system protected by patented anti-scale system
Dimensions: 680(W) x 600(D) x 1009(H)mm
Maximum production/24hrs: 75 KG
Bin capacity: 39 KG
Refrigerant: R290
Max ambient temperature: 43°C
Power: 670 Watt
Power type: 230/50/1 - 13amp
Weight: 65 KG","فلتر مكثف هواء أمامي قابل للإزالة والغسيل
نظام حماية المياه من الترسبات الكلسية
الأبعاد: 680 (عرض) × 600 (عمق) × 1009 (ارتفاع) مم
الحد الأقصى للإنتاج خلال 24 ساعة: 75 كجم
سعة التخزين: 39 كجم
غاز التبريد: R290
الحد الأقصى لدرجة الحرارة المحيطة: 43°C
الطاقة: 670 واط
نوع الطاقة: 230/50/1 - 13 أمبير
الوزن: 65 كجم",{},{},[],true,2025-01-24 17:16:46+00,2025-02-22 03:38:39+00
593,41,5,68,EC 177 XSafe Self Contained Ice Machine 83 kg,EC 177 XSafe ماكينة صنع الثلج ذاتية التشغيل – 83 كجم,EC 177,scotsman-ice-maker-ec-177-593,0.00,,"More Information
Depth (mm)	600
Height (mm)	1080
Width (mm)	680
Power Type	1 Phase (Hard Wired)
Waste Type	Drain Pump
Total Power (kW)	0.75
Amps	16
Model Number	EC177
Weight (Kg)	70.00","
الأبعاد (العرض × العمق × الارتفاع): 680 × 600 × 1080 مم
مصدر الطاقة: طور واحد (توصيل مباشر)
نوع التصريف: مضخة تصريف
إجمالي الطاقة: 0.75 كيلو واط
الأمبير: 16 أمبير
الوزن الصافي: 70 كجم",{},{},[],true,2025-01-24 17:20:17+00,2025-02-22 03:38:39+00
594,41,5,68,Self Contained Ice Machine 145 kg," ماكينة صنع الثلج ذاتية التشغيل – 145 كجم",EC 207,scotsman-ice-maker-ec-207-594,0.00,," Produces individual Gourmet Supercube crystal clear ice cubes.
• Resistant stainless steel exterior.
• Easily accessible front ON-OFF switch. Routine maintenance alarm light visible on front panel.
• Front panel in and out airflow (air-cooled model only) for built-in installation.
• Front access condenser air filter, removable and washable (air cooled model only).
• Ergonomically designed ice storage access, with disappearing door. Door-closing movement dampening system.
• PWD – Progressive Water Discharge: pumps excess residual water up to a distance of 15 meters.
• XSafe: natural sanitation system, integrated inside the ice maker and operating automatically 24/7 to keep equipment clean & safe.","إنتاج مكعبات ثلج شفافة صلبة بجودة فائقة
هيكل خارجي مقاوم للصدأ
مفتاح تشغيل/إيقاف أمامي سهل الوصول
إنذار صيانة مرئي على اللوحة الأمامية
تدفق هواء أمامي للتبريد (للموديلات المبردة بالهواء فقط)
فلتر مكثف أمامي يمكن تنظيفه بسهولة
تصميم مريح للوصول إلى تخزين الثلج بباب منزلق مخفي
نظام PWD – تفريغ الماء التدريجي: يضخ المياه الزائدة لمسافة تصل إلى 15 مترًا
XSafe: نظام تعقيم طبيعي مدمج يعمل تلقائيًا ",{},{},[],true,2025-01-24 17:23:57+00,2025-02-22 03:38:39+00
595,41,5,68,EC 227 Self Contained Ice Machine 165 kg,ماكينة صنع الثلج EC 227 – 165 كجم,EC 227,scotsman-ice-maker-ec-227-595,0.00,,"• Front access condenser air filter, removable and washable (air cooled
model only).
• Easily accessible front ON-OFF switch. Routine maintenance visible alarm
light on front panel.
• Ergonomically designed ice storage access, with disappearing door. Door-closing movement dampening system.
• PWD - Progressive Water Discharge: pumps excess residual water up to a
distance of 15 meters.
• XSafe: natural sanitation system, integrated inside the ice maker and operating automatically 24/7 to keep equipment clean & safe.","فلتر مكثف أمامي يمكن تنظيفه بسهولة (للموديلات المبردة بالهواء فقط)
مفتاح تشغيل/إيقاف أمامي سهل الوصول
إنذار صيانة مرئي على اللوحة الأمامية
تصميم مريح للوصول إلى تخزين الثلج بباب منزلق مخفي
نظام PWD - تفريغ الماء التدريجي: يضخ المياه الزائدة لمسافة تصل إلى 15 مترًا
XSafe: نظام تعقيم طبيعي مدمج يعمل تلقائيًا للحفاظ على نظافة الجهاز
",{},{},[],true,2025-01-24 17:28:08+00,2025-02-22 03:38:39+00
596,41,5,68,MXG 327 Modular Ice Machine 152 kg Item," ماكينة صنع الثلج MXG 327 – 152 كجم",MXG 327,scotsman-ice-maker-mxg-327-596,0.00,,"Individual transparent solid cube: each single cube is an artwork: crystal
clear and perfectly shaped, faithful to the Scotsman tradition.
Global standard footprint: strictly follows international imperial standard
commonly adopted in the industry of reference.
Electronic control board with self diagnostic and malfunction alarms.
External indicator lights: keeps ice maker's operations under constant
surveillance.
Front access condenser air filter, removable and washable (air cooled
version only).
Clean alert: advises with a blink when it’s time to clean the filter.
XSafe: natural sanitation system, integrated inside the ice maker and
operating automatically 24/7 to keep equipment clean & safe.","إنتاج مكعبات ثلج شفافة صلبة بجودة فائقة
تصميم عالمي يتبع المعايير القياسية الدولية
لوحة تحكم إلكترونية مع نظام تشخيص ذاتي وإنذارات للأعطال
مؤشرات ضوئية خارجية لمراقبة التشغيل باستمرار
فلتر مكثف أمامي يمكن تنظيفه بسهولة (للموديلات المبردة بالهواء فقط)
تنبيه تلقائي عند الحاجة لتنظيف الفلتر
XSafe: نظام تعقيم طبيعي مدمج يعمل تلقائيًا للحفاظ على نظافة الجهاز
",{},{},[],true,2025-01-24 17:30:47+00,2025-02-22 03:38:39+00
597,41,5,68,MXG 427 XSafe Modular Ice Machine 170 kg Item," ماكينة صنع الثلج MXG 427 XSafe – 170 كجم",MXG 427,scotsman-ice-maker-mxg-427-597,0.00,," Individual transparent solid supercube: each single cube is an artwork: crystal clear and perfectly shaped, faithful to the Scotsman tradition.
• Global standard footprint: strictly follows international imperial standard commonly adopted in the industry of reference.
• Electronic control: ambient and water temperatures may change throughout the years but your ice will stay the same.
• External indicator lights: keeps ice maker’s operations under constant surveillance.
• Front access condenser air filter: a do-it-yourself cleaning operation that saves time and money and makes your ice maker live longer.
• Clean alert: advises with a blink when it’s time to clean the filter.
• XSafe: natural sanitation system, integrated inside the ice maker and operating automatically 24/7 to keep equipment clean & safe.","إنتاج مكعبات ثلج شفافة صلبة بجودة فائقة
تصميم عالمي متوافق مع المعايير الدولية
تحكم إلكتروني يضمن استقرار جودة الثلج بغض النظر عن تغيرات درجة الحرارة
مؤشرات ضوئية خارجية لمراقبة التشغيل باستمرار
فلتر مكثف أمامي يمكن تنظيفه بسهولة مما يقلل تكاليف الصيانة
تنبيه تلقائي عند الحاجة لتنظيف الفلتر
XSafe: نظام تعقيم طبيعي مدمج يعمل تلقائيًا للحفاظ على نظافة الجهاز",{},{},[],true,2025-01-24 17:34:32+00,2025-02-22 03:38:39+00
598,41,5,68,MXG 437 XSafe Modular Ice Machine 195 kg Item," ماكينة صنع الثلج MXG 437 XSafe – 195 كجم",MXG 437,scotsman-ice-maker-mxg-437-598,0.00,,"Individual transparent solid cube: each single cube is an artwork: crystal
clear and perfectly shaped, faithful to the Scotsman tradition.
Global standard footprint: strictly follows international imperial standard
commonly adopted in the industry of reference.
Electronic control board with self diagnostic and malfunction alarms.
External indicator lights: keeps ice maker's operations under constant
surveillance.
Front access condenser air filter, removable and washable (air cooled
version only).
Clean alert: advises with a blink when it’s time to clean the filter.
XSafe: natural sanitation system, integrated inside the ice maker","مكعبات ثلج شفافة صلبة بجودة فائقة
تحكم إلكتروني مع نظام تشخيص ذاتي وتنبيهات للأعطال
مؤشرات ضوئية خارجية لمراقبة التشغيل باستمرار
فلتر مكثف أمامي يمكن تنظيفه بسهولة
تنبيه تلقائي عند الحاجة لتنظيف الفلتر
XSafe: نظام تعقيم طبيعي مدمج للحفاظ على نظافة الجهاز تلقائيًا
",{},{},[],true,2025-01-24 17:37:45+00,2025-02-22 03:38:39+00
599,41,5,68,SCOTSMAN MXG 638 – Modular Ice Machine 330 kg," ماكينة صنع الثلج SCOTSMAN MXG 638 – 330 كجم",MXG 638,scotsman-ice-maker-mxg-638-599,0.00,,"Electronic control: ambient and water temperatures may change throughout the years but your ice will stay the same.
External indicator lights: keeps ice maker’s operations under constant surveillance.
Front access condenser air filter: a do-it-yourself cleaning operation that saves time and money and makes your ice maker live longer.
Clean alert: advises with a blink when it’s time to clean the filter","تحكم إلكتروني يضمن استقرار جودة الثلج بغض النظر عن تغيرات درجات الحرارة
مؤشرات ضوئية خارجية لمراقبة تشغيل الجهاز باستمرار
فلتر مكثف أمامي يمكن تنظيفه بسهولة مما يقلل تكاليف الصيانة ويطيل عمر الجهاز
تنبيه تلقائي عند الحاجة لتنظيف الفلتر
",{},{},[],true,2025-01-24 17:42:26+00,2025-02-22 03:38:39+00
600,41,5,68,NU 100 Self Contained Ice Machine 56 kg," ماكينة صنع الثلج NU 100 ذاتية الاحتواء - 56 كجم",NU 100,scotsman-ice-maker-nu-100-600,0.00,,"One touch cleaning: reduces labor costs and saves time and simplifies cleaning process.
Routine Maintenance visible alarm light on front panel.
Built-in storage bin: allows undercounter installations for easier fit-in solution, specifically for coffee shops.","تدفق هواء أمامي للداخل والخارج، مما يلغي الحاجة لترك مساحة خلفية
هيكل خارجي مقاوم للصدأ لضمان المتانة وطول العمر
مظهر خارجي أنيق يناسب بيئات العمل الاحترافية
فلتر مكثف سهل الوصول يمكن تنظيفه ذاتيًا لتقليل تكاليف الصيانة
باب منزلق يسهل الوصول إلى الثلج بلمسة واحدة، مما يسهل عمل الباريستا
الوصف:

نظام تنظيف بلمسة واحدة لتقليل تكاليف العمالة وتبسيط عملية التنظيف
ضوء تنبيه لصيانة روتينية على اللوحة الأمامية
سلة تخزين مدمجة تتيح إمكانية التثبيت تحت الطاولة، مما يوفر حلاً مثالياً للمقاهي
نظام تعقيم طبيعي XSafe مدمج يعمل تلقائيًا 24/7 للحفاظ على نظافة الجهاز وسلامته",{},{},[],true,2025-01-24 17:46:10+00,2025-02-22 03:38:39+00
601,41,5,68,NU 220 Self Contained Ice Machine 109 kg," ماكينة صنع الثلج NU 220 ذاتية الاحتواء - 109 كجم",NU 220,scotsman-ice-maker-nu-220-601,0.00,,"• Front-in & front-out air flow: no need to leave space on the back.
• Resistant stainless steel exterior.
• High grade appearance.
• Front access condenser air filter: a do-it-yourself cleaning operation that
saves time and money and makes your ice maker live longer.
• Ergonomic access to ice with sliding disappearing door: one touch door
lift makes barman’s life significantly easier.
• One touch cleaning: reduces labor costs and saves time and simplifies
cleaning process.
• Routine Maintenance visible alarm light on front panel.
• Built-in storage bin: allows undercounter installations for easier fit-in
solution, specifically for coffee shops.
• XSafe: natural sanitation system, integrated inside the ice maker and operating automatically 24/7 to keep equipment clean & safe.","تدفق هواء أمامي للداخل والخارج، لا حاجة لترك مساحة خلفية
هيكل خارجي مقاوم للصدأ لضمان المتانة
مظهر عالي الجودة يناسب بيئات العمل الاحترافية
فلتر مكثف سهل الوصول يمكن تنظيفه ذاتيًا لتقليل تكاليف الصيانة
تصميم مريح مع باب منزلق للوصول السهل للثلج
نظام تنظيف بلمسة واحدة لتقليل تكاليف العمالة وتبسيط عملية التنظيف
ضوء تنبيه لصيانة روتينية على اللوحة الأمامية
سلة تخزين مدمجة تناسب التثبيت تحت الطاولة، مثالية للمقاهي
نظام تعقيم طبيعي XSafe مدمج يعمل تلقائيًا على ",{},{},[],true,2025-01-24 17:51:47+00,2025-02-22 03:38:39+00
602,41,5,68,NU 300 Self Contained Ice Machine 142 kg,ماكينة صنع الثلج NU 300 ذاتية الاحتواء - 142 كجم,NU 300,scotsman-ice-maker-nu-300-602,0.00,,"Front-in & front-out air flow: no need to leave space on the back.
• Resistant stainless steel exterior.
• High grade appearance.
• Front access condenser air filter: a do-it-yourself cleaning operation that saves time and money and makes your ice maker live longer.
• Ergonomic access to ice with sliding disappearing door: one touch door lift makes barman’s life significantly easier.
• One touch cleaning: reduces labour costs and saves time and simplifies cleaning process.
• Routine Maintenance visible alarm light on front panel.
• Built-in storage bin: allows undercounter installations for easier fit-in solution, specifically for coffee shops.
• XSafe: natural sanitation system, integrated inside the ice maker and operating automatically 24/7 to keep equipment clean & safe.","تدفق هواء أمامي للداخل والخارج، مما يلغي الحاجة لمسافة خلفية إضافية
تصميم خارجي مقاوم للصدأ لمتانة طويلة الأمد
سهولة الوصول إلى فلتر المكثف لتنظيفه ذاتيًا
باب منزلق للوصول السهل للثلج
تنظيف بلمسة واحدة لتقليل تكاليف العمالة وتسهيل الصيانة
نظام تعقيم طبيعي XSafe مدمج يعمل تلقائيًا 24/7 للحفاظ على نظافة الجهاز وسلامته.",{},{},[],true,2025-01-24 17:54:13+00,2025-02-22 03:38:39+00
603,41,5,68,NW 457 Modular Ice Machine 216 kg," ماكينة صنع الثلج NW 457 المعيارية - 216 كجم",NW 457,scotsman-ice-maker-nw-457-603,0.00,,"Vertical Cube System
T304 Stainless Steel Panels
Proximity Condenser Air Filter
Auto-alert Indicator Lights
Air & Water Cooled Condenser Options
One touch cleaning with one push of a button - streamlined cleaning process
Immediate access to the evaporating plate for quick self-maintenance operations
Supplied with the NB393 storage bin
Output: 216kg / 24 hrs
Bin Capacity: 178 KG
Dimensions: 768(W) x 843(D) x 1620(H)mm
Dimensions (Head Only): 760(W) x 620(D) x 575(H)mm
Power: 230V, 13 amp plug in
Weight: 116 KG","نظام تصنيع مكعبات عمودي
ألواح من الفولاذ المقاوم للصدأ T304
مصابيح تنبيه تلقائية
خيارات مكثف مبرد بالهواء والماء
تنظيف بلمسة واحدة لتسهيل عملية التنظيف وتقليل تكاليف العمالة
سهولة الوصول إلى المبخر لإجراء صيانة ذاتية سريعة
مزود بسلة تخزين NB393
نظام تعقيم طبيعي XSafe مدمج يعمل تلقائيًا 24/7 للحفاظ على نظافة الجهاز وسلامته",{},{},[],true,2025-01-24 17:57:24+00,2025-02-22 03:38:39+00
604,41,5,68,NW 507 Modular Ice Machine 210 kg," ماكينة صنع الثلج NW 507 المعيارية - 210 كجم",NW 507,scotsman-ice-maker-nw-507-604,0.00,,"Scotsman NW modular ice machines require a suitable ice storage bin to compliment the production capabilities of the head unit.

Scotsman manufacture a range of ice bins in the NB/SB and UBH series. These ice storage solutions come in a variety of different dimensions and capacities allowing you to customise an ice production solution that’s perfect for your specific business needs.

Larger modular ice machines could benefit from being paired with either SIS or ITS ice transport bin which make the handling of large volumes of ice easier and more hygienic.","
يتطلب سلة تخزين ثلج مناسبة لتكملة قدرات إنتاج الرأس.
مجموعة متنوعة من سعات وأبعاد سلات التخزين لتخصيص حل إنتاج ثلج مثالي لاحتياجاتك.
خيار استخدام صناديق نقل الثلج SIS أو ITS لتسهيل التعامل مع كميات كبيرة من الثلج بطريقة أكثر صحية.
نظام تعقيم طبيعي XSafe مدمج يعمل تلقائيًا 24/7 للحفاظ على نظافة الجهاز وسلامته.
",{},{},[],true,2025-01-24 18:00:54+00,2025-02-22 03:38:39+00
605,41,5,68,NW 1008 Modular Ice Machine 485 kg," ماكينة صنع الثلج NW 1008 المعيارية - 485 كجم",NW 1008,scotsman-ice-maker-nw-1008-605,0.00,,"Vertical Cube System.
• T304 Stainless Steel Panels.
• Auto-alert Indicator Lights.
• Global standard footprint: strictly follows international imperial standards commonly adopted in the industry of reference.
• One touch cleaning: reduces labour costs and saves time and simplifies cleaning process.
• Front evaporator access: immediate access to the evaporating plate for quick self-maintenance operations.
• Head only ice maker: requires a separate storage bin to collect the ice produced.
• Space saving top air discharge: no need of side clearance.
• XSafe: natural sanitation system, integrated inside the ice maker and operating automatically 24/7 to keep equipment clean & safe.","
نظام تصنيع مكعبات عمودي
ألواح من الفولاذ المقاوم للصدأ T304
مصابيح تنبيه تلقائية
تصميم عالمي يتبع المعايير الدولية الصناعية
تنظيف بلمسة واحدة لتقليل تكاليف العمالة وتسهيل عملية التنظيف
سهولة الوصول إلى المبخر لإجراء صيانة ذاتية سريعة
وحدة صنع ثلج فقط (يتطلب سلة تخزين منفصلة لجمع الثلج المنتج)
تصريف هواء علوي لتوفير المساحة دون الحاجة لتوفير مساحة جانبية
نظام تعقيم طبيعي XSafe مدمج يعمل تلقائيًا 24/7",{},{},[],true,2025-01-24 18:02:18+00,2025-02-22 03:38:39+00
606,41,5,68,NW 1408 Modular Ice Machine 640 kg,ماكينة صنع الثلج NW 1408 المعيارية - 640 كجم,NW 1408,scotsman-ice-maker-nw-1408-606,0.00,,"Vertical Cube System.
• T304 Stainless Steel Panels.
• Auto-alert Indicator Lights.
• Global standard footprint: strictly follows international imperial standards commonly adopted in the industry of reference.
• One touch cleaning: reduces labour costs and saves time and simplifies cleaning process.
• Front evaporator access: immediate access to the evaporating plate for quick self-maintenance operations.
• Head only ice maker: requires a separate storage bin to collect the ice produced.
• Space saving top air discharge: no need of side clearance.
• XSafe: natural sanitation system, integrated inside the ice maker and operating automatically 24/7 to keep equipment clean & safe.","
نظام تصنيع مكعبات عمودي
ألواح من الفولاذ المقاوم للصدأ T304
مصابيح تنبيه تلقائية
تصميم عالمي يتبع المعايير الدولية الصناعية
تنظيف بلمسة واحدة لتقليل تكاليف العمالة وتسهيل عملية التنظيف
سهولة الوصول إلى المبخر لإجراء صيانة ذاتية سريعة
وحدة صنع ثلج فقط (يتطلب سلة تخزين منفصلة لجمع الثلج المنتج)
تصريف هواء علوي لتوفير المساحة دون الحاجة لتوفير مساحة جانبية
نظام تعقيم طبيعي XSafe مدمج يعمل تلقائيًا 24/7 للحفاظ على نظافة الجهاز وسلامته
",{},{},[],true,2025-01-24 18:05:49+00,2025-02-22 03:38:39+00
607,41,5,68,AFC 87 Self Contained Ice Machine 74 kg,ماكينة صنع الثلج AFC 87 ذاتية التشغيل - 74 كجم,AFC 87,scotsman-ice-maker-afc-87-607,0.00,,"Produces granular shape ice flakes, 75% hardness
• Electronically controlled operation, with self-diagnostic functions with external alarm lights providing operational information for early alert and fast diagnosis of operating issues
• External Components constructed from corrosion-resistant stainless steel crafted for optimal aesthetic appeal through superior fit and finish
• Ergonomically convenient, slanted & disappearing storage bin door
• Front access for easier maintenance
• Front-in, front-out airflow allows for built-in installations
• Also available as AF80 LAB: specifically designed to be used with demineralised and distilled water.
• XSafe: natural sanitation system, integrated inside the ice maker and operating automatically 24/7 to keep equipment clean & safe","
إنتاج رقائق ثلج حبيبية بنسبة صلابة 75%
نظام تشغيل إلكتروني مزود بوظائف تشخيص ذاتي
مكونات خارجية مقاومة للصدأ
باب تخزين للثلج مائل وسهل الفتح
تصميم مناسب للتثبيت المدمج
نظام تعقيم XSafe مدمج للحفاظ على نظافة الجهاز تلقائيًا 24/7
",{},{},[],true,2025-01-24 18:09:55+00,2025-02-22 03:38:39+00
608,41,5,68,AFC 134 Self Contained Ice Machine 143 kg,ماكينة صنع الثلج AFC 134 ذاتية التشغيل - 143 كجم,AFC 134,scotsman-ice-maker-afc-134-608,0.00,,"• Produces “Cubelet” ice (compressed ice flakes). Ice scoop holder located within ice-storage bin.
• Resistant stainless steel exterior.
• Reliable electronic controls.
• Front panel in & out airflow (air-cooled model only) for built-in installation.
• Front access condenser air filter, removable and washable (air cooled version only). Optional “Demineralized Water” adaptor kit
• Easily accessible front panel mount ON-OFF Switch.
• Routine Maintenance visible alarm light on front panel.
• Ergonomically designed ice-storage access, with disappearing door. Door-closing movement dampening system.
• XSafe: natural sanitation system, integrated inside the ice maker and operating automatically 24/7 to keep equipment clean & safe.","
تنتج ثلجًا مضغوطًا على شكل مكعبات صغيرة
حاوية مقاومة للصدأ
نظام تحكم إلكتروني موثوق
نظام تدفق هواء أمامي للتبريد الفعال
فلتر مكثف أمامي قابل للإزالة والتنظيف
مفتاح تشغيل/إيقاف أمامي سهل الوصول
نظام تعقيم XSafe مدمج يعمل تلقائيًا 24/7
",{},{},[],true,2025-01-24 18:11:56+00,2025-02-22 03:38:39+00
609,41,5,68,Scotsman NU 150 AS OX - 85 kg - XSafe Self Contained Dice Ice Maker," ماكينة صنع مكعبات الثلج Scotsman NU 150 AS OX - 85 كجم - بنظام تعقيم XSafe",NU 150 AS OX,scotsman-ice-maker-nu-150-as-ox-609,1341.00,,"Width: 600mm
Depth: 610mm
Height: 770mm (including feet)
Nett weight: 50kg
Packed weight: 62kg
Water consumption
Air cooled version:
NU 150 AS: 3.3 litres per hour
NUH 150 AS, NUL 150 AS: 3.4 litres per hour
","العرض: 600 مم
العمق: 610 مم
الارتفاع: 770 مم (بما في ذلك الأرجل)
الوزن الصافي: 50 كجم
الوزن الإجمالي: 62 كجم
استهلاك المياه: 3.3 لتر/ساعة (إصدار التبريد بالهواء)
",{},{},[],true,2025-01-25 12:50:54+00,2025-02-22 03:38:39+00
613,41,5,68,DXN 107 Ice Machine/Dispenser 70 kg," ماكينة صنع وتوزيع الثلج DXN 107 بسعة 70 كجم",DXN 107,scotsman-ice-maker-dxn-107-613,0.00,,"Up to 1.9 litres per hour
Cubelet Ice
Functional and stylish design
Compact Ice, Ice & Water
• Compact ice or ice & water automatic dispenser, with appealing, contemporary “touch-screen” design.
• Ideal for free-refill self-service concepts with up to 1200 glasses filled per
day and capable of dispensing ice for up to 100 customers in queue at
one time.
• Available either touch-free or button activated.
• Possible to set ice only or ice & water on site and desired ice dosage
(from 1’’ to 15’’ or continuous).
• Fast & friendly cleaning mode for the end user.
• Algorithm signaling when reservoir is temporarily empty.
• Full frontal visibility of settings and errors for preventative service checkup.
• Accessory: on request, it can be installed upon a specifically designed
cabinet.","ماكينة توزيع ثلج أو ثلج وماء مدمجة بتصميم عصري يعمل باللمس
مثالية لمفاهيم الخدمة الذاتية، قادرة على ملء ما يصل إلى 1200 كوب يوميًا وتخدم حتى 100 عميل في نفس الوقت
متوفرة بخيارين: بدون لمس أو بزر للتشغيل
إمكانية ضبط توزيع الثلج فقط أو الثلج والماء مع إمكانية تحديد كمية الثلج (من 1 إلى 15 ثانية أو بشكل مستمر)
وضع تنظيف سريع وسهل للمستخدم
خوارزمية تنبيه عند نفاد المخزون مؤقتًا
رؤية كاملة من الأمام للإعدادات والتنبيهات لتسهيل عمليات الصيانة الوقائية
ملحق اختياري: يمكن تثبيتها على خزانة مصممة خصيصًا
",{},{},[],true,2025-01-26 22:08:00+00,2025-02-22 03:38:39+00
614,41,5,68,DXN 207 Ice Machine/Dispenser 100 kg," ماكينة صنع وتوزيع الثلج DXN 207 بسعة 100 كجم",DXN 207,scotsman-ice-maker-dxn-207-614,0.00,,"• Compact ice or ice & water automatic dispenser, with appealing, contemporary “touch-screen” design.
• Ideal for free-refill self-service concepts with up to 2400 glasses filled per
day and capable of dispensing ice for up to 200 customers in queue at
one time.
• Available either touch-free or button activated.
• Possible to set ice only or ice & water on site and desired ice dosage
(from 1’’ to 15’’ or continuous).
• Fast & friendly cleaning mode for the end user.
• Algorithm signaling when reservoir is temporarily empty.
• Full frontal visibility of settings and errors for preventative service checkup.
• Accessory: on request, it can be installed upon a specifically designed
cabinet.","
ماكينة مدمجة لتوزيع الثلج أو الثلج والماء مع تصميم عصري بشاشة تعمل باللمس
مثالية لمفاهيم الخدمة الذاتية، قادرة على ملء ما يصل إلى 2400 كوب يوميًا وتخدم حتى 200 عميل في نفس الوقت
يمكن ضبطها لتوزيع الثلج فقط أو الثلج والماء مع إمكانية تحديد كمية الثلج (من 1 إلى 15 ثانية أو بشكل مستمر)
وضع تنظيف سريع وسهل للمستخدم
خوارزمية تنبيه عند نفاد المخزون مؤقتًا
رؤية كاملة من الأمام للإعدادات والتنبيهات لتسهيل عمليات الصيانة الوقائية
ملحق اختياري: يمكن تثبيتها على خزانة مصممة خصيصًا
",{},{},[],true,2025-01-26 22:14:07+00,2025-02-22 03:38:39+00
615,41,5,68,MFN 47  Modular Ice Machine 290 kg,ماكينة ثلج مودولار MFN 47 بسعة إنتاج 290 كجم,MFN 47,scotsman-ice-maker-mfn-47-615,0.00,,"Hermetic compressor. Stainless steel auger and freezing cylinder (evaporator). Equipped with an electronic control board.
• Ice breaker made in specially strengthened alloy, allowing for greater
extrusion pressure to deliver a dryer-quality of nugget ice (92% dry).
• Long-lasting stainless steel roller-bearings.
• Double protection - electronic rotation sensor and drive coupling - on
gear motor and gear reducer.
• Low- water sensor protection on refrigeration and gear motor system.
Optical ice level sensor for machine shut down.
• Stainless steel side panels in scotch-brite finish, with rounded corners for
enhanced ease of cleaning and aesthetics.
• Side panels are removable on all four sides to ease maintenance and
after-sales service operations.
• PS plastic top cover.","ضاغط محكم الإغلاق
لولب داخلي وأنبوب تجميد من الفولاذ المقاوم للصدأ
مزود بلوحة تحكم إلكترونية
قاطع ثلج مصنوع من سبيكة معززة خصيصًا لتحمل ضغط أعلى وإنتاج ثلج نوجت جاف بنسبة 92%
محامل دحرجة من الفولاذ المقاوم للصدأ طويلة العمر
حماية مزدوجة - مستشعر دوران إلكتروني واقتران ميكانيكي - على محرك التروس وعلبة التروس
مستشعر مستوى المياه للحماية من انخفاض مستوى المياه في نظام التبريد والمحرك
مستشعر بصري لمستوى الثلج لإيقاف تشغيل الماكينة تلقائيًا
ألواح جانبية من الفولاذ المقاوم للصدأ بلمسة نهائية مقاومة للخدش وسهلة التنظيف
ألواح قابلة للإزالة من جميع الجوانب لتسهيل الصيانة
غطاء علوي بلاستيكي PS",{},{},[],true,2025-01-26 22:21:04+00,2025-02-22 03:38:39+00
616,41,2,50,MFN 57 Modular Ice Machine 350 kg," ماكينة ثلج مودولار MFN 57 بسعة إنتاج 350 كجم",MFN 57,scotsman-category-mfn-57-616,0.00,,"• Hermetic compressor. Stainless steel auger and freezing cylinder (evaporator). Equipped with an electronic control board.
• Ice breaker made in specially strengthened alloy, allowing for greater
extrusion pressure to deliver a dryer-quality of nugget ice (92% dry).
• Long-lasting stainless steel roller-bearings.
• Double protection - electronic rotation sensor and drive coupling - on
gear motor and gear reducer.
• Low- water sensor protection on refrigeration and gear motor system.
Optical ice level sensor for machine shut down.
• Stainless steel side panels in scotch-brite finish, with rounded corners for
enhanced ease of cleaning and aesthetics.
• Side panels are removable on all four sides to ease maintenance and
after-sales service operations.
• PS plastic top cover.","
ضاغط محكم الإغلاق
لولب داخلي وأنبوب تجميد من الفولاذ المقاوم للصدأ
مزود بلوحة تحكم إلكترونية
قاطع ثلج مصنوع من سبيكة معززة خصيصًا لتحمل ضغط أعلى وإنتاج ثلج نوجت جاف بنسبة 92%
محامل دحرجة من الفولاذ المقاوم للصدأ طويلة العمر
حماية مزدوجة - مستشعر دوران إلكتروني واقتران ميكانيكي - على محرك التروس وعلبة التروس
مستشعر مستوى المياه للحماية من انخفاض مستوى المياه في نظام التبريد والمحرك
مستشعر بصري لمستوى الثلج لإيقاف تشغيل الماكينة تلقائيًا
ألواح جانبية من الفولاذ المقاوم للصدأ بلمسة نهائية مقاومة للخدش وسهلة التنظيف
ألواح قابلة للإزالة من جميع الجوانب لتسهيل الصيانة
غطاء علوي بلاستيكي PS
",{},{},[],true,2025-01-26 22:26:59+00,2025-02-22 03:38:39+00
617,41,5,68,MFN 86 Modular Ice Machine 1950 kg," ماكينة ثلج مودولار MFN 86 بسعة إنتاج 1950 كجم",MFN 86,scotsman-ice-maker-mfn-86-617,0.00,,"• Semi-hermetic compressor. Stainless steel auger and freezing cylinder
(evaporator). Equipped with an electromechanical control board.
• Ice breaker made in specially strengthened alloy, allowing for greater
extrusion pressure to deliver a dryer-quality of nugget ice (92% dry).
• Long-lasting stainless steel roller-bearings.
• Double protection - electronic rotation sensor and drive coupling - on
gear motor and gear reducer.
• Low- water sensor protection on refrigeration and gear motor system. Ice
level thermostat for machine shut down.
• Stainless steel side panels in scotch-brite finish, with rounded corners for
enhanced ease of cleaning and aesthetics.
• Side panels are removable on all four sides to ease maintenance and
after-sales service operations.
• PS plastic top cover. Reduced height to ease installation.","ضاغط شبه محكم الغلق
أنبوب تبريد من الفولاذ المقاوم للصدأ مع أسطوانة تجميد
مزود بلوحة تحكم إلكتروميكانيكية
قاطع ثلج مصنوع من سبيكة قوية لتحمل ضغط أعلى وإنتاج ثلج نوجت جاف بنسبة 92%
محامل دحرجة من الفولاذ المقاوم للصدأ طويلة العمر
حماية مزدوجة - مستشعر دوران إلكتروني واقتران ميكانيكي - على محرك التروس وعلبة التروس
حماية من انخفاض مستوى المياه لأنظمة التبريد والمحرك
ترموستات مستوى الثلج لإيقاف تشغيل الماكينة تلقائيًا
ألواح جانبية من الفولاذ المقاوم للصدأ بلمسة نهائية مقاومة للخدش وسهلة التنظيف
ألواح قابلة للإزالة من جميع الجوانب لتسهيل الصيانة
غطاء علوي بلاستيكي لتقليل ",{},{},[],true,2025-01-26 22:31:37+00,2025-02-22 03:38:39+00
618,41,5,68,AF 87 Self Contained Ice Machine 70 kg," ماكينة ثلج مدمجة AF 87 بسعة إنتاج 70 كجم",AF 87,scotsman-ice-maker-af-87-618,0.00,,"Electronically controlled with self-diagnostic functions and warning lights that provide early warning and rapid diagnosis of operational problems.
External components made of corrosion-resistant stainless steel.
Ergonomically convenient, slanted and disappearing bunker lid.
Front access for easier maintenance.
Thanks to the air inlet and outlet at the front, it is suitable for installation.","نظام تحكم إلكتروني مع وظائف تشخيص ذاتي وأضواء تحذيرية لتوفير تنبيه مبكر وتشخيص سريع لمشكلات التشغيل
مكونات خارجية مصنوعة من الفولاذ المقاوم للتآكل
غطاء حاوية مائل ومريح وسهل الإخفاء عند الفتح
سهولة الوصول إلى الجزء الأمامي للصيانة
تدفق هواء أمامي وخلفي، مما يجعله مناسبًا للتركيب المدمج
",{},{},[],true,2025-01-27 00:23:26+00,2025-02-22 03:38:39+00
619,41,5,68,AF 107 Self Contained Ice Machine 130 kg," ماكينة ثلج مدمجة AF 107 بسعة إنتاج 130 كجم",AF 107,scotsman-ice-maker-af-107-619,0.00,," Produces granular shape ice flakes, 75% hardness
• Electronically controlled operation, with self-diagnostic functions with external alarm lights providing operational information for early alert and fast diagnosis of operating issues
• External Components constructed from corrosion-resistant stainless steel crafted for optimal aesthetic appeal through superior fit and finish
• Ergonomically convenient, slanted & disappearing storage bin door
• Front access for easier maintenance
• Front-in, front-out airflow allows for built-in installations
• XSafe: natural sanitation system, integrated inside the ice maker and operating automatically 24/7 to keep equipment clean & safe","ينتج ثلجًا مجروشًا بشكل حبيبي مع صلابة 75%
نظام تشغيل إلكتروني مع وظائف تشخيص ذاتي وأضواء إنذار خارجية للتنبيه المبكر وتشخيص الأعطال بسرعة
مكونات خارجية مصنوعة من الفولاذ المقاوم للتآكل لتوفير مظهر جمالي ممتاز
باب حاوية الثلج مائل وسهل الفتح مع تصميم يختفي عند الفتح لتوفير الراحة
سهولة الوصول إلى الجزء الأمامي للصيانة
تدفق هواء أمامي يسمح بالتركيب المدمج
نظام تعقيم طبيعي (XSafe) مدمج يعمل تلقائيًا على مدار الساعة للحفاظ على نظافة وسلامة الجهاز",{},{},[],true,2025-01-27 00:45:02+00,2025-02-22 03:38:39+00
620,41,5,68,AF 127 Self Contained Ice Machine 126 kg," ماكينة ثلج مدمجة AF 127 بسعة إنتاج 126 كجم",AF 127,scotsman-ice-maker-af-127-620,0.00,,"• Produces granular shape ice flakes, 75% hardness. Ice scoop holder
safely positioned in ice-storage bin.
• Resistant stainless steel exterior.
• Advanced diagnostics computerized control.
• Front panel in & out airflow (air-cooled model only) for built-in installation.
• Front access condenser air filter, removable and washable (air cooled
version).
• Easily accessible, front panel mount, ON-OFF Switch.
• Easy, front panel access to technical / service area of the machine. Routine maintenance visible alarm light on front panel.
• Ergonomically designed ice storage access, with disappearing door. Door-closing movement dampening system.
• XSafe: natural sanitation system, integrated inside the ice maker and operating automatically 24/7 to keep equipment clean & safe.
","سهولة الوصول إلى منطقة الخدمة الفنية من اللوحة الأمامية
ضوء تنبيه مرئي لصيانة دورية
تصميم مريح لحاوية الثلج مع باب سهل الفتح والإغلاق بنظام تخفيف الحركة
نظام تعقيم طبيعي (XSafe) مدمج يعمل تلقائيًا على مدار الساعة للحفاظ على نظافة وسلامة الجهاز",{},{},[],true,2025-01-27 00:55:27+00,2025-02-22 03:38:39+00
621,41,5,68,AF 206 Self Contained Ice Machine 200 kg," ماكينة ثلج مدمجة AF 206 بسعة إنتاج 200 كجم",AF 206,scotsman-ice-maker-af-206-621,0.00,," Produces granular shape ice flakes, 75% hardness. Ice scoop holder safely positioned in ice-storage bin
• Resistant stainless steel exterior
• Advanced diagnostics computerized control
• Front panel in & out airflow (air-cooled model only) for built-in installation
• Front access condenser air filter, removable and washable (air cooled version)
• Easily accessible, front panel mount, ON-OFF Switch
• Easy, front panel access to technical / service area of the machine. Routine maintenance visible alarm light on front panel
• Ergonomically designed ice storage access, with disappearing door. Door-closing movement dampening system
• XSafe: natural sanitation system, integrated inside the ice maker and operating automatically 24/7 to keep equipment clean & safe","ينتج ثلجًا مجروشًا بشكل حبيبي مع صلابة 75%
حامل مغرفة الثلج مثبت بأمان داخل حاوية التخزين
هيكل خارجي مقاوم من الفولاذ المقاوم للصدأ
نظام تحكم إلكتروني متطور للتشخيص الذاتي
تدفق هواء من الأمام والخلف (للنموذج المبرد بالهواء فقط) مما يسمح بالتركيب المدمج
مرشح مكثف قابل للإزالة والغسيل لسهولة الصيانة
مفتاح تشغيل/إيقاف سهل الوصول مثبت على اللوحة الأمامية
سهولة الوصول إلى منطقة الخدمة الفنية من اللوحة الأمامية
ضوء تنبيه مرئي لصيانة دورية
تصميم مريح لحاوية الثلج مع باب سهل الفتح والإغلاق بنظام تخفيف الحركة
نظام تعقيم طبيعي (XSafe) مدمج يعمل تلقائيًا ",{},{},[],true,2025-01-27 00:59:41+00,2025-02-22 03:38:39+00
622,41,5,68,EF 107 Self Contained Ice Machine 130 kg," ماكينة ثلج مدمجة EF 107 بسعة إنتاج 130 كجم",EF 107,scotsman-ice-maker-ef-107-622,0.00,," External Components constructed from corrosion-resistant stainless steel crafted for optimal aesthetic appeal through superior fit and finish.
• Ergonomically convenient, slanted & disappearing storage bin door.
• Front access for easier maintenance.
• Front-in, front-out airflow allows for built-in installations.","مكونات خارجية مصنوعة من الفولاذ المقاوم للتآكل مع تشطيب عالي الجودة
باب حاوية تخزين مائل وسهل الفتح والإغلاق
سهولة الوصول لأعمال الصيانة من الأمام
تدفق هواء من الأمام والخلف مما يسمح بتركيبه في الأماكن الضيقة والمغلقة",{},{},[],true,2025-01-27 01:06:03+00,2025-02-22 03:38:39+00
623,41,5,68,EF 127 Self Contained Ice Machine 126 kg," ماكينة ثلج مدمجة EF 127 بسعة إنتاج 126 كجم",EF 127,scotsman-ice-maker-ef-127-623,0.00,,"Produces granular shape ice flakes, 80% hardness.
• Ice scoop holder safely positioned in ice-storage bin.
• Advanced diagnostics computerised control.
• Front panel in and out airflow (air-cooled model only) for built-in installation.
• Front access condenser air filter, removable and washable (air cooled version only). Easily accessible, front panel mount, ON-OFF Switch.
• Easy, front panel access to technical / service area of the machine.","ينتج ثلج بشكل حبيبي بنسبة صلابة 80%
حامل مغرفة الثلج موجود بأمان داخل حاوية التخزين
نظام تحكم إلكتروني متطور للتشخيص الذاتي
تدفق هواء من الأمام لتسهيل التركيب في الأماكن المدمجة (للنموذج المبرد بالهواء فقط)
مرشح مكثف يمكن إزالته وغسله بسهولة
مفتاح تشغيل وإيقاف في الجزء الأمامي لسهولة الوصول
",{},{},[],true,2025-01-27 01:13:30+00,2025-02-22 03:38:39+00
624,41,5,68,EF 206 Self Contained Ice Machine 200 kg,ماكينة ثلج مدمجة EF 206 بسعة إنتاج 200 كجم,EF 206,scotsman-ice-maker-ef-206-624,0.00,,"Electronic controls
Dimensions: 1006(H) - Legs + 120 x 950(W) x 605(D)mm
Power: 230V, 13 Amp Plug In
Electricity consumption: 18.2 kW","تحكم إلكتروني متقدم
الأبعاد: 1006 مم (ارتفاع) + 120 مم (أرجل) × 950 مم (عرض) × 605 مم (عمق)
الطاقة: 230 فولت، قابس 13 أمبير
استهلاك الكهرباء: 18.2 كيلو واط
",{},{},[],true,2025-01-27 01:18:48+00,2025-02-22 03:38:39+00
625,41,5,68,MF 26 Modular Ice Machine 120 kg,ماكينة ثلج مودولار MF 26 بسعة إنتاج 120 كجم,MF 26,scotsman-ice-maker-mf-26-625,0.00,,"• Produces Flake Ice, extruded at a temperature just below 0°C, with25%
residual water content, hence very rich in moisture.
• Stainless steel “scotch-brite” finish; rounded corners for enhanced aesthetics and ergonomics; top cover in PS plastic.
• Removable side panels on all four sides to aid routine maintenance and
servicing.
• Sturdy evaporator in stainless steel AISI304, auger in AISI430.
• State of the art ice Breaker in special alloy.
• Reduced-maintenance, self-lubricating gear-reducer.
• Oversized hermetic compressor.
• Electronic control board with self diagnostic and malfunction alarms.
• XSafe: natural sanitation system, integrated inside the ice maker and operating automatically 24/7 to keep equipment clean & safe.","ينتج ثلج فليك عند درجة حرارة أقل من 0°C بنسبة رطوبة 25%، مما يجعله غنيًا بالرطوبة.
هيكل خارجي من الفولاذ المقاوم للصدأ بتشطيب سكوتش برايت مع زوايا دائرية لتعزيز المظهر وسهولة التنظيف.
غطاء علوي مصنوع من البلاستيك PS.
ألواح جانبية قابلة للإزالة من جميع الجوانب لتسهيل أعمال الصيانة.
مبخر قوي من الفولاذ المقاوم للصدأ AISI304، ومثقب من AISI430.
مكسر ثلج حديث مصنوع من سبيكة خاصة.
ناقل حركة ذاتي التشحيم منخفض الصيانة.
ضاغط هرمي كبير الحجم.
لوحة تحكم إلكترونية مزودة بنظام تشخيص ذاتي وإنذارات للأعطال.
نظام XSafe: نظام تعقيم طبيعي مدمج يعمل تلقائيًا على مدار الساعة للحفاظ على نظافة الجهاز وسلامته.",{},{},[],true,2025-01-27 01:25:00+00,2025-02-22 03:38:39+00
626,41,5,68,MF 36 Modular Ice Machine 205 kg,ماكينة ثلج مودولار MF 36 بسعة إنتاج 205 كجم,MF 36,scotsman-ice-maker-mf-36-626,0.00,,"• Produces Flake Ice, extruded at a temperature just below 0°C, with 25% residual water content, hence very rich in moisture.
• Stainless steel “scotch-brite” finish; rounded corners for enhanced aesthetics and ergonomics; top cover in PS plastic.
• Removable side panels on all four sides to aid routine maintenance and servicing.
• Sturdy evaporator in stainless steel AISI304, auger in AISI430.
• State of the art ice Breaker in special alloy.
• Reduced-maintenance, self-lubricating gear-reducer.
• Oversized hermetic compressor.
• Electronic control board with self diagnostic and malfunction alarms.
• XSafe: natural sanitation system, integrated inside the ice maker and operating automatically 24/7 to keep equipment clean & safe.","ينتج ثلج فليك عند درجة حرارة أقل من 0°C بنسبة رطوبة 25%، مما يجعله غنيًا بالرطوبة.
هيكل خارجي من الفولاذ المقاوم للصدأ بتشطيب سكوتش برايت وزوايا دائرية لتعزيز المظهر وسهولة التنظيف.
غطاء علوي مصنوع من البلاستيك PS.
ألواح جانبية قابلة للإزالة من جميع الجوانب لتسهيل أعمال الصيانة.
مبخر قوي من الفولاذ المقاوم للصدأ AISI304، ومثقب من AISI430.
مكسر ثلج حديث مصنوع من سبيكة خاصة.
ناقل حركة ذاتي التشحيم منخفض الصيانة.
ضاغط هرمي كبير الحجم.
لوحة تحكم إلكترونية مزودة بنظام تشخيص ذاتي وإنذارات للأعطال.
نظام XSafe: نظام تعقيم طبيعي مدمج يعمل تلقائيًا على مدار الساعة للحفاظ على نظافة الجهاز وسلامته.",{},{},[],true,2025-01-27 01:29:05+00,2025-02-22 03:38:39+00
627,41,5,68,MF 37 Modular Ice Machine 200 kg," ماكينة ثلج مودولار MF 37 بسعة إنتاج 200 كجم",MF 37,scotsman-ice-maker-mf-37-627,0.00,," Produces Flake Ice, extruded at a temperature just below 0°C, with 25% residual water content, hence very rich in moisture.
• Stainless steel “scotch-brite” finish; rounded corners for enhanced aesthetics and ergonomics; top cover in PS plastic.
• Removable side panels on all four sides to aid routine maintenance and servicing.
• Sturdy evaporator in stainless steel AISI304, auger in AISI430.
• State of the art ice Breaker in special alloy.
• Reduced-maintenance, self-lubricating gear-reducer.
• Oversized hermetic compressor.
• Electronic control board with self diagnostic and malfunction alarms.
• XSafe: natural sanitation system, integrated inside the ice maker and operating automatically 24/7 to keep equipment clean & safe.","
ينتج ثلج فليك عند درجة حرارة أقل من 0°C بنسبة رطوبة 25%
هيكل من الفولاذ المقاوم للصدأ بتشطيب سكوتش برايت وحواف دائرية
إمكانية إزالة الألواح الجانبية من جميع الجهات لتسهيل الصيانة
مبخر متين من الفولاذ AISI304 ومثقب من AISI430
مكسر ثلج بتقنية حديثة مصنوع من سبيكة خاصة
ناقل حركة ذاتي التشحيم منخفض الصيانة
ضاغط هرمي كبير الحجم
لوحة تحكم إلكترونية مع نظام تشخيص ذاتي وإنذارات للأعطال
نظام XSafe: نظام تعقيم طبيعي مدمج يعمل ت",{},{},[],true,2025-01-27 01:36:00+00,2025-02-22 03:38:39+00
628,41,5,68,MF 46 Modular Ice Machine 320 kg," ماكينة ثلج مودولار MF 46 بسعة إنتاج 320 كجم",MF 46,scotsman-ice-maker-mf-46-628,0.00,,"Dimensions: W538 x D663 x H645mm

Power Requirements:

230/50/1 - 13A
• Long-lasting stainless steel ball-bearings. Double protection - electronic
rotation sensor and drive coupling - on gear motor and gear reducer.
• Low-water sensor protection on refrigeration and gear motor system.
Optical ice level sensor for machine shut down.
• Stainless steel side panels in scotch-brite finish, with rounded corners for
enhanced ease of cleaning and aesthetics.
• Side panels are removable on all four sides to ease maintenance and
after-sales service operations.","الأبعاد: العرض 538 مم × العمق 663 مم × الارتفاع 645 مم
متطلبات الطاقة: 230/50/1 - 13 أمبير
محامل كروية طويلة الأمد من الفولاذ المقاوم للصدأ
حماية مزدوجة: مستشعر دوران إلكتروني ووصلة قيادة على محرك التروس
مستشعر مستوى المياه المنخفضة لحماية نظام التبريد
مستشعر بصري لمستوى الثلج لإيقاف تشغيل الجهاز عند الامتلاء
ألواح جانبية من الفولاذ المقاوم للصدأ بتشطيب سكوتش برايت
إمكانية إزالة الألواح الجانبية من جميع الجهات لتسهيل الصيانة
",{},{},[],true,2025-01-27 01:42:08+00,2025-02-22 03:38:39+00
629,41,5,68,MF 47 Modular Ice Machine 300 kg," ماكينة ثلج مودولار MF 47 بسعة إنتاج 300 كجم",MF 47,scotsman-ice-maker-mf-47-629,0.00,,"• Hermetic compressor. Stainless steel auger and freezing cylinder (evaporator). Equipped with an electronic control board.
• Ice breaker made in specifically strengthened alloy, allowing for greater extrusion pressure to deliver a dryer-quality of ice (85% dry).
• Long-lasting stainless steel ball-bearings. Double protection- electronic rotation sensor and drive coupling- on gear motor and gear reducer.
• Low-water sensor protection on refrigeration and gear motor system. Optical ice level sensor for machine shut down.
• Stainless steel side panels in scotch-brite finish, with rounded corners for enhanced ease of cleaning and aesthetics.
• Side panels are removable on all four sides to ease maintenance and after-sales service operations.
• PS plastic top cover.
• Reduced height to ease installation.","
ضاغط هرمي مغلق
مثقب أسطواني ومبخر من الفولاذ المقاوم للصدأ
لوحة تحكم إلكترونية مدمجة
مكسر ثلج مصنوع من سبيكة مقواة لإنتاج ثلج جاف بنسبة 85%
محامل كروية طويلة الأمد من الفولاذ المقاوم للصدأ
حماية مزدوجة: مستشعر دوران إلكتروني ووصلة قيادة على محرك التروس
مستشعر مستوى المياه المنخفضة لحماية نظام التبريد
مستشعر بصري لمستوى الثلج لإيقاف تشغيل الجهاز عند الامتلاء
ألواح جانبية من الفولاذ المقاوم للصدأ بتشطيب سكوتش برايت
إمكانية إزالة الألواح الجانبية من جميع الجهات لتسهيل الصيانة
غطاء علوي من البلاستيك PS
ارتفاع منخفض لتسهيل التركيب
",{},{},[],true,2025-01-27 01:52:03+00,2025-02-22 03:38:39+00
630,41,5,68,MF 56 Modular Ice Machine 600 kg," ماكينة ثلج مودولار MF 56 بسعة إنتاج 600 كجم",MF 56,scotsman-ice-maker-mf-56-630,0.00,,"• Hermetic compressor. Stainless steel auger and freezing cylinder (evaporator). Equipped with an electronic control board.
• Ice breaker made in specially strengthened alloy, allowing for greater
extrusion pressure to deliver a dryer-quality of ice (85% dry).
• Long-lasting stainless steel ball-bearings. Double protection - electronic
rotation sensor and drive coupling - on gear motor and gear reducer.
• Low-water sensor protection on refrigeration and gear motor system.
Optical ice level sensor for machine shut down.
• Stainless steel side panels in scotch-brite finish, with rounded corners for
enhanced ease of cleaning and aesthetics.
• Side panels are removable on all four sides to ease maintenance and
after-sales service operations.
• PS plastic top cover.
• Reduced height to ease installation.
• XSafe: natural sanitation system, integrated inside the ice maker and operating automatically 24/7 to keep equipment clean & safe.","ضاغط هرمي مغلق
مثقب أسطواني ومبخر من الفولاذ المقاوم للصدأ
لوحة تحكم إلكترونية مدمجة
مكسر ثلج مصنوع من سبيكة مقواة لتحمل ضغط أعلى لإنتاج ثلج جاف بنسبة 85%
محامل كروية طويلة الأمد من الفولاذ المقاوم للصدأ
حماية مزدوجة: مستشعر دوران إلكتروني ووصلة قيادة على محرك التروس
مستشعر حماية ضد انخفاض مستوى المياه في نظام التبريد ومحرك التروس
مستشعر بصري لمستوى الثلج لإيقاف تشغيل الجهاز عند الامتلاء
ألواح جانبية من الفولاذ المقاوم للصدأ بتشطيب سكوتش برايت وحواف دائرية لتسهيل التنظيف
غطاء علوي بلاستيكي PS
ارتفاع منخفض لتسهيل التثبيت
نظام XSafe: نظام تعقيم طبيعي مدمج يعمل تلقائيًا على مدار الساعة للحفاظ على ",{},{},[],true,2025-01-27 02:03:36+00,2025-02-22 03:38:39+00
631,41,5,68,MF 66 Modular Ice Machine 1150 kg," ماكينة ثلج مودولار MF 66 بسعة إنتاج 1150 كجم",MF 66,scotsman-ice-maker-mf-66-631,0.00,,"• Hermetic compressor. Stainless steel auger and freezing cylinder (evaporator). Equipped with an electronic control board.
• Ice breaker made in specially strengthened alloy, allowing for greater
extrusion pressure to deliver a dryer-quality of ice (85% dry).
• Long-lasting stainless steel ball-bearings. Double protection - electronic
rotation sensor and drive coupling - on gear motor and gear reducer.
• Low-water sensor protection on refrigeration and gear motor system.
Optical ice level sensor for machine shut down.
• Stainless steel side panels in scotch-brite finish, with rounded corners for
enhanced ease of cleaning and aesthetics.
• Side panels are removable on all four sides to ease maintenance and
after-sales service operations.","ضاغط هرمي مغلق
مثقب أسطواني ومبخر من الفولاذ المقاوم للصدأ
لوحة تحكم إلكترونية مدمجة
مكسر ثلج مصنوع من سبيكة مقواة لتحمل ضغط أعلى لإنتاج ثلج جاف بنسبة 85%
محامل كروية طويلة الأمد من الفولاذ المقاوم للصدأ
حماية مزدوجة: مستشعر دوران إلكتروني ووصلة قيادة على محرك التروس
مستشعر حماية ضد انخفاض مستوى المياه في نظام التبريد ومحرك التروس
مستشعر بصري لمستوى الثلج لإيقاف تشغيل الجهاز عند الامتلاء
ألواح جانبية من الفولاذ المقاوم للصدأ بتشطيب سكوتش برايت وحواف دائرية لتسهيل التنظيف
إمكانية إزالة الألواح الجانبية من جميع الاتجاهات لتسهيل الصيانة
",{},{},[],true,2025-01-27 02:12:19+00,2025-02-22 03:38:39+00
632,41,5,68,NB 193 Bin up to 129 kg," حاوية تخزين NB 193 بسعة تصل إلى 129 كجم",NB 193,scotsman-ice-maker-nb-193-632,0.00,,"• New sleek, contemporary styling.
• Convenient, built-in scoop holder.
• Fully removable door gasket seals door opening to reduce ice from
melting, easily disassembled for manual cleaning.
• Polyethylene insulation, high desity.
• Polyethylene bin interior is sanitary and easy to clean, and resists scratches and scuffs from ice scoop.
• Stainless steel bin exterior; door in rotocast plastic.
","تصميم أنيق وعصري
جوانات قابلة للإزالة تمنع ذوبان الثلج
عزل بالبولي إيثيلين عالي الكثافة
حاوية داخلية مقاومة للخدوش وسهلة التنظيف
باب مستقر ومتين بمفصلتين",{},{},[],true,2025-01-27 02:17:52+00,2025-02-22 03:38:39+00
633,41,5,68,NB 393 Bin up to 178 kg," حاوية تخزين NB 393 بسعة تصل إلى 178 كجم",NB 393,scotsman-ice-maker-nb-393-633,0.00,,"• New sleek, contemporary styling.
• Convenient, built-in scoop holder.
• Fully removable door gasket seals door opening to reduce ice from
melting, easily disassembled for manual cleaning.
• Polyethylene insulation, high desity.
• Polyethylene bin interior is sanitary and easy to clean, and resists scratches and scuffs from ice scoop.
• Stainless steel bin exterior; door in rotocast plastic.
• Door with two end hinges is stable and durable.","تصميم عصري حديث
جوانات مانعة للتسرب قابلة للإزالة لتقليل ذوبان الثلج
عزل بالبولي إيثيلين عالي الكثافة
حاوية داخلية مقاومة للخدوش وسهلة التنظيف
باب مستقر مع مفصلتين متينتين
",{},{},[],true,2025-01-27 02:23:07+00,2025-02-22 03:38:39+00
634,41,5,68," NB 530 - 243kg",حاوية تخزين NB 530 بسعة تصل إلى 243 كجم,NB 530,scotsman-ice-maker-nb-530-634,0.00,,"New sleek, contemporary styling.
• Convenient, built-in scoop holder.
• Fully removable door gasket seals door opening to reduce ice from
melting, easily disassembled for manual cleaning.
• High density Polyurethane foaming.
• Polyethylene bin interior is sanitary and easy to clean, and resists scratches and scuffs from ice scoop.
• Stainless steel bin exterior; door in rotocast plastic.
• Door with two end hinges is stable and durable.
","
تصميم عصري وأنيق
جوان مانع للتسرب يقلل من ذوبان الثلج وسهل التنظيف يدويًا
عزل بالبولي يوريثان عالي الكثافة للحفاظ على درجة حرارة منخفضة
حاوية داخلية صحية من البولي إيثيلين مقاومة للخدوش
باب ثابت مع مفصلتين لتحمل الاستخدام المكثف",{},{},[],true,2025-01-27 02:29:41+00,2025-02-22 03:38:39+00
635,41,5,68,NB 948 Storage bin up to 406 kg," حاوية تخزين NB 948 بسعة تصل إلى 406 كجم",NB 948,scotsman-ice-maker-nb-948-635,0.00,,"New sleek, contemporary styling.
• Convenient, built-in scoop holder.
• Fully removable door gasket seals door opening to reduce ice from
melting, easily disassembled for manual cleaning.
• High density Polyurethane foaming.
• Polyethylene bin interior is sanitary and easy to clean, and resists scratches and scuffs from ice scoop.
• Stainless steel bin exterior; door in rotocast plastic.
• Door with two end hinges is stable and durable","تصميم عصري وأنيق
جوان مانع للتسرب يقلل من ذوبان الثلج وسهل التنظيف يدويًا
عزل بالبولي يوريثان عالي الكثافة للحفاظ على درجة حرارة منخفضة
حاوية داخلية صحية من البولي إيثيلين مقاومة للخدوش
باب ثابت ومتعدد المفصلات لتحمل الاستخدام المكثف
يتضمن مغرفة ثلج وأنبوب مياه وتصريف",{},{},[],true,2025-01-27 02:36:18+00,2025-02-22 03:38:39+00
636,43,2,51,R 20," قاطعة R 20",R 20,robot-coupe-food-processor-r-20-636,29500.00,,"Smooth blade
100% stainless-steel Bowl-base twin-blade assembly for working small and large quantities. Dismountable and adjustable.
Ergonomic handles
On the bowl, to offer better and safer grip.
At the back of the machine, to make it easier to move for cleaning.
 Polycarbonate see-through lid
- Monitor your preparation from start to finish.
- Add liquids or ingredients during processing.","شفرات ناعمة مصنوعة بالكامل من الفولاذ المقاوم للصدأ
نظام شفرات مزدوجة في قاعدة الوعاء للعمل على كميات صغيرة وكبيرة
مقابض مريحة على الوعاء لتحكم آمن، ومقبض خلفي لسهولة النقل والتنظيف
غطاء شفاف من البولي كربونات لمراقبة التحضير وإضافة المكونات أثناء التشغيل
",{},{},[],true,2025-01-27 12:11:15+00,2025-02-22 03:38:39+00
637,8,2,64,Hamilton Beach HBF1100SR," خلاط HBF 1100",HBF1100SR Series,hamilton-beach-blender-hbf1100sr-series-637,6950.00,,"Low profile design
Powerful 3.5 Hp motor
See-through lid with 120 ml/4 oz. dosing cup
Load-Sensing Technology (230V only)
Precision control touchpad with custom program buttons, preset timer buttons and one-touch CHOP
Available in 120V and 230V
Lifetime warranty – blade and motor drive coupling
3 year warranty",يتميز خلاط HBF 1100 بتصميم منخفض الارتفاع ومحرك قوي مع تقنية استشعار الحمل (230V فقط) لضمان أداء خلط متسق. لوحة التحكم الرقمية تتيح ضبط البرامج المخصصة ومؤقتات مسبقة الإعداد مع زر CHOP للتحكم السريع. يأتي بضمان مدى الحياة للشفرة وتوصيل المحرك.,{},{},[],true,2025-01-27 15:55:46+00,2025-12-08 13:04:47.773379+00
638,44,2,52,ELITECH range EL50E,غسالة أطباق تحت الطاولة,ELITECH range EL50E,brand-category-elitech-range-el50e-638,0.00,,"Dimensions - (mm) L - P - H	585x600x815h
n° baskets/hour - (+55°C)	Max 40
Height glass max	365mm
Ø height plate max	395mm
Trays	GN 1/1 (Special basket required)
Tank heating element - Tank capacity	2,6kW - 24l
TYPE	Undercounter warewasher
LINE	ELITECH range
BASKET	500x500
SIZE	585x600x815h","توفر غسالة EL50E أداءً عاليًا في غسيل الأطباق والأكواب مع استهلاك اقتصادي للماء والطاقة. مجهزة بنظام شطف فعّال وتقنية تحكم دقيقة لضمان نتائج تنظيف ممتازة.

",{},{},[],true,2025-01-27 15:59:22+00,2025-02-22 03:38:39+00
639,61,13,86,ADVANCE RANGE - C537," غسالة أطباق تحت الطاولة - C537",C537,other-under-counter-dish-washer-c537-639,1098.00,,"TYPE	Undercounter warewasher
LINE	ADVANCE range
BASKET	500x500
SIZE	585x600x815h mm
With the C537 dishwasher you can wash glasses of different shapes and sizes, as well as 18 dishes per wash with max Ø of 395mm thanks to the baskets provided, with a maximum productivity of 30 baskets/hour (540 dishes/hour).",غسالة الصحون C537 مناسبة لغسل الأكواب بأحجام وأشكال مختلفة وكذلك غسل حتى 18 طبقًا في الدورة الواحدة بقطر يصل إلى 395 مم. الإنتاجية القصوى تصل إلى 30 سلة/ساعة (540 طبق/ساعة),{},{},[],true,2025-01-28 01:31:11+00,2025-12-08 13:04:47.773379+00
642,45,2,64,COMMERCIAL FOOD BLENDER," خلاط طعام تجاري",MX1500XTXSEK,waring-blender-mx1500xtxsek-642,3900.00,,"Xtreme Series Blender, 2 liter (68 oz.) coployester container, 2.24
cu. ft. capacity, programmable, sound enclosure, 3.5 HP, 240v/50,
type G plug, CE, RoHS, UK, FOR INTERNATIONAL USE ONLY (contact
company for price)
","الطراز: Xtreme Series Blender
الميزات: قابل للبرمجة، مع عزل صوتي لتقليل الضوضاء
الاعتمادات: CE، RoHS (مخصص للاستخدام الدولي فقط)",{},{},[],true,2025-01-29 15:52:22+00,2025-02-22 03:38:39+00
643,45,2,64,IMMERSION HAND MIXER," خلاط يدوي غاطس - IMMERSION HAND MIXER",WSB60CE,waring-blender-wsb60ce-643,2600.00,,"Waring Model No. WSB60CE
Big Stix® Immersion Blender, heavy duty, 100 qt. (25 gallon)
capacity, 16"" stainless steel removable shaft, variable speed
motor, continuous ON feature, rubberized comfort grip,
230v/50/60, type F plug, CE, RoHS, Europe, FOR INTERNATIONAL
USE ONLY (contact company for price)","
الموديل: Waring Big Stix® WSB60CE
السعة: 100 كوارت (25 جالون)
العمود: عمود قابل للإزالة بطول 16 بوصة من الفولاذ المقاوم للصدأ
الاعتمادات: CE، RoHS (مخصص للاستخدام الدولي فقط)",{},{},[],true,2025-01-29 15:57:23+00,2025-02-22 03:38:39+00
644,8,2,64,Summit Edge 48 oz. / 1.4 L Container,وعاء Summit Edge سعة 48 أونصة / 1.4 لتر,1.4 L  Container,hamilton-beach-blender-14-l--container-644,0.00,,"Stackable 48oz./1.4L BPA-free copolyester container with laser-etched measurements to last a lifetime.

","
وعاء قابل للتكديس بسعة 48 أونصة / 1.4 لتر
مصنوع من كوبوليستر خالٍ من مادة BPA
قياسات محفورة بالليزر لضمان المتانة مدى الحياة",{},{},[],true,2025-01-29 16:01:06+00,2025-02-22 03:38:39+00
645,8,11,84,The AirWhip™ Frothing Container for Summit® Edge,وعاء الرغوة AirWhip™ لخلاط Summit® Edge,Frothing Container,hamilton-beach-jar-frothing-container-645,0.00,,"Works with HBH855 Series Summit® Edge high-performance blender
NSF approved 
Removable filler-cap
Stackable 48 oz. / 1.4L BPA-free copolyester container frees up counter space","التوافق: يعمل مع خلاط Summit® Edge عالي الأداء (سلسلة HBH855)
الشهادات: معتمد من NSF
سهولة التخزين: قابل للتكديس لتوفير مساحة على الطاولة
غطاء: غطاء قابل للإزالة لتسهيل إضافة المكونات",{},{},[],true,2025-01-29 16:04:08+00,2025-12-08 13:04:47.773379+00
646,45,2,51,WAFFLE MAKER / BAKER," صانعة الوافل / الخباز",WBW300XCE,waring-food-processor-wbw300xce-646,2900.00,,"Bubble Waffle Maker, single, bakes up to (25) bubble waffles per
hour, rotary feature, power & readytobake LED indicators &
audio chime signal, nonstick plates, heavy duty die cast housing,
removable drip tray, 220240v/50/60/1ph, 1200 watts, 6.8 amps,
CE, RoHS, FOR INTERNATIONAL USE ONLY","المزايا: ميزة الدوران، مؤشرات ضوئية وصوتية للاستعداد للخبز
السطح: صفائح غير لاصقة
الهيكل: مصنوع من الألمنيوم المصبوب الثقيل
صينية قابلة للإزالة: لتجميع السوائل
الطاقة: 1200 واط، 6.8 أمبير
الجهد: 220-240 فولت / 50-60 هرتز / طور واحد
الشهادات: CE، RoHS
الاستخدام: مخصص للاستخدام الدولي فقط
",{},{},[],true,2025-01-29 16:11:40+00,2025-02-22 03:38:39+00
647,45,2,51,WAFFLE CONE MAKER," صانعة أقماع الوافل ",WWCM180E,waring-food-processor-wwcm180e-647,2900.00,,"Waffle Cone Maker, single, up to (60) 1/8"" thick waffle cones per
hour, audible beep signal, nonstick plates, heavy duty die cast
housing, includes rolling/forming tool (CAC121), 230v/50/60, type
F plug, CE, RoHS, Europe, FOR INTERNATIONAL USE ONLY","الإنتاجية: تصل إلى 60 مخروط وافل بسُمك 1/8 إنش في الساعة
إشارة صوتية: تنبيه عند اكتمال الخبز
سطح الطهي: غير لاصق
هيكل: مصنوع من الألمنيوم المصبوب الثقيل
ملحقات: يتضمن أداة لف/تشكيل (CAC121)
الشهادات: CE, RoHS
الاستخدام: مخصص للاستخدام الدولي فقط
القابس: نوع F (أوروبا)",{},{},[],true,2025-01-29 16:14:41+00,2025-02-22 03:38:39+00
648,45,2,51,WAFFLE CONE MAKER / BAKER," صانعة أقماع الوافل - WAFFLE CONE MAKER / BAKER",WWCM200E,waring-food-processor-wwcm200e-648,3400.00,,"Waffle Cone Maker, double, up to (120) 1/8"" thick waffle cones
per hour, audible beep signal, nonstick plates, heavy duty die
cast housing, includes rolling/forming tool (CAC121), 230v/50/60,
type F plug, CE, RoHS, Europe, FOR INTERNATIONAL USE ONLY
","إشارة صوتية: تنبيه عند اكتمال الخبز
سطح الطهي: غير لاصق
هيكل: مصنوع من الألمنيوم المصبوب الثقيل
ملحقات: يتضمن أداة لف/تشكيل (CAC121)
الشهادات: CE, RoHS
الاستخدام: مخصص للاستخدام الدولي فقط
القابس: نوع F (أوروبا)
",{},{},[],true,2025-01-29 16:17:40+00,2025-02-22 03:38:39+00
649,45,2,51,SANDWICH / PANINI GRILL," شواية ساندويتش / بانييني ",WICSP180E,waring-food-processor-wicsp180e-649,2800.00,,"Gelato Panini Press, electric, single, triplecoated nonstick
cooking surface, 515 second baking time, embedded heating
element, electronic control panel, heavy duty diecast housing,
230v/50, type F plug, Europe, FOR INTERNATIONAL USE ONLY","الاستخدام: مخصص للاستخدام الدولي فقط
القابس: نوع F (أوروبا)
الجهد: 230 فولت / 50 هرتز
",{},{},[],true,2025-01-29 16:19:55+00,2025-02-22 03:38:39+00
650,46,8,78,TURBO AIR :Stainless Steel Feezer Top,TURBO AIR: فريزر من الفولاذ المقاوم للصدأ - مثبت في الأعلى,KF45-2,turbo-air-freezer-kf45-2-650,11892.00,,"TURBO AIR :Stainless Steel Feezer Top
Mounted 1215L/44Ft
Model :KF45-2
Dimension : W1260xD850xH1926mm
Voltage : 220/1/60 HZ
Made In : CHINA","الموديل: KF45-2
مصنوع في: الصين
ميزة إضافية: حافز استرداد نقدي ينطبق على وحدات TURBO AIR المؤهلة والمركبة في ولاية فيكتوريا (VIC).",{},{},[],true,2025-01-30 20:16:16+00,2025-02-22 03:38:39+00
651,46,8,76,TURBO AIR :Stainless Steel Refrigerator Top,TURBO AIR: ثلاجة من الفولاذ المقاوم للصدأ - مثبتة في الأعلى,KR45-2,turbo-air-commercial-refrigerator-kr45-2-651,10900.00,,"Digital Temperature Control and Monitoring: Ensures precise temperature maintenance with an external digital display for easy monitoring.
Self-Cleaning Condenser: Prevents dust accumulation, reducing the risk of system failure and maintaining optimal performance.
Hot Gas Condensate System: Treated surfaces resist corrosion, enhancing efficiency and preventing condensate water overflow.","التحكم والمراقبة الرقمية في درجة الحرارة: لضمان الحفاظ على درجات حرارة دقيقة مع شاشة عرض رقمية خارجية لمراقبة سهلة.
مكثف ذاتي التنظيف: يمنع تراكم الغبار، مما يقلل من خطر فشل النظام ويحافظ على أداء مثالي.
نظام تصريف مكثفات بالغاز الساخن: معالَج لمقاومة التآكل، مما يحسن الكفاءة ويمنع فيض مياه التكثيف.
",{},{},[],true,2025-01-30 20:30:31+00,2025-12-08 13:04:47.773379+00
652,46,8,76,TURBO AIR :Stainless Steel Refrigerator Top,TURBO AIR: ثلاجة من الفولاذ المقاوم للصدأ - مثبتة في الأعلى,KR25-1,turbo-air-commercial-refrigerator-kr25-1-652,8400.00,,"Compressor: Top-mounted, 1/4 HP
Refrigerant: Eco-friendly R-290 (Hydrocarbon)
Energy Consumption: Approximately 1.65 kWh per 24 hours
Voltage and Amperage: 220V-240V / 50Hz / 1 Phase; 2.0 Amps","الضاغط: مثبت في الأعلى، 1/4 حصان
مادة التبريد: R-290 صديق للبيئة
استهلاك الطاقة: 1.65 كيلوواط/ساعة يوميًا
الجهد والتيار: 220-240 فولت / 50 هرتز / أحادي الطور؛ 2.0 أمبير",{},{},[],true,2025-01-30 20:40:32+00,2025-02-22 03:38:39+00
653,46,8,76,TURBO AIR :Steel Under Counter,TURBO AIR: ثلاجة تحت الطاولة من الفولاذ المقاوم للصدأ,KUR9-1,turbo-air-commercial-refrigerator-kur9-1-653,6750.00,,"Length
900.00
Width
700.00
Height
860.00
Dimensions
900x700x860
Weight
72.000000
Colour
Stainless Steel
Range
Not select
Type
Undercounter Refrigerator
Shape
Undercounter
Classification
Not select
","الأبعاد الخارجية:
العرض: 640 مم
العمق: 850 مم
الارتفاع: 1926 مم
السعة: 574 لتر
الضاغط: مثبت في الأعلى، 1/4 حصان
مادة التبريد: R-290 صديق للبيئة (هيدروكربون)
استهلاك الطاقة: حوالي 1.65 كيلوواط/ساعة خلال 24 ساعة
الجهد الكهربائي والتيار: 220-240 فولت / 50 هرتز / أحادي الطور؛ 2.0 أمبير
المادة الخارجية: فولاذ مقاوم للصدأ
المادة الداخلية: فولاذ مقاوم للصدأ
الباب: باب صلب مفصلي بقبضة مريحة؛ يغلق تلقائيًا مع ميزة البقاء مفتوحًا
الرفوف: 3 رفوف سلكية قابلة للتعديل ومغطاة بالبولي إيثيلين
الوصف:

الضاغط: مثبت في الأعلى، 1/4 حصان
مادة التبريد: R-290 صديق للبيئة
استهلاك الطاقة: 1.65 كيلوواط/ساعة يوميًا
الجهد والتيار: 220-240 فولت / 50 هرتز / أحادي ",{},{},[],true,2025-01-30 20:43:54+00,2025-02-22 03:38:39+00
654,47,2,48," Frymaster FPRE217 High Efficiency Electric Floor Fryer",Frymaster FPRE217 قلاية كهربائية أرضية عالية الكفاءة,FPRE217CSE,frymaster-cooking-ranges-fpre217cse-654,59700.00,,"This model comes with (2) 50 lb. frypots that provide plenty of room to fry up your culinary creations, and since it comes with (2) twin fry baskets for each pot (for a total of 4), you can quickly cook portions of your customers' favorite fried foods and separate by product type for better allergen and taste control. Each 50 lb. frypot is made of durable stainless steel to resist corrosion and make cleaning easier, and designed with a large cold zone and forward sloping bottom to help to collect and remove sediment, while a rear flush feature moves sediment toward the front 1 1/4"" IPS full port drain for thorough removal. The fryer cabinet features an enamel coating, with a stainless steel door design to provide extra protection where it's needed most.","نظام ترشيح مدمج
حاصل على شهادة Energy Star
صناعة أمريكية
معتمد من NSF
تحكم قابل للبرمجة
عدد نقاط التوصيل: 3
عدد سلال القلي: 4 سلال
عدد أوعية القلي: 2 وعاء
نوع القابس: توصيل مباشر (Hardwire)
نوع الطاقة: كهربائية
نوع القلاية: قلاية كهربائية أرضية
الوصف:
تأتي القلاية مع وعاءين بسعة 50 رطلاً لكل منهما، مما يوفر مساحة كافية لقلي مختلف الأطعمة. تحتوي كل وعاء على سلتين توأمين (بإجمالي 4 سلال)، مما يسمح بطهي أنواع متعددة من الأطعمة وفصلها للتحكم في مسببات الحساسية والنكهات. الأوعية مصنوعة من الفولاذ المقاوم للصدأ لمقاومة التآكل وسهولة التنظيف، مع منطقة باردة كبيرة وقاع مائل للأمام لتجميع الرواسب وتصريفها عبر فتحة تصريف بقطر 1 1/4 إنش.
",{},{},[],true,2025-01-31 16:55:52+00,2025-02-22 03:38:39+00
655,47,2,48,"Frymaster FPRE317 High Efficiency Electric Floor Fryer ",Frymaster FPRE317 قلاية كهربائية أرضية عالية الكفاءة,FPRE317CSE,frymaster-cooking-ranges-fpre317cse-655,81400.00,,"This model comes with (3) 50 lb. frypots that provide plenty of room to fry up your culinary creations, and since it comes with (2) twin fry baskets for each pot (for a total of 6), you can quickly cook portions of your customers' favorite fried foods and separate by product type for better allergen and taste control. Each 50 lb. frypot is made of durable stainless steel to resist corrosion and make cleaning easier, and designed with a large cold zone and forward sloping bottom to help to collect and remove sediment, while a rear flush feature moves sediment toward the front 1 1/4"" IPS full port drain for thorough removal. The fryer cabinet features an enamel coating, with a stainless steel door design to provide extra protection where it's needed most.",تأتي القلاية مع 3 أوعية بسعة 50 رطلاً لكل منها، مما يوفر مساحة كبيرة لقلي الأطعمة. يتضمن كل وعاء سلتين توأمين (بإجمالي 6 سلال)، مما يتيح لك طهي كميات متعددة وفصل الأطعمة للتحكم في مسببات الحساسية والنكهات. الأوعية مصنوعة من الفولاذ المقاوم للصدأ لمقاومة التآكل وتسهيل التنظيف، مع منطقة باردة كبيرة وقاع مائل للأمام لتجميع الرواسب. يوجه نظام التنظيف الخلفي الرواسب إلى الصرف الأمامي بقطر 1 1/4 إنش لتصريف فعال. تأتي الخزانة بطبقة مينا مع باب فولاذي لتوفير الحماية الإضافية,{},{},[],true,2025-01-31 17:02:03+00,2025-02-22 03:38:39+00
656,48,2,48,Henny Penny PFE500 4-Head Electric Pressure Fryer,Henny Penny PFE500 قلاية ضغط كهربائية بسعة 4 دجاجات,PFE500/8000,henny-penny-cooking-ranges-pfe5008000-656,67500.00,,"Pressure frying allows you to cook full batches of product in less time and at lower temperatures, which is perfect for locking in moisture and flavor. The pressure seals out the excess oil from the food, providing a healthier product. This is all done while using less energy and oil than a standard fryer. With this pressure fryer you are cooking at lower temperatures and there is a reduced exposure to air, which all greatly help to extend the oil life.","تسمح لك القلاية بالضغط بطهي دفعات كاملة من الطعام في وقت أقل وبدرجات حرارة منخفضة، مما يساعد في الحفاظ على رطوبة الطعام ونكهته. يعمل الضغط على منع امتصاص الزيت الزائد، مما يوفر منتجًا أكثر صحة. كما أنها تستهلك طاقة وزيت أقل مقارنة بالقلايات التقليدية. تساعد درجات الحرارة المنخفضة والتعرض المحدود للهواء على إطالة عمر الزيت بشكل كبير.
",{},{},[],true,2025-01-31 17:07:52+00,2025-02-22 03:38:39+00
657,48,2,48,Henny Penny PFE 590,Henny Penny PFE 590,PFE 590,henny-penny-cooking-ranges-pfe-590-657,126000.00,,"Half Racks
To bread, load, fry and hold up to 24 pounds of chicken per load without re-racking.

Faster Cooking
Frying under pressure seals in flavor, reduces cook time and temperature.

Programmable
With Computron 8000 full programming and oil management features.

Fast Recovery
With highly efficient heating elements/burners producing fast recovery.

Built-in Filtration
For a more efficient and convenient way to improve productivity","رفوف نصفية لتسهيل تحميل وقلي وتخزين حتى 24 رطلاً من الدجاج دون الحاجة لإعادة ترتيب
قلي أسرع تحت الضغط للحفاظ على النكهة وتقليل وقت ودرجة حرارة الطهي
نظام برمجة كامل مع ميزات متقدمة لإدارة الزيت
استعادة حرارة سريعة بفضل عناصر التسخين أو الشعلات عالية الكفاءة
",{},{},[],true,2025-01-31 17:14:12+00,2025-02-22 03:38:39+00
658,46,2,50,TURBO AIR :Steel Sandwich Bar 340L/12Ft,Turbo Air - بار سندويشات من الفولاذ بسعة 340 لتر / 12 قدم,CMST-48,turbo-air-category-cmst-48-658,8500.00,,"Voltage (V)
220
Power (W)
1000
Phase
1
Amperage (A)
4.5
Controls
Temperature Range (C)
N/A
Door
Number of Doors
2
Door Style
Swing
Door Type
Stainless steel
Refrigerator information
Capacity (L)
340
Compressor Location
Bottom Mounted
Compressor Power
1.3
General informations
Country of Origin
USA
Manufacturer Warranty (Years)
2
Exterior Body Material
Stainless steel
Dimensions
Height (mm)
1105
Depth (mm)
762
Width
1225
Width (CM)
122.5","الجهد الكهربائي: 220 فولت
القدرة: 1000 واط
الطور: أحادي
التيار: 4.5 أمبير
التحكم بدرجة الحرارة: غير متوفر
نوع الباب: باب مفصلي
عدد الأبواب: 2
السعة: 340 لتر
موقع الضاغط: أسفل الجهاز
القدرة الحصانية للضاغط: 1.3
بلد المنشأ: الولايات المتحدة الأمريكية
أبعاد الجهاز:
الارتفاع: 1105 مم
العمق: 762 مم
العرض: 1225 مم
",{},{},[],true,2025-02-03 12:16:06+00,2025-02-22 03:38:39+00
659,51,8,76,PL 190 NTX," PL 190 NTX",PL 190 NTX,tecfrigo-commercial-refrigerator-pl-190-ntx-659,750.00,,"Absorption (W)
100
Umidity (%)
40
Type of defrost
MANUAL
Evaporation
MAN
Voltage (V)
230
Refrigerant
R600A
Net weigth (Kg)
45
Lock
STANDARD
Light
NO
Climatic class
3","الاستهلاك (واط): 100
الرطوبة (%): 40
نوع إزالة الجليد: يدوي
التبخر: يدوي
الجهد الكهربائي (فولت): 230
نوع غاز التبريد: R600A
الوزن الصافي (كجم): 45
القفل: قياسي
الإضاءة: لا يوجد
الفئة المناخية: 3
",{},{},[],true,2025-02-03 13:37:24+00,2025-02-22 03:38:39+00
660,49,8,76,Fagor CUN-11G,Fagor CUN-11G,CUN-11G,fagor-commercial-refrigerator-cun-11g-660,9850.00,,"Concept gastronorm GN 2/1 freezing upright, single body with 1 door, with English plug.
Specific model:
CUN-11G CI 230V 1N 50Hz
Cooling gas load 101,000 g Cooling gas load POL 150,000 g Gross internal volume 543 L Noise level 58,00 dB Condensation system Vent. Model Type Vertical cabinet Annual elec. consumption: 2715.60 kWh Power consumption 24h 7,44 kWh Frozen net vol. 437 L IEE 75
Temperature: -18 to -22","Concept gastronorm GN 2/1 freezing upright, single body with 1 door, with English plug.
Specific model:
CUN-11G CI 230V 1N 50Hz
Cooling gas load 101,000 g Cooling gas load POL 150,000 g Gross internal volume 543 L Noise level 58,00 dB Condensation system Vent. Model Type Vertical cabinet Annual elec. consumption 2715,60 kWh Power consumption 24h 7,44 kWh Frozen net.vol 437 L IEE 75
Temperature: -18 to -22",{},{},[],true,2025-02-06 13:16:41+00,2025-02-22 03:38:39+00
662,8,2,64,Hamilton Beach HBF510 S,HBF510 S,HBF510 S,hamilton-beach-blender-hbf510-s-662,401.00,,"Protective Brow
Directs drips away from control

Variable Speeds
Provide complete blending
control
Lid Open and Jar Pad
Sensor
Prevents blending if jar or lid
are not on correctly
1.4 L (48 oz.) BPA-Free
Co-Polyester Container
Lets chefs easily monitor
blending consistency and is
virtually unbreakable

*input power

1.8 L (64 oz.) Stainless
Steel Container
Perfect for hot and cold
food applications

Sure GripTM Feet
Holds blender securely
on the countertop
Durable Metal Drive
Coupling
Provides long-lasting performance
for uninterrupted use
Lid-Open Sensor
Prevents blending with lid removed

Removable Jar Pad
For easy cleaning","Protective Brow
Directs drips away from control

Variable Speeds
Provide complete blending
control
Lid Open and Jar Pad
Sensor
Prevents blending if jar or lid
are not on correctly
1.4 L (48 oz.) BPA-Free
Co-Polyester Container
Lets chefs easily monitor
blending consistency and is
virtually unbreakable

*input power

1.8 L (64 oz.) Stainless
Steel Container
Perfect for hot and cold
food applications

Sure GripTM Feet
Holds blender securely
on the countertop
Durable Metal Drive
Coupling
Provides long-lasting performance
for uninterrupted use
Lid-Open Sensor
Prevents blending with lid removed

Removable Jar Pad
For easy cleaning",{},{},[],true,2025-02-08 15:55:34+00,2025-12-08 13:04:47.773379+00
663,8,2,64,Hamilton Beach HBF1100 S,HBF1100 S,HBF1100 S,hamilton-beach-blender-hbf1100-s-663,0.00,,"Powerful 3.5 Hp motor provides great results
in a fraction of the time
Designed with safety in mind, the lid interlock
ensures the blender will not start until jar
and lid are securely in place
Unique CHOP function pulses the blades
to keep ingredients moving and optimize
control of consistency
Lifetime warranty on motor drive
coupling and stainless steel blades","Powerful 3.5 Hp motor provides great results
in a fraction of the time
Designed with safety in mind, the lid interlock
ensures the blender will not start until jar
and lid are securely in place
Unique CHOP function pulses the blades
to keep ingredients moving and optimize
control of consistency
Lifetime warranty on motor drive
coupling and stainless steel blades",{},{},[],true,2025-02-08 16:03:34+00,2025-12-08 13:04:47.773379+00
664,52,4,59,Slayer Espresso v3 -Three group coffee machine,Slayer Espresso v3 -Three group coffee machine,Three group-Slayer Espresso,slayer-coffee-machine-three-group-slayer-espresso-664,119700.00,,"Water Source: Direct Plumb-In Only
Drainage: Direct Drain Required
Voltage: 220-240V / 50-60Hz
Power Consumption: Approx. 6000-7000W
Steam Wands: Two Articulated Stainless Steel Steam Wands
Steam Pressure Control: Adjustable for Optimal Frothing
Hot Water Dispenser: Available with Adjustable Temperature","Water Source: Direct Plumb-In Only
Drainage: Direct Drain Required
Voltage: 220-240V / 50-60Hz
Power Consumption: Approx. 6000-7000W
Steam Wands: Two Articulated Stainless Steel Steam Wands
Steam Pressure Control: Adjustable for Optimal Frothing
Hot Water Dispenser: Available with Adjustable Temperature",{},{},[],true,2025-02-15 13:05:08+00,2025-02-22 03:38:39+00
665,52,4,59,Slayer 2 Group Espresso V3,Slayer 2 Group Espresso V3,Espresso V3,slayer-coffee-machine-espresso-v3-665,94500.00,,Slayer’s flagship product. Uncompromisingly manual and completely focused on extraction. It is the only espresso machine that lets you precisely and consistently control the flow rate of water allowing you to grind coffee finer and develop incredible flavor profiles.,Slayer’s flagship product. Uncompromisingly manual and completely focused on extraction. It is the only espresso machine that lets you precisely and consistently control the flow rate of water allowing you to grind coffee finer and develop incredible flavor profiles.,{},{},[],true,2025-02-15 13:13:52+00,2025-02-22 03:38:39+00
666,53,4,60,EK43,EK43,EK43,mahlkonig-coffee-grinder-ek43-666,10200.00,,"Voltage // frequencies // phases:

200-240 V // 50/60 Hz // 1~
100-120 V // 50/60 Hz // 1~
Idle speed: 1450 rpm (50 Hz); 1760 rpm (60 Hz)

Burr diameter: 98 mm

Burr material: Cast steel

Burr grind life (median setting): ca. 6.000 kg

Average grinding capacity*: 19-21 g/s

Average grinding capacity Turkish fine*: 10-12 g/s

Bean hopper capacity: approx. 1500 g

Max. nominal power: 1300 W

Dimensions (w x h x d): 23 x 82.8 x 41 cm

Dimensions of packing (w x h x d): 37 x 58 x 71 cm

Net weight: 26 kg

Gross weight: 30 kg

Certifications: CE, CB, ETL Safety, ETL Sanitation

Standards:

IEC/EN 60335-1
IEC/EN 60335-2-64
ANSI/UL 763
CSA-C22.2 No. 195
Standard colors:

Fine textured finish, matte black
Fine textured finish, matte white
Copper 
Special equipment:

98 mm premium cast steel burrs for turkish fine (EK43 T) grinding and pre-breaker for decreased grind speeds
98 mm premium cast steel burrs for linseed (EL43) and poppy seed (EM43) grinding and pre-breaker for non-coffee grinding
98 mm premium cast steel burrs for grain (EG43) and spice (EP43) grinding, grinder housing cover and adjusting spindle for extended grind size range and pre-breaker for non-coffee grinding","Voltage // frequencies // phases:

200-240 V // 50/60 Hz // 1~
100-120 V // 50/60 Hz // 1~
Idle speed: 1450 rpm (50 Hz); 1760 rpm (60 Hz)

Burr diameter: 98 mm

Burr material: Cast steel

Burr grind life (median setting): ca. 6.000 kg

Average grinding capacity*: 19-21 g/s

Average grinding capacity Turkish fine*: 10-12 g/s

Bean hopper capacity: approx. 1500 g

Max. nominal power: 1300 W

Dimensions (w x h x d): 23 x 82.8 x 41 cm

Dimensions of packing (w x h x d): 37 x 58 x 71 cm

Net weight: 26 kg

Gross weight: 30 kg

Certifications: CE, CB, ETL Safety, ETL Sanitation

Standards:

IEC/EN 60335-1
IEC/EN 60335-2-64
ANSI/UL 763
CSA-C22.2 No. 195
Standard colors:

Fine textured finish, matte black
Fine textured finish, matte white
Copper 
Special equipment:

98 mm premium cast steel burrs for turkish fine (EK43 T) grinding and pre-breaker for decreased grind speeds
98 mm premium cast steel burrs for linseed (EL43) and poppy seed (EM43) grinding and pre-breaker for non-coffee grinding
98 mm premium cast steel burrs for grain (EG43) and spice (EP43) grinding, grinder housing cover and adjusting spindle for extended grind size range and pre-breaker for non-coffee grinding",{},{},[],true,2025-02-15 13:44:48+00,2025-02-22 03:38:39+00
667,54,4,60,Mazzer Kony S Electronic Commercial Espresso Grinder,Mazzer Kony S Electronic Commercial Espresso Grinder,Mazzer Kony S Electronic Commercial Espresso Grinder,mazzer-coffee-grinder-mazzer-kony-s-electronic-commercial-espresso-grinder-667,9600.00,,"User friendly memory track system to index grind setting. More precise, wider grinding adjustment range
On-demand grinding can be easily activated with the portafilter
Adjustable portafilter holder. Grind hands-free and consistently center the flow of grinds in your basket
Pre-set IoT for accessing your grind report in real time on the cloud
Use the magnet to place a tag on the hopper with the name of the coffee
Keep it safe - the double fan cooling system is designed to protect the coffee beans from heat exposure thus preserving the aroma of your coffee
Consistent results - homogeneous grinding and dose repeatability for an optimal in-cup result, coffee after coffee
Easy cleaning - no loss of grind settings with easy to clean grinding chamber
","User friendly memory track system to index grind setting. More precise, wider grinding adjustment range
On-demand grinding can be easily activated with the portafilter
Adjustable portafilter holder. Grind hands-free and consistently center the flow of grinds in your basket
Pre-set IoT for accessing your grind report in real time on the cloud
Use the magnet to place a tag on the hopper with the name of the coffee
Keep it safe - the double fan cooling system is designed to protect the coffee beans from heat exposure thus preserving the aroma of your coffee
Consistent results - homogeneous grinding and dose repeatability for an optimal in-cup result, coffee after coffee
Easy cleaning - no loss of grind settings with easy to clean grinding chamber
",{},{},[],true,2025-02-15 14:04:34+00,2025-02-22 03:38:39+00
668,8,2,64,Hamilton Beach HBF600,Hamilton Beach HBF600,HBF600,hamilton-beach-blender-hbf600-668,0.00,,"Temperature gauge alerts chef if motor overheats to help prevent unnecessary burnout
Jar pad sensor prevents motor activation when container not in place
Unique one-touch chopping function thoroughly chops solid ingredients
Dosing cup included in lid which allows the operator to easily add ingredients while blending
Strong stainless steel blades for perfect blending results
Unique wave action™ keeps ingredients circulating through the blades to ensure contents are well blended
SureGrip™ feet hold blender securely in place whilst in operation
Stackable 1.9ltr polycarbonate container","Temperature gauge alerts chef if motor overheats to help prevent unnecessary burnout
Jar pad sensor prevents motor activation when container not in place
Unique one-touch chopping function thoroughly chops solid ingredients
Dosing cup included in lid which allows the operator to easily add ingredients while blending
Strong stainless steel blades for perfect blending results
Unique wave action™ keeps ingredients circulating through the blades to ensure contents are well blended
SureGrip™ feet hold blender securely in place whilst in operation
Stackable 1.9ltr polycarbonate container",{},{},[],true,2025-02-22 03:38:39+00,2025-02-22 03:38:39+00
670,39,2,48,Vulcan EV36S-3HT480 Endurance Series 36,Vulcan EV36S-3HT480 Endurance Series 36,EV36S?3HT480,vulcan-cooking-ranges-ev36s3ht480-670,22950.00,,"Overall Dimensions:
Left to Right: 36""
Front to Back: 34""
Height: 58""

Interior Dimensions:
Left to Right: 26 1/2""
Front to Back: 26 3/8""
Height: 14""
Restaurant Range, electric, 36"", (3) hot tops, thermostatic controls,
standard oversized oven, includes (1) rack, stainless steel front,
sides, singledeck high shelf, 6"" legs, cCSAus, NSF, 480v","Overall Dimensions:
Left to Right: 36""
Front to Back: 34""
Height: 58""

Interior Dimensions:
Left to Right: 26 1/2""
Front to Back: 26 3/8""
Height: 14""
Restaurant Range, electric, 36"", (3) hot tops, thermostatic controls,
standard oversized oven, includes (1) rack, stainless steel front,
sides, single‐deck high shelf, 6"" legs, cCSAus, NSF, 480v",{},{},[],true,2025-03-06 13:08:05+00,2025-02-22 03:38:39+00
672,56,2,51,TXM-20 Manual Tortilla Press,TXM-20 Manual Tortilla Press,TXM-20,doughxpress-food-processor-txm-20-672,19960.00,,"Make fresh hot tortillas for better flavor and restaurant atmosphere than pre packaged
Presses dough evenly and consistently every time
Does not require skilled labor
Works for both flour and corn tortillas
Large 16-inches X 20-inches platens can press up to six 6-inches tortillas at once","Make fresh hot tortillas for better flavor and restaurant atmosphere than pre packaged
Presses dough evenly and consistently every time
Does not require skilled labor
Works for both flour and corn tortillas
Large 16-inches X 20-inches platens can press up to six 6-inches tortillas at once",{},{},[],true,2025-03-20 14:51:10+00,2025-12-08 13:04:47.773379+00
673,52,4,59,Slayer Steam EP 2 Group Espresso Machine,Slayer Steam EP 2 Group Espresso Machine,EP 2 Group,slayer-coffee-machine-ep-2-group-673,61500.00,,"Individual Brew Boilers with PID Control	Ensures precise temperature stability for each group head.
Push-Button Volumetric Output	Programmable shot volumes per group for consistent results.
9-Bar Extraction with Pre-Wet	Programmable pre-wetting and pause before full extraction for optimal flavor.
Electronic Solenoid Steam Valve	Reliable and low-maintenance steam valve.
Centralized Barista Dashboard	Clear display for essential information, programming, and adjustments.
Shot Timer	Built-in timer for monitoring extraction time.","Individual Brew Boilers with PID Control	Ensures precise temperature stability for each group head.
Push-Button Volumetric Output	Programmable shot volumes per group for consistent results.
9-Bar Extraction with Pre-Wet	Programmable pre-wetting and pause before full extraction for optimal flavor.
Electronic Solenoid Steam Valve	Reliable and low-maintenance steam valve.
Centralized Barista Dashboard	Clear display for essential information, programming, and adjustments.
Shot Timer	Built-in timer for monitoring extraction time.",{},{},[],true,2025-03-29 12:34:09+00,2025-12-08 13:04:47.773379+00
674,52,4,59,Slayer Steam LP 2 Group Espresso Machine,Slayer Steam LP 2 Group Espresso Machine,LP 2 Group,slayer-coffee-machine-lp-2-group-674,71000.00,,"Variable Pressure: Manually shift between a regulated low-pressure and a traditional pump-pressure easily with the brew actuator
Intuitive Volumetric Interface: Quickly and easily “record” your last manual shot and “replay” it all day
Quick Calibration: Scroll and adjust values to make small changes or set up the full brew recipe
Barista Dashboard per Group: Easy to operate, program and fine tune your machine from individual screens per grouphead
Electronic Solenoid Steam Valve: Reliable, low maintenance valves don’t need rebuilding like mechanical valves
Big Adjustable Drip Tray: Easily stage drinks","Variable Pressure: Manually shift between a regulated low-pressure and a traditional pump-pressure easily with the brew actuator
Intuitive Volumetric Interface: Quickly and easily “record” your last manual shot and “replay” it all day
Quick Calibration: Scroll and adjust values to make small changes or set up the full brew recipe
Barista Dashboard per Group: Easy to operate, program and fine tune your machine from individual screens per grouphead
Electronic Solenoid Steam Valve: Reliable, low maintenance valves don’t need rebuilding like mechanical valves
Big Adjustable Drip Tray: Easily stage drinks",{},{},[],true,2025-03-29 12:38:25+00,2025-12-08 13:04:47.773379+00
675,37,3,54,Convection ovens – 10 trays -DIGITAL LUX,Convection ovens – 10 trays -DIGITAL LUX,FEDL10NEMIDVH2 0,sap-ovens-fedl10nemidvh2-0-675,0.00,,"Loading capacity: 10 – 600 x 400
Distance between trays : 80 mm
Electrical Power: 12.7 kw Voltage 220/240V -3N- 380/400V","Loading capacity: 10 – 600 x 400
Distance between trays : 80 mm
Electrical Power: 12.7 kw Voltage 220/240V -3N- 380/400V",{},{},[],true,2025-03-29 12:44:59+00,2025-12-08 13:04:47.773379+00
676,55,3,54,MENUMASTER Commercial Microwave RCS511TSU,MENUMASTER Commercial Microwave RCS511TSU,RCS511TSU,menu-master-ovens-rcs511tsu-676,2800.00,,"Defrosts most frozen food products.
User friendly touch controls are easy to use.
Time entry option for added flexibility.
Digital display with countdown timer for simple operation and ""at a glance"" monitoring.
See through door and lighted interior for monitoring without opening the door.
Accommodates a 356 mm (14"") platter, pre-packaged foods and single servings.
Stackable to save valuable counter space.
Stainless steel exterior and interior for easy cleaning and a professional look.","Defrosts most frozen food products.
User friendly touch controls are easy to use.
Time entry option for added flexibility.
Digital display with countdown timer for simple operation and ""at a glance"" monitoring.
See through door and lighted interior for monitoring without opening the door.
Accommodates a 356 mm (14"") platter, pre-packaged foods and single servings.
Stackable to save valuable counter space.
Stainless steel exterior and interior for easy cleaning and a professional look.",{},{},[],true,2025-03-29 12:49:45+00,2025-12-08 13:04:47.773379+00
678,61,12,85,Lavezzini Unica Vacuum Packer,Lavezzini Unica Vacuum Packer,UNICA,other-vacuum-packing-machines-unica-678,7500.00,,"These models are meant to be the entry into the field of professional vacuum packaging with chamber machines.
These models are easily recognizable for their top quality structure,
They're extremely high work capacity.
They have an accurate but simple electronic device.
They can work with different kinds of vacuum bags.
Make vacuum in external recipients and even in embossed bags by external suction.
Totally stainless steel built and equipped with printed vacuum chambers and totally
removable sealing bars.","These models are meant to be the entry into the field of professional vacuum packaging with chamber machines.
These models are easily recognizable for their top quality structure,
They're extremely high work capacity.
They have an accurate but simple electronic device.
They can work with different kinds of vacuum bags.
Make vacuum in external recipients and even in embossed bags by external suction.
Totally stainless steel built and equipped with printed vacuum chambers and totally
removable sealing bars.",{},{},[],true,2025-03-29 13:14:09+00,2025-12-08 13:04:47.773379+00
679,61,2,51,MEAT SLICERS SXE SERIES – SXE 250,MEAT SLICERS SXE SERIES – SXE 250,(BKL 250)  SXE 250,other-food-processor-bkl-250--sxe-250-679,2500.00,,"Meat Slicers SXE SERIES
Casted aluminium body painted
Cutting thickness: 0 ~15mm Fixed
sharpener
Power: 160W
Blade:250mm
Cutting Capacity: 160×210 mm
Dim: 390x510x380 mm
Weight: 15.5 kg
Made by Beckers, Italy","Meat Slicers SXE SERIES
Casted aluminium body painted
Cutting thickness: 0 ~15mm Fixed
sharpener
Power: 160W
Blade:250mm
Cutting Capacity: 160×210 mm
Dim: 390x510x380 mm
Weight: 15.5 kg
Made by Beckers, Italy",{},{},[],true,2025-03-29 13:28:19+00,2025-12-08 13:04:47.773379+00
680,61,2,48,Stainless Steel Electrical Griddle,Stainless Steel Electrical Griddle,EG3000,other-cooking-ranges-eg3000-680,0.00,,"Stainless Steel body
Temperature range 50°C to 300°C.
1, 2 to 3 tubular heaters of 1750 watt each.
9mm / 12mm thick, flat polished steel griddle plate.
Removable stainless steel grease drip pan with drain holes.","Stainless Steel body
Temperature range 50°C to 300°C.
1, 2 to 3 tubular heaters of 1750 watt each.
9mm / 12mm thick, flat polished steel griddle plate.
Removable stainless steel grease drip pan with drain holes.",{},{},[],true,2025-03-29 13:47:17+00,2025-12-08 13:04:47.773379+00
681,49,8,76,Fagor 2-Door Refrigerated Counter (CCP-2G),Fagor 2-Door Refrigerated Counter (CCP-2G),CCP-2G,fagor-commercial-refrigerator-ccp-2g-681,6950.00,,"304 Stainless Steel construction 
Digital display
Digital controls
Automatic defrost
Interior LED lighting
Self closing / stay open doors
2 sets of tray rails per section
Height adjustable tray slides
Built-in drainage
Climate class IV
100mm upstand as standard
On castors, 2 braked to front","304 Stainless Steel construction 
Digital display
Digital controls
Automatic defrost
Interior LED lighting
Self closing / stay open doors
2 sets of tray rails per section
Height adjustable tray slides
Built-in drainage
Climate class IV
100mm upstand as standard
On castors, 2 braked to front",{},{},[],true,2025-04-01 16:01:21+00,2025-12-08 13:04:47.773379+00
682,49,8,76,Fagor EERM Series Back Bar Cooler 2 Door Stainless Steel EERM-2 SS,Fagor EERM Series Back Bar Cooler 2 Door Stainless Steel EERM-2 SS,EERM-2 SS,fagor-commercial-refrigerator-eerm-2-ss-682,4950.00,,"Dimensions900(H) x 925(W) x 565(D)mm
MaterialGalvanised Steel
Voltage220-240V
Warranty2 Years Parts & Labour
Weight80kg
Energy RatingG","Dimensions900(H) x 925(W) x 565(D)mm
MaterialGalvanised Steel
Voltage220-240V
Warranty2 Years Parts & Labour
Weight80kg
Energy RatingG",{},{},[],true,2025-04-01 16:04:40+00,2025-12-08 13:04:47.773379+00
683,37,2,51,Potato peeler 30kg,Potato peeler 30kg,PL30TEX / PL30,sap-food-processor-pl30tex--pl30-683,10600.00,,"Potato peeler 30kg
Motor: 400V/50Hz EX, Power:
1.5Hp
Hourly output: 350/370 kg
Weight: 55/60 kg
Dim: 47.6x90x119 cm
Packing Dim: 100x60x60 cm
Made by SAP, Italy","Potato peeler 30kg
Motor: 400V/50Hz EX, Power:
1.5Hp
Hourly output: 350/370 kg
Weight: 55/60 kg
Dim: 47.6x90x119 cm
Packing Dim: 100x60x60 cm
Made by SAP, Italy",{},{},[],true,2025-04-14 15:35:05+00,2025-12-08 13:04:47.773379+00
684,43,2,51,FOOD PROCESSOR CUTTER & VEGETABLE SLICER,FOOD PROCESSOR CUTTER & VEGETABLE SLICER,R502G / 2382,robot-coupe-food-processor-r502g--2382-684,15900.00,,"cutter/vegetable slicer.
Three phase.
Power 900 W.
Speeds: 750/1500 rpm.
5.9 litre stainless steel cutter bowl with Soft Touch handle and smooth bowl-base blade assembly.
Timer.
Metal vegetable preparation attachment with side ejection equipped with 2 hoppers : 1 half moon hopper 2.2 l and 1 cylindrical hopper Ø 58 mm and Ø 39 mm, Exactitube pusher.
No disc included.
Large range of more than 50 discs as option.
30 to 300 meals.","cutter/vegetable slicer.
Three phase.
Power 900 W.
Speeds: 750/1500 rpm.
5.9 litre stainless steel cutter bowl with Soft Touch handle and smooth bowl-base blade assembly.
Timer.
Metal vegetable preparation attachment with side ejection equipped with 2 hoppers : 1 half moon hopper 2.2 l and 1 cylindrical hopper Ø 58 mm and Ø 39 mm, Exactitube pusher.
No disc included.
Large range of more than 50 discs as option.
30 to 300 meals.",{},{},[],true,2025-04-14 15:43:39+00,2025-12-08 13:04:47.773379+00
685,43,2,51,VEGETABLE PREPARATION MACHINE,VEGETABLE PREPARATION MACHINE,CL 50E,robot-coupe-food-processor-cl-50e-685,7800.00,,"Power: 0,55 kW
Voltage: 230V, 50 Hz / 400V, 50Hz /120V, 60Hz
Speed(s): 375 rpm
Feed tube(s): Half moon hopper 2.2 L, Cylindrical hoppers Ø 58 mm and Ø 39 mm
Exactitube pusher: Included
Lid and bowl: Metal
Effective throughput: 150 kg/h
Motor unit: Composite material
Discs: Not included
Net weight: 18 kg
Dimensions: 380 x 305 x 595 mm
Made in France","Power: 0,55 kW
Voltage: 230V, 50 Hz / 400V, 50Hz /120V, 60Hz
Speed(s): 375 rpm
Feed tube(s): Half moon hopper 2.2 L, Cylindrical hoppers Ø 58 mm and Ø 39 mm
Exactitube pusher: Included
Lid and bowl: Metal
Effective throughput: 150 kg/h
Motor unit: Composite material
Discs: Not included
Net weight: 18 kg
Dimensions: 380 x 305 x 595 mm
Made in France",{},{},[],true,2025-04-14 15:51:16+00,2025-12-08 13:04:47.773379+00
687,37,2,51,Bone saw 2460,Bone saw 2460,2460,sap-food-processor-2460-687,23500.00,,"HEAVEY DUTY MACHINE
MODEL: SO-2460/I
             (SO2460EX)
Bone saw 2460 inox
Power: 400V-50Hz-1.1Kw
Dim: 71x76x171 cm
Weight: 121 kg
Made by SAP, Italy Stainless steel bone saw extremely robust, reliable, safe and easy to handle and use. Ideal for processing any type of meat, whether fresh or frozen. Necessary for butcher’s shops, the meat processing sector, fishmongers’ shops, restaurants and canteens. ","HEAVEY DUTY MACHINE
MODEL: SO-2460/I
             (SO2460EX)
Bone saw 2460 inox
Power: 400V-50Hz-1.1Kw
Dim: 71x76x171 cm
Weight: 121 kg
Made by SAP, Italy  Stainless steel bone saw extremely robust, reliable, safe and easy to handle and use. Ideal for processing any type of meat, whether fresh or frozen. Necessary for butcher’s shops, the meat processing sector, fishmongers’ shops, restaurants and canteens. ",{},{},[],true,2025-04-14 15:59:56+00,2025-12-08 13:04:47.773379+00
688,37,2,51,Meat mincer,Meat mincer,TC-32,sap-food-processor-tc-32-688,5125.00,,"S/S meat mincer 32 mm
Cap: 600kg/hr
Power: 400V-50Hz-2.2Kw 3 HP
THREE PHASE
Weight: 43 kg
Dim: 47x30x45 cm
Made by SAP, Italy","S/S meat mincer 32 mm
Cap: 600kg/hr
Power: 400V-50Hz-2.2Kw 3 HP
THREE PHASE
Weight: 43 kg
Dim: 47x30x45 cm
Made by SAP, Italy",{},{},[],true,2025-04-14 16:06:24+00,2025-12-08 13:04:47.773379+00
689,49,2,48,Fagor Kore 900 Series Gas Tilting Bratt Pans - SB-G915IM,Fagor Kore 900 Series Gas Tilting Bratt Pans - SB-G915IM,SB-G915IM,fagor-cooking-ranges-sb-g915im-689,27000.00,,"NG or LPG, 120L capacity
Laser-cut joints, automatic welding, and polishes. Screws are hidden from view.
Motorized or crank-operated elevation systems which are able to raise the pan until it's vertical, to empty it completely
Versions with cast iron and stainless steel pans
Pan design with rounded corners and no edges, and a wide opening for unloading, making all cooking and cleaning operations easier.
Flange around the perimeter to stop any condensed water from spilling over.
The bottom of the wells is very thick (8mm for iron pans and 10 mm for stainless steel pans), guaranteeing even heat distribution.
Pans filled with water using an electric valve operated with a switch on the front of the machines. The filling pipe is located at the back of the machine.
Double-walled lid with drainer at the back to redirect condensation water back into the well.
Lid balance system by springs.
Compensation system to avoid heavy falls. Can be regulated, with the same system for all modules.
Micro breaking switch halts heating when the pan is raised.
High-temperature enameled cast iron flue protector.
Access to the components from the front
Machines with IPX5 grade water protection","NG or LPG, 120L capacity
Laser-cut joints, automatic welding, and polishes. Screws are hidden from view.
Motorized or crank-operated elevation systems which are able to raise the pan until it's vertical, to empty it completely
Versions with cast iron and stainless steel pans
Pan design with rounded corners and no edges, and a wide opening for unloading, making all cooking and cleaning operations easier.
Flange around the perimeter to stop any condensed water from spilling over.
The bottom of the wells is very thick (8mm for iron pans and 10 mm for stainless steel pans), guaranteeing even heat distribution.
Pans filled with water using an electric valve operated with a switch on the front of the machines. The filling pipe is located at the back of the machine.
Double-walled lid with drainer at the back to redirect condensation water back into the well.
Lid balance system by springs.
Compensation system to avoid heavy falls. Can be regulated, with the same system for all modules.
Micro breaking switch halts heating when the pan is raised.
High-temperature enameled cast iron flue protector.
Access to the components from the front
Machines with IPX5 grade water protection",{},{},[],true,2025-04-14 16:18:38+00,2025-12-08 13:04:47.773379+00
690,49,2,48,Fagor Gas Bratt Pan – SB-E915IM,Fagor Gas Bratt Pan – SB-E915IM,SB-E915IM,fagor-cooking-ranges-sb-e915im-690,26000.00,,"Electric heating by means of shielded stainless steel electrical resistances at the pan bottom.
The pan thick bottom ensures an even distribution of heat and an even cooking of food.
Range of temperature between 100 and 310 Â°C controlled by thermostat.
Fitted with safety thermostat.
Automatic heating shut off when the container is tilted.
The pan can be filled by electro valve operated by a switch at the front panel. The filling tap is located at the back of the machine.
Lid is double-lined, with back drain to redirect condensation water into the pan.
Lid-balancing springs. Front access cover handle.
Automatic tilting system. The pan can tilt 90 Âº, for a total emptying
Water-tight and protecting-support controls.","Electric heating by means of shielded stainless steel electrical resistances at the pan bottom.
The pan thick bottom ensures an even distribution of heat and an even cooking of food.
Range of temperature between 100 and 310 Â°C controlled by thermostat.
Fitted with safety thermostat.
Automatic heating shut off when the container is tilted.
The pan can be filled by electro valve operated by a switch at the front panel. The filling tap is located at the back of the machine.
Lid is double-lined, with back drain to redirect condensation water into the pan.
Lid-balancing springs. Front access cover handle.
Automatic tilting system. The pan can tilt 90 Âº, for a total emptying
Water-tight and protecting-support controls.",{},{},[],true,2025-04-14 16:23:47+00,2025-12-08 13:04:47.773379+00
691,49,2,48,Fagor - Gas Indirect Heated Boiling Pan 150 Ltr - M-G915 BM,Fagor - Gas Indirect Heated Boiling Pan 150 Ltr - M-G915 BM,M-G915,fagor-cooking-ranges-m-g915-691,23900.00,,"Gas Indirect Heated Boiling Pan Overview
•Brand: FAGOR
•Make: SPAIN
•Model: M-G915 BM.
•Power: 230V/50Hz/1Ph,.10 kw; Gas
Power: 24 kw.
•Dimensions: 800 x 930 x 850mm.
•Made of stainless steel AISI 304 Grade.
•Double jacket Pan, Bottom of Well: AISI-316-L.
•Automatic chamber level control.","Gas Indirect Heated Boiling Pan Overview
•Brand: FAGOR
•Make: SPAIN
•Model: M-G915 BM.
•Power: 230V/50Hz/1Ph,.10 kw; Gas
Power: 24 kw.
•Dimensions: 800 x 930 x 850mm.
•Made of stainless steel AISI 304 Grade.
•Double jacket Pan, Bottom of Well: AISI-316-L.
•Automatic chamber level control.",{},{},[],true,2025-04-15 14:15:55+00,2025-12-08 13:04:47.773379+00
694,59,2,48,"Steam Jacketed Kettle ","Steam Jacketed Kettle ",DH-40,groen-cooking-ranges-dh-40-694,0.00,,"Kettle shall have a gas-heated (natural, butane, propane)
self-contained steam source to provide kettle temperatures
of 150 to approximately 295F. Unit shall be factory
charged with chemically-pure water and rust inhibitors to
ensure long life and minimum maintenance. ","Kettle shall have a gas-heated (natural, butane, propane)
self-contained steam source to provide kettle temperatures
of 150 to approximately 295˚F. Unit shall be factory
charged with chemically-pure water and rust inhibitors to
ensure long life and minimum maintenance. ",{},{},[],true,2025-04-16 12:33:38+00,2025-04-16 12:33:38+00
697,49,2,48,Fagor - Gas Tilting Bratt Pan 120 Ltr - SB-G915 IM,Fagor - Gas Tilting Bratt Pan 120 Ltr - SB-G915 IM,SB-G915,fagor-cooking-ranges-sb-g915-697,0.00,,"
Gas Tilting Bratt Pan Overview
•Brand: FAGOR
•Make: SPAIN
•Model: SB-G915 IM
•Power: 230 V / 50 Hz / 1 Ph.
•Gas Power: 25 kw.
•Dimensions: 1200 x 930 x 850 mm.
•Material: AISI 304 Grade, 10 mm thick.
•Tilting Type: Motorized Tilting system.
•Thermostat temperature control: 50º C to 310º C.","
Gas Tilting Bratt Pan Overview
•Brand: FAGOR
•Make: SPAIN
•Model: SB-G915 IM
•Power: 230 V / 50 Hz / 1 Ph.
•Gas Power: 25 kw.
•Dimensions: 1200 x 930 x 850 mm.
•Material: AISI 304 Grade, 10 mm thick.
•Tilting Type: Motorized Tilting system.
•Thermostat temperature control: 50º C to 310º C.",{},{},[],true,2025-04-24 05:34:12+00,2025-04-24 05:34:12+00
698,60,2,48,"Rational iCombi Pro 101G , 10x1/1 GN Kapasiteli","Rational iCombi Pro 101G , 10x1/1 GN Kapasiteli",iCombi Pro 101G,rational-cooking-ranges-icombi-pro-101g-698,49000.00,,"> 10 lengthwise insertion for 1/1
GN-Accessories
> Removable standard racks with 68
mm insertion distance
> Wide range of accessories for
various cooking processes such as
grilling, braising or baking
> For use with 1/1, 1/2, 2/3, 1/3
GN-Accessories iDensityControl is the intelligent climate management system in the iCombi Pro. Thanks to
the interaction of sensors, high-performance heating system and live steam generator as well
as its active dehumidification, the right cooking chamber climate is always available.","> 10 lengthwise insertion for 1/1
GN-Accessories
> Removable standard racks with 68
mm insertion distance
> Wide range of accessories for
various cooking processes such as
grilling, braising or baking
> For use with 1/1, 1/2, 2/3, 1/3
GN-Accessories iDensityControl is the intelligent climate management system in the iCombi Pro. Thanks to
the interaction of sensors, high-performance heating system and live steam generator as well
as its active dehumidification, the right cooking chamber climate is always available.",{},{},[],true,2025-04-24 05:49:36+00,2025-12-08 13:04:47.773379+00
699,49,2,48,SB-G910 M LPG,SB-G910 M LPG,G910,fagor-cooking-ranges-g910-699,18500.00,,"GAS TILTING BRATT PAN, SB-G910 M
Tilting bratt pans are so versatile devices that when fitted with the
right accessory (tilting pan, thermostat, filling tap…) they can be
considered as four in one machines.
They can be used:
as a fryer, to fry small size products.
as a fry-top, to grill or “dry heat cook”.
as a boiling pan, for wet cooking.
to bain marie, keeping minimum temperature.","GAS TILTING BRATT PAN, SB-G910 M
Tilting bratt pans are so versatile devices that when fitted with the
right accessory (tilting pan, thermostat, filling tap…) they can be
considered as four in one machines.
They can be used:
as a fryer, to fry small size products.
as a fry-top, to grill or “dry heat cook”.
as a boiling pan, for wet cooking.
to bain marie, keeping minimum temperature.",{},{},[],true,2025-04-24 05:52:10+00,2025-12-08 13:04:47.773379+00
700,49,2,51,Fagor CO-142,Fagor CO-142,CO-142,fagor-food-processor-co-142-700,12900.00,,"- Boiler with volume of 9 litres, with 9 kW heating element.
- Alternating or simultaneous tank and boiler heating.
- Thermal stop system which guarantees a rinse
temperature of 85°C. Standard factory setting disabled.
- Maximum Total power: 9.75 kW (alternating) or 14.75 kW
(simultaneous).
- IPX4 anti-humidity protection.","- Boiler with volume of 9 litres, with 9 kW heating element.
- Alternating or simultaneous tank and boiler heating.
- Thermal stop system which guarantees a rinse
temperature of 85°C. Standard factory setting disabled.
- Maximum Total power: 9.75 kW (alternating) or 14.75 kW
(simultaneous).
- IPX4 anti-humidity protection.",{},{},[],true,2025-04-24 05:59:43+00,2025-12-08 13:04:47.773379+00
701,61,2,48,Head Electric Plate Warmer - HPW-2,Head Electric Plate Warmer - HPW-2,HPW-2,other-cooking-ranges-hpw-2-701,3700.00,,"Stainless Steel Body
100 Plate in on go
Easily Movable","Stainless Steel Body
100 Plate in on go
Easily Movable",{},{},[],true,2025-04-24 06:07:18+00,2025-12-08 13:04:47.773379+00
704,46,8,76,M3F19-1-N,"Solid Full Door ",M3F19-1-N,turbo-air-commercial-refrigerator-m3f19-1-n-704,0.00,,"LED interior lighting

Adjustable, heavy duty, PE(polyethylene) coated wire shelves

Top mount compressor

Freezer holds -10°F ~ 0°F for the best in frozen food preservation

STANDARD FEATURES
• Anti-corrosion coated evaporator
• Self-contained system
• 4 dia. swivel casters with locks on the front set
• Door locks
• Magnetic door gaskets
• Solid and sturdy grille design","LED interior lighting

Adjustable, heavy duty, PE(polyethylene) coated wire shelves

Top mount compressor

Freezer holds -10°F ~ 0°F for the best in frozen food preservation

STANDARD FEATURES
• Anti-corrosion coated evaporator
• Self-contained system
• 4″ dia. swivel casters with locks on the front set
• Door locks
• Magnetic door gaskets
• Solid and sturdy grille design",{},{},[],true,2025-04-25 07:01:56+00,2025-12-08 13:04:47.773379+00
705,46,8,76,M3F24-1-N,Solid Full Door,M3F24-1-N,turbo-air-commercial-refrigerator-m3f24-1-n-705,0.00,,"• Anti-corrosion coated evaporator
• Self-contained system
• 4 dia. swivel casters with locks on the front set
• Door locks
• Magnetic door gaskets
• Solid and sturdy grille design","• Anti-corrosion coated evaporator
• Self-contained system
• 4″ dia. swivel casters with locks on the front set
• Door locks
• Magnetic door gaskets
• Solid and sturdy grille design",{},{},[],true,2025-04-25 07:08:25+00,2025-12-08 13:04:47.773379+00
706,46,8,76,M3F24-2-N,"Solid Half Door ",M3F24-2-N,turbo-air-commercial-refrigerator-m3f24-2-n-706,0.00,,"• Anti-corrosion coated evaporator
• Self-contained system
• 4 dia. swivel casters with locks on the front set
• Door locks
• Magnetic door gaskets
• Solid and sturdy grille design","• Anti-corrosion coated evaporator
• Self-contained system
• 4″ dia. swivel casters with locks on the front set
• Door locks
• Magnetic door gaskets
• Solid and sturdy grille design",{},{},[],true,2025-04-25 07:13:20+00,2025-12-08 13:04:47.773379+00
707,46,8,76,M3F47-2-N,Solid Full Door,M3F47-2-N,turbo-air-commercial-refrigerator-m3f47-2-n-707,0.00,,"• Anti-corrosion coated evaporator
• Self-contained system
• 4 dia. swivel casters with locks on the front set
• Door locks
• Magnetic door gaskets
• Solid and sturdy grille design","• Anti-corrosion coated evaporator
• Self-contained system
• 4″ dia. swivel casters with locks on the front set
• Door locks
• Magnetic door gaskets
• Solid and sturdy grille design",{},{},[],true,2025-04-25 07:16:08+00,2025-12-08 13:04:47.773379+00
708,46,8,76,M3F47-4-N,Solid Half Door,M3F47-4-N,turbo-air-commercial-refrigerator-m3f47-4-n-708,0.00,,"• Anti-corrosion coated evaporator
• Self-contained system
• Standard 4 dia. swivel casters with locks on the front set
• Door locks
• Magnetic door gaskets
• Solid and sturdy grille design","• Anti-corrosion coated evaporator
• Self-contained system
• Standard 4″ dia. swivel casters with locks on the front set
• Door locks
• Magnetic door gaskets
• Solid and sturdy grille design",{},{},[],true,2025-04-25 07:19:29+00,2025-12-08 13:04:47.773379+00
709,46,8,76,M3F72-3-N,Solid Full Door,M3F72-3-N,turbo-air-commercial-refrigerator-m3f72-3-n-709,0.00,,"• Anti-corrosion coated evaporator
• Self-contained system
• 4 dia. swivel casters with locks on the front set
• Door locks
• Magnetic door gaskets
• Solid and sturdy grille design","• Anti-corrosion coated evaporator
• Self-contained system
• 4″ dia. swivel casters with locks on the front set
• Door locks
• Magnetic door gaskets
• Solid and sturdy grille design",{},{},[],true,2025-04-25 07:23:24+00,2025-12-08 13:04:47.773379+00
710,46,8,76," Solid Half Door"," Solid Half Door",M3F72-6-N,turbo-air-commercial-refrigerator-m3f72-6-n-710,0.00,,"• Anti-corrosion coated evaporator
• Self-contained system
• 4 dia. swivel casters with locks on the front set
• Magnetic door gaskets
• Solid and sturdy grille design","• Anti-corrosion coated evaporator
• Self-contained system
• 4″ dia. swivel casters with locks on the front set
• Magnetic door gaskets
• Solid and sturdy grille design",{},{},[],true,2025-04-25 07:25:53+00,2025-04-25 07:25:53+00
716,46,8,76,Dual Temperature,Dual Temperature,M3RF45-2-N,turbo-air-commercial-refrigerator-m3rf45-2-n-716,0.00,,"• Anti-corrosion coated evaporator
• Self-contained system
• 4 dia. swivel casters with locks on the front set
• Door locks
• Solid and sturdy grille design
• LED interior lighting","• Anti-corrosion coated evaporator
• Self-contained system
• 4″ dia. swivel casters with locks on the front set
• Door locks
• Solid and sturdy grille design
• LED interior lighting",{},{},[],true,2025-04-25 07:41:25+00,2025-04-25 07:41:25+00
718,46,8,76,PRO-26-2R-G-N,"Glass Half Door ",PRO-26-2R-G-N,turbo-air-commercial-refrigerator-pro-26-2r-g-n-718,0.00,,"• Anti-corrosion coated evaporator
• Door locks
• Self-contained system
• 4 dia. swivel casters with locks on the front set
• Easy replaceable one piece magnetic door gaskets
• Solid and sturdy grille design
• Top mount compressor","• Anti-corrosion coated evaporator
• Door locks
• Self-contained system
• 4″ dia. swivel casters with locks on the front set
• Easy replaceable one piece magnetic door gaskets
• Solid and sturdy grille design
• Top mount compressor",{},{},[],true,2025-04-25 07:47:07+00,2025-04-25 07:47:07+00
719,46,8,76,"Half Door ","Half Door ",PRO-26-2R-G-PT-N,turbo-air-commercial-refrigerator-pro-26-2r-g-pt-n-719,0.00,,"• Anti-corrosion coated evaporator
• Door locks
• Self-contained system
• 4” dia. swivel casters with locks on the front set
• Easy replaceable one piece magnetic door gaskets
• Solid and sturdy grille design
• Top mount compressor","• Anti-corrosion coated evaporator
• Door locks
• Self-contained system
• 4” dia. swivel casters with locks on the front set
• Easy replaceable one piece magnetic door gaskets
• Solid and sturdy grille design
• Top mount compressor",{},{},[],true,2025-04-25 07:50:06+00,2025-04-25 07:50:06+00
720,46,8,76," Solid Glass Combination"," Solid Glass Combination",PRO-26-2R-GS-PT-N,turbo-air-commercial-refrigerator-pro-26-2r-gs-pt-n-720,0.00,,"• Anti-corrosion coated evaporator
• Door locks
• Self-contained system
• 4” dia. swivel casters with locks on the front set
• Easy replaceable one piece magnetic door gaskets
• Solid and sturdy grille design
• Top mount compressor","• Anti-corrosion coated evaporator
• Door locks
• Self-contained system
• 4” dia. swivel casters with locks on the front set
• Easy replaceable one piece magnetic door gaskets
• Solid and sturdy grille design
• Top mount compressor",{},{},[],true,2025-04-25 07:53:56+00,2025-04-25 07:53:56+00
721,46,8,76,PRO-26-2R-N,Solid Half Door,PRO-26-2R-N,turbo-air-commercial-refrigerator-pro-26-2r-n-721,0.00,,"Thermostatic expansion valve

LED interior lighting

Refrigerator holds 33°F ~ 38°F for the best in food preservation

Built to maintain NSF standard temperatures in 100°F ambient

• PRO-26-2R-N: Right hinged
• PRO-26-2R-N-L: Left hinged

STANDARD FEATURES
• Anti-corrosion coated evaporator
• Door locks
• Self-contained system
• 4 dia. swivel casters with locks on the front set
• Easily replaceable one piece magnetic door gaskets
• Solid and sturdy grille design
• Top mount compressor","Thermostatic expansion valve

LED interior lighting

Refrigerator holds 33°F ~ 38°F for the best in food preservation

Built to maintain NSF standard temperatures in 100°F ambient

• PRO-26-2R-N: Right hinged
• PRO-26-2R-N-L: Left hinged

STANDARD FEATURES
• Anti-corrosion coated evaporator
• Door locks
• Self-contained system
• 4″ dia. swivel casters with locks on the front set
• Easily replaceable one piece magnetic door gaskets
• Solid and sturdy grille design
• Top mount compressor",{},{},[],true,2025-04-25 17:48:34+00,2025-04-25 17:48:34+00
724,46,8,76,Solid / Glass Combination,Solid / Glass Combination,PRO-26R-GSH-N,turbo-air-commercial-refrigerator-pro-26r-gsh-n-724,0.00,,"• Anti-corrosion coated evaporator
• Door locks
• Self-contained system
• 4 dia. swivel casters with locks on the front set
• Easy replaceable one piece magnetic door gaskets
• Solid and sturdy grille design
• Top mount compressor","• Anti-corrosion coated evaporator
• Door locks
• Self-contained system
• 4″ dia. swivel casters with locks on the front set
• Easy replaceable one piece magnetic door gaskets
• Solid and sturdy grille design
• Top mount compressor",{},{},[],true,2025-04-25 17:59:38+00,2025-04-25 17:59:38+00
727,46,8,76,PRO-26R-RI-N,"Solid Full Door ",PRO-26R-RI-N,turbo-air-commercial-refrigerator-pro-26r-ri-n-727,0.00,,"• Anti-corrosion coated evaporator
• Door locks
• Self-contained system
• Solid and sturdy grille design
• Heavy duty stainless steel ramp standard
• Top mount compressor","• Anti-corrosion coated evaporator
• Door locks
• Self-contained system
• Solid and sturdy grille design
• Heavy duty stainless steel ramp standard
• Top mount compressor",{},{},[],true,2025-04-25 18:09:48+00,2025-04-25 18:09:48+00
729,46,8,76,PRO-50-4R-G-N,"Glass Half Door ",PRO-50-4R-G-N,turbo-air-commercial-refrigerator-pro-50-4r-g-n-729,0.00,,"• Anti-corrosion coated evaporator
• Door locks
• Self-contained system
• 4 dia. swivel casters with locks on the front set
• Easy replaceable one piece magnetic door gaskets
• Solid and sturdy grille design
• Top mount compressor","• Anti-corrosion coated evaporator
• Door locks
• Self-contained system
• 4″ dia. swivel casters with locks on the front set
• Easy replaceable one piece magnetic door gaskets
• Solid and sturdy grille design
• Top mount compressor",{},{},[],true,2025-04-25 18:20:59+00,2025-04-25 18:20:59+00
730,46,8,76,Glass Full / Half Door,Glass Full / Half Door,PRO-50-4R-G-PT-N,turbo-air-commercial-refrigerator-pro-50-4r-g-pt-n-730,0.00,," Anti-corrosion coated evaporator
• Door locks
• Self-contained system
• 4” dia. swivel casters with locks on the front set
• Easy replaceable one piece magnetic door gaskets
• Solid and sturdy grille design
• Top mount compressor"," Anti-corrosion coated evaporator
• Door locks
• Self-contained system
• 4” dia. swivel casters with locks on the front set
• Easy replaceable one piece magnetic door gaskets
• Solid and sturdy grille design
• Top mount compressor",{},{},[],true,2025-04-25 18:28:29+00,2025-04-25 18:28:29+00
731,46,8,76,PRO-50-4R-N,"Solid Half Door ",PRO-50-4R-N,turbo-air-commercial-refrigerator-pro-50-4r-n-731,0.00,,"• Anti-corrosion coated evaporator
• Door locks
• Self-contained system
• 4 dia. swivel casters with locks on the front set
• Easy replaceable one piece magnetic door gaskets
• Solid and sturdy grille design
• Top mount compressor","• Anti-corrosion coated evaporator
• Door locks
• Self-contained system
• 4″ dia. swivel casters with locks on the front set
• Easy replaceable one piece magnetic door gaskets
• Solid and sturdy grille design
• Top mount compressor",{},{},[],true,2025-04-25 18:32:53+00,2025-04-25 18:32:53+00
734,46,8,76,PRO-50F-RI-N,PRO-50F-RI-N,PRO-50F-RI-N,turbo-air-commercial-refrigerator-pro-50f-ri-n-734,0.00,,"• Anti-corrosion coated evaporator
• Door locks
• Self-contained system
• Solid and sturdy grille design
• Heavy duty stainless steel ramp standard
• Top mount compressor","• Anti-corrosion coated evaporator
• Door locks
• Self-contained system
• Solid and sturdy grille design
• Heavy duty stainless steel ramp standard
• Top mount compressor",{},{},[],true,2025-04-25 18:42:21+00,2025-04-25 18:42:21+00
736,46,8,76,Solid  Glass Combination,Solid  Glass Combination,PRO-50R-GSH-N,turbo-air-commercial-refrigerator-pro-50r-gsh-n-736,0.00,,"• Anti-corrosion coated evaporator
• Door locks
• Self-contained system
• 4 dia. swivel casters with locks on the front set
• Easy replaceable one piece magnetic door gaskets
• Solid and sturdy grille design
• Top mount compressor","• Anti-corrosion coated evaporator
• Door locks
• Self-contained system
• 4″ dia. swivel casters with locks on the front set
• Easy replaceable one piece magnetic door gaskets
• Solid and sturdy grille design
• Top mount compressor",{},{},[],true,2025-04-25 18:48:11+00,2025-04-25 18:48:11+00
739,46,8,76,PRO-50R-PT-N,Solid Full / Half Door,PRO-50R-PT-N,turbo-air-commercial-refrigerator-pro-50r-pt-n-739,0.00,,"• Anti-corrosion coated evaporator
• Door locks
• Self-contained system
• 4 dia. swivel casters with locks on the front set
• Easy replaceable one piece magnetic door gaskets
• Solid and sturdy grille design
• Top mount compressor","• Anti-corrosion coated evaporator
• Door locks
• Self-contained system
• 4″ dia. swivel casters with locks on the front set
• Easy replaceable one piece magnetic door gaskets
• Solid and sturdy grille design
• Top mount compressor",{},{},[],true,2025-04-25 19:00:51+00,2025-04-25 19:00:51+00
740,46,8,76,PRO-50R-RI-N,Solid Full Door,PRO-50R-RI-N,turbo-air-commercial-refrigerator-pro-50r-ri-n-740,0.00,,"• Anti-corrosion coated evaporator
• Door locks
• Self-contained system
• Solid and sturdy grille design
• Heavy duty stainless steel ramp standard
• Top mount compressor","• Anti-corrosion coated evaporator
• Door locks
• Self-contained system
• Solid and sturdy grille design
• Heavy duty stainless steel ramp standard
• Top mount compressor",{},{},[],true,2025-04-25 19:02:56+00,2025-04-25 19:02:56+00
743,46,8,76,PRO-77F-N(-AL),Solid Full Door,PRO-77F-N(-AL),turbo-air-commercial-refrigerator-pro-77f-n-al-743,0.00,,"• Anti-corrosion coated evaporator
• Door locks
• Self-contained system
• 4” dia. swivel casters with locks on the front set
• Easy replaceable one piece magnetic door gaskets
• Solid and sturdy grille design
• Top mount compressor","• Anti-corrosion coated evaporator
• Door locks
• Self-contained system
• 4” dia. swivel casters with locks on the front set
• Easy replaceable one piece magnetic door gaskets
• Solid and sturdy grille design
• Top mount compressor",{},{},[],true,2025-04-25 19:12:18+00,2025-04-25 19:12:18+00
745,46,8,76,TSF-23SD-N,Solid Full Door,TSF-23SD-N,turbo-air-commercial-refrigerator-tsf-23sd-n-745,0.00,,"• Anti-corrosion coated evaporator
• Door locks
• Positive seal self-closing doors
• Easy replaceable one piece magnetic door gaskets
• Self-contained system
• Solid and sturdy grille design
• 4 dia. swivel casters with locks on the front set","• Anti-corrosion coated evaporator
• Door locks
• Positive seal self-closing doors
• Easy replaceable one piece magnetic door gaskets
• Self-contained system
• Solid and sturdy grille design
• 4″ dia. swivel casters with locks on the front set",{},{},[],true,2025-04-25 19:19:47+00,2025-04-25 19:19:47+00
746,46,8,76,TSF-49SD-N," Solid Full Door",TSF-49SD-N,turbo-air-commercial-refrigerator-tsf-49sd-n-746,0.00,,"• Anti-corrosion coated evaporator
• Door locks
• Positive seal self-closing doors
• Easy replaceable one piece magnetic door gaskets
• Self-contained system
• Solid and sturdy grille design
• 4 dia. swivel casters with locks on the front set","• Anti-corrosion coated evaporator
• Door locks
• Positive seal self-closing doors
• Easy replaceable one piece magnetic door gaskets
• Self-contained system
• Solid and sturdy grille design
• 4″ dia. swivel casters with locks on the front set",{},{},[],true,2025-04-25 19:24:58+00,2025-04-25 19:24:58+00
747,46,8,76,TSF-72SD-N," Solid Full Door ",TSF-72SD-N,turbo-air-commercial-refrigerator-tsf-72sd-n-747,0.00,,"• Door locks
• Anti-corrosion coated evaporator
• Positive seal self-closing doors
• Easy replaceable one piece magnetic door gaskets
• Self-contained system
• Solid and sturdy grille design
• 4 dia. swivel casters with locks on the front set","• Door locks
• Anti-corrosion coated evaporator
• Positive seal self-closing doors
• Easy replaceable one piece magnetic door gaskets
• Self-contained system
• Solid and sturdy grille design
• 4″ dia. swivel casters with locks on the front set",{},{},[],true,2025-04-25 19:28:28+00,2025-04-25 19:28:28+00
748,46,8,76,TSR-23GSD-N6,Glass Full Door,TSR-23GSD-N6,turbo-air-commercial-refrigerator-tsr-23gsd-n6-748,0.00,,"• Anti-corrosion coated evaporator
• Easy replaceable one piece magnetic door gaskets
• Self-contained system
• Solid and sturdy grille design
• 4 dia. swivel casters with locks on the front set","• Anti-corrosion coated evaporator
• Easy replaceable one piece magnetic door gaskets
• Self-contained system
• Solid and sturdy grille design
• 4″ dia. swivel casters with locks on the front set",{},{},[],true,2025-04-25 19:30:33+00,2025-04-25 19:30:33+00
750,46,8,76,TSR-49GSD-N,Glass Full Door,TSR-49GSD-N,turbo-air-commercial-refrigerator-tsr-49gsd-n-750,0.00,,"• Anti-corrosion coated evaporator
• Easy replaceable one piece magnetic door gaskets
• Self-contained system
• Solid and sturdy grille design
• Door locks
• 4 dia. swivel casters with locks on the front set","• Anti-corrosion coated evaporator
• Easy replaceable one piece magnetic door gaskets
• Self-contained system
• Solid and sturdy grille design
• Door locks
• 4″ dia. swivel casters with locks on the front set",{},{},[],true,2025-04-25 19:35:18+00,2025-04-25 19:35:18+00
751,46,8,76,TSR-72GSD-N,Glass Full Door,TSR-72GSD-N,turbo-air-commercial-refrigerator-tsr-72gsd-n-751,0.00,,"• Anti-corrosion coated evaporator
• Easy replaceable one piece magnetic door gaskets
• Self-contained system
• Solid and sturdy grille design
• Door locks
• 4 dia. swivel casters with locks on the front set","• Anti-corrosion coated evaporator
• Easy replaceable one piece magnetic door gaskets
• Self-contained system
• Solid and sturdy grille design
• Door locks
• 4″ dia. swivel casters with locks on the front set",{},{},[],true,2025-04-25 19:39:14+00,2025-04-25 19:39:14+00
752,43,2,51,R 101 P,R 101 P,R 101 P,robot-coupe-food-processor-r-101-p-752,0.00,,"Bowl-base twin-blade assembly
To process both large and small quantities.
Optional
- Coarse serrated blade: kneading and grinding
- Fine serrated blade: herbs and spices Lid equipped with 2 hoppers
- Large hopper (surface area 10 in²) designed for cutting bulky vegetables such as cabbage, onion, lettuce and tomatoes.
- Precision cuts also available with cylindrical hopper (Ø 2 1/4""): long and delicate fruits and vegetables.","Bowl-base twin-blade assembly
To process both large and small quantities.
Optional
- Coarse serrated blade: kneading and grinding
- Fine serrated blade: herbs and spices Lid equipped with 2 hoppers
- Large hopper (surface area 10 in²) designed for cutting bulky vegetables such as cabbage, onion, lettuce and tomatoes.
- Precision cuts also available with cylindrical hopper (Ø 2 1/4""): long and delicate fruits and vegetables.",{},{},[],true,2025-04-26 16:45:28+00,2025-04-26 16:45:28+00
753,43,2,51,R 101 P Plus,R 101 P Plus,R 101 P Plus,robot-coupe-food-processor-r-101-p-plus-753,0.00,,"Discs	Included: slicing discs 1 mm (3/64"") & 4 mm (5/32""),
grating discs 2 mm (5/64"") & 6 mm (1/4""),
julienne 6 mm (1/4"")  Cutter bowl
1.9L clear composite bowl To process both large and small quantities.
Optional:
- Coarse serrated blade: kneading and grinding
- Fine serrated blade: herbs and spices","Discs	Included: slicing discs 1 mm (3/64"") & 4 mm (5/32""),
grating discs 2 mm (5/64"") & 6 mm (1/4""),
julienne 6 mm (1/4"")  Cutter bowl
1.9L clear composite bowl To process both large and small quantities.
Optional:
- Coarse serrated blade: kneading and grinding
- Fine serrated blade: herbs and spices",{},{},[],true,2025-04-26 16:49:50+00,2025-04-26 16:49:50+00
756,43,2,51,R 301,R 301,R 301,robot-coupe-food-processor-r-301-756,0.00,," Large hopper (surface area 16 in²) designed for cutting bulky vegetables such as cabbage, onion, lettuce and tomatoes.
-  Precision cuts also available with cylindrical hopper (Ø 2 1/4""): long and delicate fruits and vegetables.A compact countertop model with a small footprint that allows for a broad variety of cuts and bowl cutter preparations.
- Side ejection: Space saving.
- Equipped with an automatic lever-operated restart to save time and for greater comfort."," Large hopper (surface area 16 in²) designed for cutting bulky vegetables such as cabbage, onion, lettuce and tomatoes.
-  Precision cuts also available with cylindrical hopper (Ø 2 1/4""): long and delicate fruits and vegetables.A compact countertop model with a small footprint that allows for a broad variety of cuts and bowl cutter preparations.
- Side ejection: Space saving.
- Equipped with an automatic lever-operated restart to save time and for greater comfort.",{},{},[],true,2025-04-26 17:09:12+00,2025-04-26 17:09:12+00
757,43,2,51,R 301 Ultra,R 301 Ultra,R 301 Ultra,robot-coupe-food-processor-r-301-ultra-757,0.00,,"3.7L stainless steel bowl with handle.
A multi-function compact table-top model, easy to clean and simple to store - even in the tiniest of kitchens.
- Cutter to chop, emulsify, knead, grind and prepare sauces.
- Vegetable slicer to easily slice, grate and julienne for salads, sandwich filling and general daily food preparation.","3.7L stainless steel bowl with handle.
A multi-function compact table-top model, easy to clean and simple to store - even in the tiniest of kitchens.
- Cutter to chop, emulsify, knead, grind and prepare sauces.
- Vegetable slicer to easily slice, grate and julienne for salads, sandwich filling and general daily food preparation.",{},{},[],true,2025-04-26 17:14:14+00,2025-04-26 17:14:14+00
758,43,2,51,R 402,R 402,R 402,robot-coupe-food-processor-r-402-758,0.00,,"4.5L stainless steel bowl with handle. 
A multi-function compact table-top model, easy to clean and simple to store - even in the tiniest of kitchens.
- Cutter to chop, emulsify, knead, grind and prepare sauces.
- Vegetable slicer to easily slice, grate, julienne, dicing and French fries for salads and general daily food preparation.","4.5L stainless steel bowl with handle. 
A multi-function compact table-top model, easy to clean and simple to store - even in the tiniest of kitchens.
- Cutter to chop, emulsify, knead, grind and prepare sauces.
- Vegetable slicer to easily slice, grate, julienne, dicing and French fries for salads and general daily food preparation.",{},{},[],true,2025-04-26 18:00:29+00,2025-04-26 18:00:29+00
759,43,2,51,R 502,R 502,R 502,robot-coupe-food-processor-r-502-759,0.00,,"A multi-function machine designed for vegetable preparation and all round use!
- Cutter to chop, emulsify, knead, grind and prepare sauces
- Vegetable slicer to easily handle your daily preparation: slice, grate, ripple cut, julienne, French Fry and dice","A multi-function machine designed for vegetable preparation and all round use!
- Cutter to chop, emulsify, knead, grind and prepare sauces
- Vegetable slicer to easily handle your daily preparation: slice, grate, ripple cut, julienne, French Fry and dice",{},{},[],true,2025-04-26 18:11:46+00,2025-04-26 18:11:46+00
760,43,2,51,R 702,R 702,R 702,robot-coupe-food-processor-r-702-760,0.00,,"A multi-function machine designed for vegetable preparation and all round use!
- Cutter to chop, emulsify, knead, grind and prepare sauces
- Vegetable slicer to easily handle your daily preparation: slice, grate, ripple cut, julienne, French Fry and dice","A multi-function machine designed for vegetable preparation and all round use!
- Cutter to chop, emulsify, knead, grind and prepare sauces
- Vegetable slicer to easily handle your daily preparation: slice, grate, ripple cut, julienne, French Fry and dice",{},{},[],true,2025-04-26 18:17:35+00,2025-04-26 18:17:35+00
762,43,2,51,R 301 B Ultra,R 301 B Ultra,R 301 B Ultra,robot-coupe-food-processor-r-301-b-ultra-762,0.00,,"The must for pastry and kitchen chefs!
With its bowl-base twin-blade assembly - a Robot Coupe exclusivity - it is the Chef’s ideal assistant. Whether you need small or large quantitites, all your preparations can be made by just pressing a button: sauces, minced meat and fish, chopped onions, herbs and spices, ground nuts and chocolate, praline, kneading, etc...","The must for pastry and kitchen chefs!
With its bowl-base twin-blade assembly - a Robot Coupe exclusivity - it is the Chef’s ideal assistant. Whether you need small or large quantitites, all your preparations can be made by just pressing a button: sauces, minced meat and fish, chopped onions, herbs and spices, ground nuts and chocolate, praline, kneading, etc...",{},{},[],true,2025-04-26 18:31:47+00,2025-04-26 18:31:47+00
763,43,2,51,R 401 B,R 401 B,R 401 B,robot-coupe-food-processor-r-401-b-763,0.00,," The must for pastry and kitchen chefs!
With its bowl-base twin-blade assembly - a Robot Coupe exclusivity - it is the Chef’s ideal assistant. Whether you need small or large quantitites, all your preparations can be made by just pressing a button: sauces, minced meat and fish, chopped onions, herbs and spices, ground nuts and chocolate, praline, kneading, etc...","The must for pastry and kitchen chefs!
With its bowl-base twin-blade assembly - a Robot Coupe exclusivity - it is the Chef’s ideal assistant. Whether you need small or large quantitites, all your preparations can be made by just pressing a button: sauces, minced meat and fish, chopped onions, herbs and spices, ground nuts and chocolate, praline, kneading, etc... ",{},{},[],true,2025-04-26 18:35:46+00,2025-04-26 18:35:46+00
769,43,2,51,R 5 V.V.,R 5 V.V.,R 5 V.V.,robot-coupe-food-processor-r-5-vv-769,0.00,,"The must for pastry and kitchen chefs!
With its bowl-base twin-blade assembly - a Robot-Coupe innovation - it is the ideal assistant in your kitchen. All preparations can be made by simply pressing a button: emulsions and sauces; mince meat and fish; chop onions, herbs and spices; grind nuts, chocolate or praline; knead dough.","The must for pastry and kitchen chefs!
With its bowl-base twin-blade assembly - a Robot-Coupe innovation - it is the ideal assistant in your kitchen. All preparations can be made by simply pressing a button: emulsions and sauces; mince meat and fish; chop onions, herbs and spices; grind nuts, chocolate or praline; knead dough.",{},{},[],true,2025-04-27 18:58:12+00,2025-04-27 18:58:12+00
770,43,2,51,R 7 V.V.,R 7 V.V.,R 7 V.V.,robot-coupe-food-processor-r-7-vv-770,0.00,,"Variable speed for more flexible use and a greater variety of applications: 300 to 3500 rpm.
- R-Mix® function
To mix delicate ingredients without chopping.
The R-Mix ® function is designed for reverse rotation mixing at variable speed of 60 to 500 rpm to incorporate whole pieces of meat, crayfish tails, brunoises and diced vegetables to pates and terrines, whole raisins to buns, etc.","Variable speed for more flexible use and a greater variety of applications: 300 to 3500 rpm.
- R-Mix® function
To mix delicate ingredients without chopping.
The R-Mix ® function is designed for reverse rotation mixing at variable speed of 60 to 500 rpm to incorporate whole pieces of meat, crayfish tails, brunoises and diced vegetables to pates and terrines, whole raisins to buns, etc.",{},{},[],true,2025-04-27 19:01:19+00,2025-04-27 19:01:19+00
771,43,2,51,R 8,R 8,R 8,robot-coupe-food-processor-r-8-771,0.00,," This floor-standing cutter is a must for pastry and kitchen chefs processing large volumes!
With its bowl-base twin-blade assembly - a Robot-Coupe innovation - it is the ideal assistant in your kitchen. All preparations can be made by simply pressing a button: emulsions and sauces; mince meat and fish; chop onions, herbs and spices; grind nuts, chocolate or praline; knead dough.","This floor-standing cutter is a must for pastry and kitchen chefs processing large volumes!
With its bowl-base twin-blade assembly - a Robot-Coupe innovation - it is the ideal assistant in your kitchen. All preparations can be made by simply pressing a button: emulsions and sauces; mince meat and fish; chop onions, herbs and spices; grind nuts, chocolate or praline; knead dough.",{},{},[],true,2025-04-27 19:06:57+00,2025-12-08 13:04:47.773379+00
772,43,2,51,R 10,R 10,R 10,robot-coupe-food-processor-r-10-772,0.00,,"This floor-standing cutter is a must for pastry and kitchen chefs processing large volumes!
With its bowl-base twin-blade assembly - a Robot-Coupe innovation - it is the ideal assistant in your kitchen. All preparations can be made by simply pressing a button: emulsions and sauces; mince meat and fish; chop onions, herbs and spices; grind nuts, chocolate or praline; knead dough.","This floor-standing cutter is a must for pastry and kitchen chefs processing large volumes!
With its bowl-base twin-blade assembly - a Robot-Coupe innovation - it is the ideal assistant in your kitchen. All preparations can be made by simply pressing a button: emulsions and sauces; mince meat and fish; chop onions, herbs and spices; grind nuts, chocolate or praline; knead dough.",{},{},[],true,2025-04-27 19:15:10+00,2025-04-27 19:15:10+00
773,43,2,51,R15,R15,R15,robot-coupe-food-processor-r15-773,0.00,,"This floor-standing cutter is a must for pastry and kitchen chefs processing large volumes!
With its bowl-base twin-blade assembly - a Robot-Coupe innovation - it is the ideal assistant in your kitchen. All preparations can be made by simply pressing a button: emulsions and sauces; mince meat and fish; chop onions, herbs and spices; grind nuts, chocolate or praline; knead dough.","This floor-standing cutter is a must for pastry and kitchen chefs processing large volumes!
With its bowl-base twin-blade assembly - a Robot-Coupe innovation - it is the ideal assistant in your kitchen. All preparations can be made by simply pressing a button: emulsions and sauces; mince meat and fish; chop onions, herbs and spices; grind nuts, chocolate or praline; knead dough.",{},{},[],true,2025-04-27 19:19:00+00,2025-12-08 13:04:47.773379+00
774,43,2,51,R20,R20,R20,robot-coupe-food-processor-r20-774,0.00,,"This floor-standing cutter is a must for pastry and kitchen chefs processing large volumes!
With its bowl-base twin-blade assembly - a Robot-Coupe innovation - it is the ideal assistant in your kitchen. All preparations can be made by simply pressing a button: emulsions and sauces; mince meat and fish; chop onions, herbs and spices; grind nuts, chocolate or praline; knead dough.","This floor-standing cutter is a must for pastry and kitchen chefs processing large volumes!
With its bowl-base twin-blade assembly - a Robot-Coupe innovation - it is the ideal assistant in your kitchen. All preparations can be made by simply pressing a button: emulsions and sauces; mince meat and fish; chop onions, herbs and spices; grind nuts, chocolate or praline; knead dough.",{},{},[],true,2025-04-27 19:33:47+00,2025-04-27 19:33:47+00
775,43,2,51,R30 T,R30 T,R30 T,robot-coupe-food-processor-r30-t-775,0.00,,"This top of the range floor-standing cutter is a must for manufacturers or pastry and kitchen chefs processing large volumes!
With its bowl-base twin-blade assembly - a Robot-Coupe innovation - it is the ideal assistant in your kitchen. All preparations can be made by simply pressing a button: emulsions and sauces; mince meat and fish; chop onions, herbs and spices; grind nuts, chocolate or praline; knead dough.","This top of the range floor-standing cutter is a must for manufacturers or pastry and kitchen chefs processing large volumes!
With its bowl-base twin-blade assembly - a Robot-Coupe innovation - it is the ideal assistant in your kitchen. All preparations can be made by simply pressing a button: emulsions and sauces; mince meat and fish; chop onions, herbs and spices; grind nuts, chocolate or praline; knead dough.",{},{},[],true,2025-04-27 19:42:55+00,2025-04-27 19:42:55+00
776,43,2,51,R45 T,R45 T,R45 T,robot-coupe-food-processor-r45-t-776,0.00,,"This top of the range floor-standing cutter is a must for manufacturers or pastry and kitchen chefs processing large volumes!
With its bowl-base twin-blade assembly - a Robot-Coupe innovation - it is the ideal assistant in your kitchen. All preparations can be made by simply pressing a button: emulsions and sauces; mince meat and fish; chop onions, herbs and spices; grind nuts, chocolate or praline; knead dough.","This top of the range floor-standing cutter is a must for manufacturers or pastry and kitchen chefs processing large volumes!
With its bowl-base twin-blade assembly - a Robot-Coupe innovation - it is the ideal assistant in your kitchen. All preparations can be made by simply pressing a button: emulsions and sauces; mince meat and fish; chop onions, herbs and spices; grind nuts, chocolate or praline; knead dough.",{},{},[],true,2025-04-27 19:46:48+00,2025-04-27 19:46:48+00
777,43,2,51,R60 T,R60 T,R60 T,robot-coupe-food-processor-r60-t-777,0.00,,"This top of the range floor-standing cutter is a must for manufacturers or pastry and kitchen chefs processing large volumes!
With its bowl-base twin-blade assembly - a Robot-Coupe innovation - it is the ideal assistant in your kitchen. All preparations can be made by simply pressing a button: emulsions and sauces; mince meat and fish; chop onions, herbs and spices; grind nuts, chocolate or praline; knead dough.","This top of the range floor-standing cutter is a must for manufacturers or pastry and kitchen chefs processing large volumes!
With its bowl-base twin-blade assembly - a Robot-Coupe innovation - it is the ideal assistant in your kitchen. All preparations can be made by simply pressing a button: emulsions and sauces; mince meat and fish; chop onions, herbs and spices; grind nuts, chocolate or praline; knead dough.",{},{},[],true,2025-04-27 19:50:11+00,2025-04-27 19:50:11+00
778,43,2,51,Blixer® 2,Blixer® 2,Blixer® 2,robot-coupe-food-processor-blixer-2-778,0.00,," The Blixer®, especially designed for the healthcare sector, turns raw products into texture modified foods.
All foods, whether raw or cooked, sweet or savoury, whether entrees or mains, dessert or cheese, can be eaten by everyone at the table, even the most elderly.
Ideal for processing the ingredients for a single portion.","The Blixer®, especially designed for the healthcare sector, turns raw products into texture modified foods.
All foods, whether raw or cooked, sweet or savoury, whether entrees or mains, dessert or cheese, can be eaten by everyone at the table, even the most elderly.
Ideal for processing the ingredients for a single portion.",{},{},[],true,2025-04-27 19:55:19+00,2025-12-08 13:04:47.773379+00
779,43,2,51,Blixer® 3,Blixer® 3,Blixer® 3,robot-coupe-food-processor-blixer-3-779,0.00,,"The Blixer®, especially designed for the healthcare sector, turns raw products into texture modified foods.
All foods, whether raw or cooked, sweet or savoury, whether entrees or mains, dessert or cheese, can be eaten by everyone at the table, even the most elderly.
Ideal for processing 2-10 portions","The Blixer®, especially designed for the healthcare sector, turns raw products into texture modified foods.
All foods, whether raw or cooked, sweet or savoury, whether entrees or mains, dessert or cheese, can be eaten by everyone at the table, even the most elderly.
Ideal for processing 2-10 portions",{},{},[],true,2025-04-27 19:59:08+00,2025-12-08 13:04:47.773379+00
780,43,2,51,Blixer® 4,Blixer® 4,Blixer® 4,robot-coupe-food-processor-blixer-4-780,0.00,," Industrial induction motor for heavy duty use guarantees durability and reliability.
- Motor built on ball bearings for silent running without vibration
- Direct drive motor:
  • Extra power
  • No belts
  • No maintenance
- No brushes
- Stainless steel motor shaft"," Industrial induction motor for heavy duty use guarantees durability and reliability.
- Motor built on ball bearings for silent running without vibration
- Direct drive motor:
  • Extra power
  • No belts
  • No maintenance
- No brushes
- Stainless steel motor shaft",{},{},[],true,2025-04-27 20:03:23+00,2025-12-08 13:04:47.773379+00
781,43,2,51,Blixer® 5,Blixer® 5,Blixer® 5,robot-coupe-food-processor-blixer-5-781,0.00,,"The Blixer®, especially designed for the healthcare sector, turns raw products into texture modified foods.
All foods, whether raw or cooked, sweet or savoury, whether entrees or mains, dessert or cheese, can be eaten by everyone at the table, even the most elderly.
Ideal for processing 3-20 portions","The Blixer®, especially designed for the healthcare sector, turns raw products into texture modified foods.
All foods, whether raw or cooked, sweet or savoury, whether entrees or mains, dessert or cheese, can be eaten by everyone at the table, even the most elderly.
Ideal for processing 3-20 portions",{},{},[],true,2025-04-27 20:09:03+00,2025-04-27 20:09:03+00
782,43,2,51,Blixer 5 V.V.,Blixer 5 V.V.,Blixer 5 V.V.,robot-coupe-food-processor-blixer-5-vv-782,0.00,,"The Blixer®, especially designed for the healthcare sector, turns raw products into texture modified foods.
All foods, whether raw or cooked, sweet or savoury, whether entrees or mains, dessert or cheese, can be eaten by everyone at the table, even the most elderly.
Ideal for processing 3-20 portions","The Blixer®, especially designed for the healthcare sector, turns raw products into texture modified foods.
All foods, whether raw or cooked, sweet or savoury, whether entrees or mains, dessert or cheese, can be eaten by everyone at the table, even the most elderly.
Ideal for processing 3-20 portions",{},{},[],true,2025-04-27 20:13:45+00,2025-04-27 20:13:45+00
783,43,2,51,Blixer 7,Blixer 7,Blixer 7,robot-coupe-food-processor-blixer-7-783,0.00,,"The Blixer®, especially designed for the healthcare sector, turns raw products into texture modified foods.
All foods, whether raw or cooked, sweet or savoury, whether entrees or mains, dessert or cheese, can be eaten by everyone at the table, even the most elderly.
Ideal for processing 3-25 portions","The Blixer®, especially designed for the healthcare sector, turns raw products into texture modified foods.
All foods, whether raw or cooked, sweet or savoury, whether entrees or mains, dessert or cheese, can be eaten by everyone at the table, even the most elderly.
Ideal for processing 3-25 portions",{},{},[],true,2025-04-27 20:20:50+00,2025-04-27 20:20:50+00
784,43,2,51,Blixer® 7 V.V.,Blixer® 7 V.V.,Blixer® 7 V.V.,robot-coupe-food-processor-blixer-7-vv-784,0.00,,"The Blixer®, especially designed for the healthcare sector, turns raw products into texture modified foods.
All foods, whether raw or cooked, sweet or savoury, whether entrees or mains, dessert or cheese, can be eaten by everyone at the table, even the most elderly.
Ideal for processing 3-25 portions","The Blixer®, especially designed for the healthcare sector, turns raw products into texture modified foods.
All foods, whether raw or cooked, sweet or savoury, whether entrees or mains, dessert or cheese, can be eaten by everyone at the table, even the most elderly.
Ideal for processing 3-25 portions",{},{},[],true,2025-04-27 20:25:13+00,2025-04-27 20:25:13+00
785,43,2,51,Blixer 8,Blixer 8,Blixer 8,robot-coupe-food-processor-blixer-8-785,0.00,,"Ideal for processing 5 - 28 portions. 
Our single-speed unit when higher output is needed. Designed to assist the healthcare sector with the preparation of texture modified meals for their residents. All foods, whether raw or cooked, sweet or savoury, whether entrees or mains, dessert or cheese, can be processed to various texture levels.","Ideal for processing 5 - 28 portions. 
Our single-speed unit when higher output is needed. Designed to assist the healthcare sector with the preparation of texture modified meals for their residents. All foods, whether raw or cooked, sweet or savoury, whether entrees or mains, dessert or cheese, can be processed to various texture levels.",{},{},[],true,2025-04-27 20:31:23+00,2025-12-08 13:04:47.773379+00
786,62,2,51,Hatco HDW-1B,Hatco HDW-1B,Hatco HDW-1B,hatco-food-processor-hatco-hdw-1b-786,10900.00,,"Available in narrow and standard widths
Adjustable sliding vents on each drawer
Heavy-duty drawer slides with nylon rollers
Unit comes with 4' (1219 mm) flexible conduit
Two-year parts warranty on heating elements and drawer rollers and slides
Completely insulated individual cavities provide maximum energy efficiency
Each drawer has a recessed individual thermostatic control, temperature monitor, and On/Off switch
The pan supplied with each drawer lifts straight out of standard width Drawer Warmers - 20.75"" x 12.75"" x 6"" (527 x 324 x 152 mm)","Available in narrow and standard widths
Adjustable sliding vents on each drawer
Heavy-duty drawer slides with nylon rollers
Unit comes with 4' (1219 mm) flexible conduit
Two-year parts warranty on heating elements and drawer rollers and slides
Completely insulated individual cavities provide maximum energy efficiency
Each drawer has a recessed individual thermostatic control, temperature monitor, and On/Off switch
The pan supplied with each drawer lifts straight out of standard width Drawer Warmers - 20.75"" x 12.75"" x 6"" (527 x 324 x 152 mm)",{},{},[],true,2025-04-30 12:30:47+00,2025-12-08 13:04:47.773379+00
787,46,8,76,TSR-72SD-N,"Solid Full Door ",TSR-72SD-N,turbo-air-commercial-refrigerator-tsr-72sd-n-787,0.00,,"Refrigerator holds 33°F ~ 38°F for the best in food preservation

STANDARD FEATURES
• Anti-corrosion coated evaporator
• Door locks
• Positive seal self-closing doors
• Easy replaceable one piece magnetic door gaskets
• Self-contained system
• Solid and sturdy grille design
• 4 dia. swivel casters with locks on the front set","Refrigerator holds 33°F ~ 38°F for the best in food preservation

STANDARD FEATURES
• Anti-corrosion coated evaporator
• Door locks
• Positive seal self-closing doors
• Easy replaceable one piece magnetic door gaskets
• Self-contained system
• Solid and sturdy grille design
• 4″ dia. swivel casters with locks on the front set",{},{},[],true,2025-05-03 11:41:28+00,2025-05-03 11:41:28+00
788,46,8,76,PRO-26-2H,Solid Half Door,PRO-26-2H,turbo-air-commercial-refrigerator-pro-26-2h-788,0.00,,"• Door locks
• 4” dia. swivel casters with locks on the front set
• Easy replaceable one piece magnetic door gaskets
• Solid and sturdy grille design","• Door locks
• 4” dia. swivel casters with locks on the front set
• Easy replaceable one piece magnetic door gaskets
• Solid and sturdy grille design",{},{},[],true,2025-05-03 11:44:05+00,2025-05-03 11:44:05+00
790,46,8,76,PRO-26-2H-PT,Solid Full / Half Door,PRO-26-2H-PT,turbo-air-commercial-refrigerator-pro-26-2h-pt-790,0.00,,"• Door locks
• 4” dia. swivel casters with locks on the front set
• Easy replaceable one piece magnetic door gaskets
• Solid and sturdy grille design","• Door locks
• 4” dia. swivel casters with locks on the front set
• Easy replaceable one piece magnetic door gaskets
• Solid and sturdy grille design",{},{},[],true,2025-05-03 11:51:52+00,2025-05-03 11:51:52+00
791,46,8,76,PRO-26-2H2-G,Glass Half Door,PRO-26-2H2-G,turbo-air-commercial-refrigerator-pro-26-2h2-g-791,0.00,," Door locks
• 4” dia. swivel casters with locks on the front set
• Easy replaceable one piece magnetic door gaskets
• Solid and sturdy grille design"," Door locks
• 4” dia. swivel casters with locks on the front set
• Easy replaceable one piece magnetic door gaskets
• Solid and sturdy grille design",{},{},[],true,2025-05-03 11:56:13+00,2025-05-03 11:56:13+00
792,46,8,76,Glass Full Half Door,Glass Full Half Door,PRO-26-2H2-G-PT(-L),turbo-air-commercial-refrigerator-pro-26-2h2-g-pt-l-792,0.00,,"• Door locks
• 4” dia. swivel casters with locks on the front set
• Easy replaceable one piece magnetic door gaskets
• Solid and sturdy grille design","• Door locks
• 4” dia. swivel casters with locks on the front set
• Easy replaceable one piece magnetic door gaskets
• Solid and sturdy grille design",{},{},[],true,2025-05-03 12:04:51+00,2025-05-03 12:04:51+00
794,41,5,68,ECM 127,ECM 127,ECM 127 Ice Machine,scotsman-ice-maker-ecm-127-ice-machine-794,9600.00,,"This spec sheet is meant for commercial purpose only.
For technical documentation please refer to our service manuals.
CERTIFICATIONS
INTERNAL BIN
CAPACITY
39 kg
Self Contained Ice Machine 75 kg
R290
230/50/1
Air cooled
• Produces individual Gourmet crystal clear ice cubes.
• Resistant stainless steel exterior.
• Advanced diagnostics computerized controls.
• Front panel in and out airflow (air-cooled model only) for built-in installation.
• Front access condenser air filter, removable and washable (air cooled
version only).
• Routine maintenance visible alarm light on front panel. Water system
protected by patented anti-scale system.
• Ergonomically designed ice storage access, with disappearing door. Door-
closing movement dampening system.
• PWD - Progressive Water Discharge: pumps excess residual water up to a
distance of 15 meters.
• XSafe: natural sanitation system, integrated inside the ice maker and operating
automatically 24/7 to keep equipment clean & safe.
Self Contained Ice Machine 75 kg
Minimum Maximum
Air temperature 10 43
Water temperature 5 38
Water pressure 1 bar (14 psi) 5 bar (70 psi)
Electrical voltage -10% +10%
EC M 127
Medium Gourmet 20 g
Ø 30 x H 34 mm","This spec sheet is meant for commercial purpose only.
For technical documentation please refer to our service manuals.
CERTIFICATIONS
INTERNAL BIN
CAPACITY
39 kg
Self Contained Ice Machine 75 kg
R290
230/50/1
Air cooled
• Produces individual Gourmet crystal clear ice cubes.
• Resistant stainless steel exterior.
• Advanced diagnostics computerized controls.
• Front panel in and out airflow (air-cooled model only) for built-in installation.
• Front access condenser air filter, removable and washable (air cooled
version only).
• Routine maintenance visible alarm light on front panel. Water system
protected by patented anti-scale system.
• Ergonomically designed ice storage access, with disappearing door. Door-
closing movement dampening system.
• PWD - Progressive Water Discharge: pumps excess residual water up to a
distance of 15 meters.
• XSafe: natural sanitation system, integrated inside the ice maker and operating
automatically 24/7 to keep equipment clean & safe.
Self Contained Ice Machine 75 kg
Minimum Maximum
Air temperature 10 43
Water temperature 5 38
Water pressure 1 bar (14 psi) 5 bar (70 psi)
Electrical voltage -10% +10%
EC M 127
Medium Gourmet 20 g
Ø 30 x H 34 mm",{},{},[],true,2025-05-10 13:46:22+00,2025-12-08 13:04:47.773379+00
799,23,2,51,Tenderizer PRO-9HD1/2,Tenderizer PRO-9HD1/2,Tenderizer PRO-9HD1/2,biro-food-processor-tenderizer-pro-9hd12-799,22500.00,,"The PRO-9 Series machines are merchandising centers and offer great versatility. Use the Standard Tenderizer Cradle assembly to tenderize and knit beef products. The Strip Cutting assembly for strip cutting of beef and chicken stir-fry products, or for fajitas and julienne for salads, beef jerky strips, and beef cubing for kabobs and stews. The Star Roller assembly can punch 1/8” lasting holes in beef patties to make the beef more tender and reduce cooking time up to 40%.

Use multiple surface Scoring Rollers to enhance eye-appealing beef patties. Use the specially designed Cutlet Tenderizer Roller assembly to enhance the texture and tenderness of veal, chicken breasts, veal parmesan, veal scalopini, or squid by gently piercing the product without tearing. The PRO-9 Series machines help merchandise product by adding value to less expensive, less desirable, and less tender products, thereby enhancing your profit margin.

Models	Pro-9SD 1/2HP	Pro-9HD 1/2HP	Pro-9HD 3/4HP
Electrical Supply	5 (1524mm) 3 wire power cord • on 115V, 3 prong ground plug • on 220V – less plug
Construction	Stainless steel case, case top • lexan transparent safety feed cover • coated steel frame
Safety Switch	Motor shuts down when safety feed cover is raised
Transmission Drive	Poly flex double v-belt
Transmission: Alum., Oil bath	Bronze sleeve bearings • fiber drive gear	Ball bearings • steel gears
Roller Speeds	105 R.P.M. Std.	115 R.P.M. Standard 140 R.P.M. Optional – No Cost
Certifications	N.S.F. • U.S.D.A. • U.L. • C.S.A. • C.F.I.A.
Standard Features	TA3130 Dual purpose tenderizing/knitting assembly • operating and safety manual
Options:	Heavy duty rigid S.S. combs • stainless steel safety cover • cradle storage box
Weights: Approximate – depending on options
unpacked	69 lbs. (31 kg)	70 lbs. (32 kg)	73 lbs. (33.1 kg)
packed	76 lbs. (34 kg)	78 lbs. (35 kg)	80 lbs. (36 kg)
Dimensions packed	L = 20” (508mm) x W = 19” (483mm) x H = 21” (533.4mm)","The PRO-9 Series machines are merchandising centers and offer great versatility. Use the Standard Tenderizer Cradle assembly to tenderize and knit beef products. The Strip Cutting assembly for strip cutting of beef and chicken stir-fry products, or for fajitas and julienne for salads, beef jerky strips, and beef cubing for kabobs and stews. The Star Roller assembly can punch 1/8” lasting holes in beef patties to make the beef more tender and reduce cooking time up to 40%.

Use multiple surface Scoring Rollers to enhance eye-appealing beef patties. Use the specially designed Cutlet Tenderizer Roller assembly to enhance the texture and tenderness of veal, chicken breasts, veal parmesan, veal scalopini, or squid by gently piercing the product without tearing. The PRO-9 Series machines help merchandise product by adding value to less expensive, less desirable, and less tender products, thereby enhancing your profit margin.

Models	Pro-9SD 1/2HP	Pro-9HD 1/2HP	Pro-9HD 3/4HP
Electrical Supply	5′ (1524mm) 3 wire power cord • on 115V, 3 prong ground plug • on 220V – less plug
Construction	Stainless steel case, case top • lexan transparent safety feed cover • coated steel frame
Safety Switch	Motor shuts down when safety feed cover is raised
Transmission Drive	Poly flex double v-belt
Transmission: Alum., Oil bath	Bronze sleeve bearings • fiber drive gear	Ball bearings • steel gears
Roller Speeds	105 R.P.M. Std.	115 R.P.M. Standard 140 R.P.M. Optional – No Cost
Certifications	N.S.F. • U.S.D.A. • U.L. • C.S.A. • C.F.I.A.
Standard Features	TA3130 Dual purpose tenderizing/knitting assembly • operating and safety manual
Options:	Heavy duty rigid S.S. combs • stainless steel safety cover • cradle storage box
Weights: Approximate – depending on options
unpacked	69 lbs. (31 kg)	70 lbs. (32 kg)	73 lbs. (33.1 kg)
packed	76 lbs. (34 kg)	78 lbs. (35 kg)	80 lbs. (36 kg)
Dimensions packed	L = 20” (508mm) x W = 19” (483mm) x H = 21” (533.4mm)",{},{},[],true,2025-06-16 12:08:15+00,2025-06-16 12:08:15+00
800,62,2,48,HCSBFR 24 S,HCSBFR‐24‐S,HCSBFR-24 S,hatco-cooking-ranges-hcsbfr-24-s-800,36000.00,,"Give your operation ultimate flexibility with Hatco's
innovative, patented Hot/Cold Shelves Built-In Flush Top.
Available in our signature Hardcoat, they easily transition
between a heated to cold and cold to heated shelf!
The HCSBFR, HCSBFX Remote (R or X) models have the
added benefit of offering design flexibility for fabricators.
Standard features
• The shelves change modes from hot to cold or vice versa in as little
as 30 minutes, allowing quick change for different day parts
• HCSBFR units have unattached Condenser and Control Box
HCSBFX units have no Condenser (condenser supplied by others)
and unattached Control Box
• HCSSBFR condensers utilize R-513A refrigerant and
HCSSBFX models allow shelves to be cooled with other refrigerants
• Condensing unit features easy serviceability with sight glass, service
valves, dryer/filter and receiver (HCSBFR models only)
• Patented thermal break reduces condensation and temperature
transfer on adjacent surfaces
• All units have an Electronic Temperature Control Box with a
4' (1219 mm) lead wire (Standard)
• All models are hardcoat aluminum, top mount units
• All shelves match the GRSBF Heated Built-In Shelves for an
integrated look
• Models shipped with shelf assembly with temperature probe,
assembled TXV valve (shipped loose on HCSBFR, HCSBFX models),
control box (shipped loose on HCSBFR, HCSBFX models), liquid line
solenoid valve attached to shelf (HCSBFX models only) and HCSBFR
models include condensing unit (shipped loose)
• All models not available with CE Mark","Give your operation ultimate flexibility with Hatco's
innovative, patented Hot/Cold Shelves Built-In Flush Top.
Available in our signature Hardcoat, they easily transition
between a heated to cold and cold to heated shelf!
The HCSBFR, HCSBFX Remote (R or X) models have the
added benefit of offering design flexibility for fabricators.
Standard features
• The shelves change modes from hot to cold or vice versa in as little
as 30 minutes, allowing quick change for different day parts
• HCSBFR units have unattached Condenser and Control Box
HCSBFX units have no Condenser (condenser supplied by others)
and unattached Control Box
• HCSSBFR condensers utilize R-513A refrigerant and
HCSSBFX models allow shelves to be cooled with other refrigerants
• Condensing unit features easy serviceability with sight glass, service
valves, dryer/filter and receiver (HCSBFR models only)
• Patented thermal break reduces condensation and temperature
transfer on adjacent surfaces
• All units have an Electronic Temperature Control Box with a
4' (1219 mm) lead wire (Standard)
• All models are hardcoat aluminum, top mount units
• All shelves match the GRSBF Heated Built-In Shelves for an
integrated look
• Models shipped with shelf assembly with temperature probe,
assembled TXV valve (shipped loose on HCSBFR, HCSBFX models),
control box (shipped loose on HCSBFR, HCSBFX models), liquid line
solenoid valve attached to shelf (HCSBFX models only) and HCSBFR
models include condensing unit (shipped loose)
• All models not available with CE Mark",{},{},[],true,2025-06-27 13:09:55+00,2025-12-08 13:04:47.773379+00
801,62,2,48,Hot/Cold Shelves,HCSBFR‐48‐S,HCSBFR?48?S,hatco-cooking-ranges-hcsbfr48s-801,46000.00,,"Give your operation ultimate flexibility with Hatco's
innovative, patented Hot/Cold Shelves Built-In Flush Top.
Available in our signature Hardcoat, they easily transition
between a heated to cold and cold to heated shelf!
The HCSBFR, HCSBFX Remote (R or X) models have the
added benefit of offering design flexibility for fabricators.
Standard features
• The shelves change modes from hot to cold or vice versa in as little
as 30 minutes, allowing quick change for different day parts
• HCSBFR units have unattached Condenser and Control Box
HCSBFX units have no Condenser (condenser supplied by others)
and unattached Control Box
• HCSSBFR condensers utilize R-513A refrigerant and
HCSSBFX models allow shelves to be cooled with other refrigerants
• Condensing unit features easy serviceability with sight glass, service
valves, dryer/filter and receiver (HCSBFR models only)
• Patented thermal break reduces condensation and temperature
transfer on adjacent surfaces
• All units have an Electronic Temperature Control Box with a
4' (1219 mm) lead wire (Standard)
• All models are hardcoat aluminum, top mount units
• All shelves match the GRSBF Heated Built-In Shelves for an
integrated look
• Models shipped with shelf assembly with temperature probe,
assembled TXV valve (shipped loose on HCSBFR, HCSBFX models),
control box (shipped loose on HCSBFR, HCSBFX models), liquid line
solenoid valve attached to shelf (HCSBFX models only) and HCSBFR
models include condensing unit (shipped loose)
• All models not available with CE Mark","Give your operation ultimate flexibility with Hatco's
innovative, patented Hot/Cold Shelves Built-In Flush Top.
Available in our signature Hardcoat, they easily transition
between a heated to cold and cold to heated shelf!
The HCSBFR, HCSBFX Remote (R or X) models have the
added benefit of offering design flexibility for fabricators.
Standard features
• The shelves change modes from hot to cold or vice versa in as little
as 30 minutes, allowing quick change for different day parts
• HCSBFR units have unattached Condenser and Control Box
HCSBFX units have no Condenser (condenser supplied by others)
and unattached Control Box
• HCSSBFR condensers utilize R-513A refrigerant and
HCSSBFX models allow shelves to be cooled with other refrigerants
• Condensing unit features easy serviceability with sight glass, service
valves, dryer/filter and receiver (HCSBFR models only)
• Patented thermal break reduces condensation and temperature
transfer on adjacent surfaces
• All units have an Electronic Temperature Control Box with a
4' (1219 mm) lead wire (Standard)
• All models are hardcoat aluminum, top mount units
• All shelves match the GRSBF Heated Built-In Shelves for an
integrated look
• Models shipped with shelf assembly with temperature probe,
assembled TXV valve (shipped loose on HCSBFR, HCSBFX models),
control box (shipped loose on HCSBFR, HCSBFX models), liquid line
solenoid valve attached to shelf (HCSBFX models only) and HCSBFR
models include condensing unit (shipped loose)
• All models not available with CE Mark",{},{},[],true,2025-06-27 13:13:54+00,2025-12-08 13:04:47.773379+00